path,family,variant,width x height,bytes,sha256,tool and version,source master,UTC rendered,verdict,issues,colourway,background,scale,format,ledger_version,batch,candidate,judge (photo/logo/sem/consistency/crop/no-change)
dist/brand/lockups/athar-lockup-bilingual-horizontal-navy-on-transparent@1x.png,1 primary-lockups,bilingual-horizontal,1646 x 514,23220,65f533e5335554a7138fb716f338a8433edbfda276d14c62f834dd9c0feee138,resvg-js 2.6.2 (resvg 0.40.0) + sharp 0.34.3/libvips 8.17.1,rendered-assets-v1.5.0/dist/brand/monogram/athar-monogram-light.svg (<- Athar_Package 02 Logo/SVG/Athar_Logo_Monogram.svg) | rendered-assets-v1.5.0/dist/brand/wordmark/athar-wordmark-light.svg (<- Athar_Package 02 Logo/SVG/Athar_Logo_Horizontal.svg wordmark),2026-09-30T01:18:44Z,PASS,,navy,transparent,1,png,v1.5.1 (carried),,,
dist/brand/lockups/athar-lockup-bilingual-horizontal-navy-on-transparent@1x.webp,1 primary-lockups,bilingual-horizontal,1646 x 514,7426,2bd83c0b5ad1d5ac90c9af9078d9f62f51797376e433f1b46c13de49aa9be356,resvg-js 2.6.2 + sharp 0.34.3 (WebP),rendered-assets-v1.5.0/dist/brand/monogram/athar-monogram-light.svg (<- Athar_Package 02 Logo/SVG/Athar_Logo_Monogram.svg) | rendered-assets-v1.5.0/dist/brand/wordmark/athar-wordmark-light.svg (<- Athar_Package 02 Logo/SVG/Athar_Logo_Horizontal.svg wordmark),2026-09-30T01:18:44Z,PASS,,navy,transparent,1,webp,v1.5.1 (carried),,,
dist/brand/lockups/athar-lockup-bilingual-horizontal-navy-on-transparent@2x.png,1 primary-lockups,bilingual-horizontal,3292 x 1028,54312,0ed8735f08b34e6a0bee2ff9042d394570e8ac99e7ca9c7f2c92a2dc6f82e8c9,resvg-js 2.6.2 (resvg 0.40.0) + sharp 0.34.3/libvips 8.17.1,rendered-assets-v1.5.0/dist/brand/monogram/athar-monogram-light.svg (<- Athar_Package 02 Logo/SVG/Athar_Logo_Monogram.svg) | rendered-assets-v1.5.0/dist/brand/wordmark/athar-wordmark-light.svg (<- Athar_Package 02 Logo/SVG/Athar_Logo_Horizontal.svg wordmark),2026-09-30T01:18:45Z,PASS,,navy,transparent,2,png,v1.5.1 (carried),,,
dist/brand/lockups/athar-lockup-bilingual-horizontal-navy-on-transparent@2x.webp,1 primary-lockups,bilingual-horizontal,3292 x 1028,15154,cd1e76ad9f916d0606bfe06441954ebd8d1f6dea8b352f304d9f6529bde2dbba,resvg-js 2.6.2 + sharp 0.34.3 (WebP),rendered-assets-v1.5.0/dist/brand/monogram/athar-monogram-light.svg (<- Athar_Package 02 Logo/SVG/Athar_Logo_Monogram.svg) | rendered-assets-v1.5.0/dist/brand/wordmark/athar-wordmark-light.svg (<- Athar_Package 02 Logo/SVG/Athar_Logo_Horizontal.svg wordmark),2026-09-30T01:18:45Z,PASS,,navy,transparent,2,webp,v1.5.1 (carried),,,
dist/brand/lockups/athar-lockup-bilingual-horizontal-navy-on-transparent@3x.png,1 primary-lockups,bilingual-horizontal,4938 x 1542,95099,b82de87dfaab25ee6bdd480ab0df04fd342820bd1cf3e56724ccd552eaaba8e1,resvg-js 2.6.2 (resvg 0.40.0) + sharp 0.34.3/libvips 8.17.1,rendered-assets-v1.5.0/dist/brand/monogram/athar-monogram-light.svg (<- Athar_Package 02 Logo/SVG/Athar_Logo_Monogram.svg) | rendered-assets-v1.5.0/dist/brand/wordmark/athar-wordmark-light.svg (<- Athar_Package 02 Logo/SVG/Athar_Logo_Horizontal.svg wordmark),2026-09-30T01:18:46Z,PASS,,navy,transparent,3,png,v1.5.1 (carried),,,
dist/brand/lockups/athar-lockup-bilingual-horizontal-navy-on-transparent@3x.webp,1 primary-lockups,bilingual-horizontal,4938 x 1542,23442,8092631b4bc51c1cf51cc7c3f5a01c725185e6dfb1011db37211c6210e6c6aae,resvg-js 2.6.2 + sharp 0.34.3 (WebP),rendered-assets-v1.5.0/dist/brand/monogram/athar-monogram-light.svg (<- Athar_Package 02 Logo/SVG/Athar_Logo_Monogram.svg) | rendered-assets-v1.5.0/dist/brand/wordmark/athar-wordmark-light.svg (<- Athar_Package 02 Logo/SVG/Athar_Logo_Horizontal.svg wordmark),2026-09-30T01:18:46Z,PASS,,navy,transparent,3,webp,v1.5.1 (carried),,,
dist/brand/lockups/athar-lockup-bilingual-horizontal-navy-on-transparent.svg,1 primary-lockups,bilingual-horizontal,1646 x 514,8358,d484a9f5b6ef5791e6a5ad349a25c29c86154f78ce726df05bc21177a77db3ce,svgo 4.1.0 (safe config),rendered-assets-v1.5.0/dist/brand/monogram/athar-monogram-light.svg (<- Athar_Package 02 Logo/SVG/Athar_Logo_Monogram.svg) | rendered-assets-v1.5.0/dist/brand/wordmark/athar-wordmark-light.svg (<- Athar_Package 02 Logo/SVG/Athar_Logo_Horizontal.svg wordmark),2026-09-30T01:19:44Z,PASS,,navy,transparent,1,svg,v1.5.1 (carried),,,
dist/brand/lockups/athar-lockup-bilingual-horizontal-navy-on-transparent.pdf,1 primary-lockups,bilingual-horizontal,1646 x 514,7230,6cc9cb627dc1150ed0604dfc3b682d56ecc90ebf1f0c8637086865b0cd0e412c,PyMuPDF 1.28.2 (MuPDF SVG->PDF),rendered-assets-v1.5.0/dist/brand/monogram/athar-monogram-light.svg (<- Athar_Package 02 Logo/SVG/Athar_Logo_Monogram.svg) | rendered-assets-v1.5.0/dist/brand/wordmark/athar-wordmark-light.svg (<- Athar_Package 02 Logo/SVG/Athar_Logo_Horizontal.svg wordmark),2026-09-30T01:19:44Z,PASS,,navy,transparent,1,pdf,v1.5.1 (carried),,,
dist/brand/lockups/athar-lockup-bilingual-horizontal-navy-on-ivory@1x.png,1 primary-lockups,bilingual-horizontal,1646 x 514,22018,bc9be86320812af7e61bd7a591703aaa5a56656ab73fa67c6b3090279a82b840,resvg-js 2.6.2 (resvg 0.40.0) + sharp 0.34.3/libvips 8.17.1,rendered-assets-v1.5.0/dist/brand/monogram/athar-monogram-light.svg (<- Athar_Package 02 Logo/SVG/Athar_Logo_Monogram.svg) | rendered-assets-v1.5.0/dist/brand/wordmark/athar-wordmark-light.svg (<- Athar_Package 02 Logo/SVG/Athar_Logo_Horizontal.svg wordmark),2026-09-30T01:18:46Z,PASS,,navy,ivory,1,png,v1.5.1 (carried),,,
dist/brand/lockups/athar-lockup-bilingual-horizontal-navy-on-ivory@1x.webp,1 primary-lockups,bilingual-horizontal,1646 x 514,7416,ff9880c3d65bea962e5609632880ed161f3e3654ae7507a565b565d96685a194,resvg-js 2.6.2 + sharp 0.34.3 (WebP),rendered-assets-v1.5.0/dist/brand/monogram/athar-monogram-light.svg (<- Athar_Package 02 Logo/SVG/Athar_Logo_Monogram.svg) | rendered-assets-v1.5.0/dist/brand/wordmark/athar-wordmark-light.svg (<- Athar_Package 02 Logo/SVG/Athar_Logo_Horizontal.svg wordmark),2026-09-30T01:18:46Z,PASS,,navy,ivory,1,webp,v1.5.1 (carried),,,
dist/brand/lockups/athar-lockup-bilingual-horizontal-navy-on-ivory@2x.png,1 primary-lockups,bilingual-horizontal,3292 x 1028,52063,babc0f2b67a96fda24d0303be540297f58d1577ca06bd962630ebb289b8bbb8f,resvg-js 2.6.2 (resvg 0.40.0) + sharp 0.34.3/libvips 8.17.1,rendered-assets-v1.5.0/dist/brand/monogram/athar-monogram-light.svg (<- Athar_Package 02 Logo/SVG/Athar_Logo_Monogram.svg) | rendered-assets-v1.5.0/dist/brand/wordmark/athar-wordmark-light.svg (<- Athar_Package 02 Logo/SVG/Athar_Logo_Horizontal.svg wordmark),2026-09-30T01:18:47Z,PASS,,navy,ivory,2,png,v1.5.1 (carried),,,
dist/brand/lockups/athar-lockup-bilingual-horizontal-navy-on-ivory@2x.webp,1 primary-lockups,bilingual-horizontal,3292 x 1028,15112,a234a14fb80e3cecaa2cd07bda027009f726502ed154282d9207e2e82e34ec56,resvg-js 2.6.2 + sharp 0.34.3 (WebP),rendered-assets-v1.5.0/dist/brand/monogram/athar-monogram-light.svg (<- Athar_Package 02 Logo/SVG/Athar_Logo_Monogram.svg) | rendered-assets-v1.5.0/dist/brand/wordmark/athar-wordmark-light.svg (<- Athar_Package 02 Logo/SVG/Athar_Logo_Horizontal.svg wordmark),2026-09-30T01:18:47Z,PASS,,navy,ivory,2,webp,v1.5.1 (carried),,,
dist/brand/lockups/athar-lockup-bilingual-horizontal-navy-on-ivory@3x.png,1 primary-lockups,bilingual-horizontal,4938 x 1542,92615,c865e5435dc00b80b8f49346c737aae784ba38a9685a05e4ffd3948123e9c586,resvg-js 2.6.2 (resvg 0.40.0) + sharp 0.34.3/libvips 8.17.1,rendered-assets-v1.5.0/dist/brand/monogram/athar-monogram-light.svg (<- Athar_Package 02 Logo/SVG/Athar_Logo_Monogram.svg) | rendered-assets-v1.5.0/dist/brand/wordmark/athar-wordmark-light.svg (<- Athar_Package 02 Logo/SVG/Athar_Logo_Horizontal.svg wordmark),2026-09-30T01:18:48Z,PASS,,navy,ivory,3,png,v1.5.1 (carried),,,
dist/brand/lockups/athar-lockup-bilingual-horizontal-navy-on-ivory@3x.webp,1 primary-lockups,bilingual-horizontal,4938 x 1542,23422,e1f8788f41e0309752d86d329d2ac201ba7edbdd69ab6bbfcbb5d33406d7e05a,resvg-js 2.6.2 + sharp 0.34.3 (WebP),rendered-assets-v1.5.0/dist/brand/monogram/athar-monogram-light.svg (<- Athar_Package 02 Logo/SVG/Athar_Logo_Monogram.svg) | rendered-assets-v1.5.0/dist/brand/wordmark/athar-wordmark-light.svg (<- Athar_Package 02 Logo/SVG/Athar_Logo_Horizontal.svg wordmark),2026-09-30T01:18:48Z,PASS,,navy,ivory,3,webp,v1.5.1 (carried),,,
dist/brand/lockups/athar-lockup-bilingual-horizontal-navy-on-ivory.svg,1 primary-lockups,bilingual-horizontal,1646 x 514,8430,3500a3dd86bed10a3b76b8b18c47e5acc4bea908951a1fa79c3f329f5ddf4ccc,svgo 4.1.0 (safe config),rendered-assets-v1.5.0/dist/brand/monogram/athar-monogram-light.svg (<- Athar_Package 02 Logo/SVG/Athar_Logo_Monogram.svg) | rendered-assets-v1.5.0/dist/brand/wordmark/athar-wordmark-light.svg (<- Athar_Package 02 Logo/SVG/Athar_Logo_Horizontal.svg wordmark),2026-09-30T01:19:44Z,PASS,,navy,ivory,1,svg,v1.5.1 (carried),,,
dist/brand/lockups/athar-lockup-bilingual-horizontal-navy-on-ivory.pdf,1 primary-lockups,bilingual-horizontal,1646 x 514,7269,41cfb80edeb35ca1929e7ef956884768aff106656c32a0ad88c9fb2bfc3fc14d,PyMuPDF 1.28.2 (MuPDF SVG->PDF),rendered-assets-v1.5.0/dist/brand/monogram/athar-monogram-light.svg (<- Athar_Package 02 Logo/SVG/Athar_Logo_Monogram.svg) | rendered-assets-v1.5.0/dist/brand/wordmark/athar-wordmark-light.svg (<- Athar_Package 02 Logo/SVG/Athar_Logo_Horizontal.svg wordmark),2026-09-30T01:19:44Z,PASS,,navy,ivory,1,pdf,v1.5.1 (carried),,,
dist/brand/lockups/athar-lockup-bilingual-horizontal-navy-on-sand@1x.png,1 primary-lockups,bilingual-horizontal,1646 x 514,22567,3e04c3472b7a56b1d5a576f2ba57d8d9ddb5921490aa3d70ab7f1891299ef3a4,resvg-js 2.6.2 (resvg 0.40.0) + sharp 0.34.3/libvips 8.17.1,rendered-assets-v1.5.0/dist/brand/monogram/athar-monogram-light.svg (<- Athar_Package 02 Logo/SVG/Athar_Logo_Monogram.svg) | rendered-assets-v1.5.0/dist/brand/wordmark/athar-wordmark-light.svg (<- Athar_Package 02 Logo/SVG/Athar_Logo_Horizontal.svg wordmark),2026-09-30T01:18:48Z,PASS,,navy,sand,1,png,v1.5.1 (carried),,,
dist/brand/lockups/athar-lockup-bilingual-horizontal-navy-on-sand@1x.webp,1 primary-lockups,bilingual-horizontal,1646 x 514,7394,32e793dfa84e96807a7039c669f676d01db47b3189ccbc251026a1a9bd0312fe,resvg-js 2.6.2 + sharp 0.34.3 (WebP),rendered-assets-v1.5.0/dist/brand/monogram/athar-monogram-light.svg (<- Athar_Package 02 Logo/SVG/Athar_Logo_Monogram.svg) | rendered-assets-v1.5.0/dist/brand/wordmark/athar-wordmark-light.svg (<- Athar_Package 02 Logo/SVG/Athar_Logo_Horizontal.svg wordmark),2026-09-30T01:18:48Z,PASS,,navy,sand,1,webp,v1.5.1 (carried),,,
dist/brand/lockups/athar-lockup-bilingual-horizontal-navy-on-sand@2x.png,1 primary-lockups,bilingual-horizontal,3292 x 1028,52892,353ef14799c89e59779b572b77e3989e259970532e5c974d9673f9d5a366f6bd,resvg-js 2.6.2 (resvg 0.40.0) + sharp 0.34.3/libvips 8.17.1,rendered-assets-v1.5.0/dist/brand/monogram/athar-monogram-light.svg (<- Athar_Package 02 Logo/SVG/Athar_Logo_Monogram.svg) | rendered-assets-v1.5.0/dist/brand/wordmark/athar-wordmark-light.svg (<- Athar_Package 02 Logo/SVG/Athar_Logo_Horizontal.svg wordmark),2026-09-30T01:18:48Z,PASS,,navy,sand,2,png,v1.5.1 (carried),,,
dist/brand/lockups/athar-lockup-bilingual-horizontal-navy-on-sand@2x.webp,1 primary-lockups,bilingual-horizontal,3292 x 1028,15072,a705488107f556b71001970bf71b9e220a11ce5f726a1f3a99983fc05b54bdf8,resvg-js 2.6.2 + sharp 0.34.3 (WebP),rendered-assets-v1.5.0/dist/brand/monogram/athar-monogram-light.svg (<- Athar_Package 02 Logo/SVG/Athar_Logo_Monogram.svg) | rendered-assets-v1.5.0/dist/brand/wordmark/athar-wordmark-light.svg (<- Athar_Package 02 Logo/SVG/Athar_Logo_Horizontal.svg wordmark),2026-09-30T01:18:49Z,PASS,,navy,sand,2,webp,v1.5.1 (carried),,,
dist/brand/lockups/athar-lockup-bilingual-horizontal-navy-on-sand@3x.png,1 primary-lockups,bilingual-horizontal,4938 x 1542,93647,c7bfa3e01102a34bbfb31ad148e13eda9659c5e13db6185e698136d7509c4bb2,resvg-js 2.6.2 (resvg 0.40.0) + sharp 0.34.3/libvips 8.17.1,rendered-assets-v1.5.0/dist/brand/monogram/athar-monogram-light.svg (<- Athar_Package 02 Logo/SVG/Athar_Logo_Monogram.svg) | rendered-assets-v1.5.0/dist/brand/wordmark/athar-wordmark-light.svg (<- Athar_Package 02 Logo/SVG/Athar_Logo_Horizontal.svg wordmark),2026-09-30T01:18:49Z,PASS,,navy,sand,3,png,v1.5.1 (carried),,,
dist/brand/lockups/athar-lockup-bilingual-horizontal-navy-on-sand@3x.webp,1 primary-lockups,bilingual-horizontal,4938 x 1542,23358,829cb8460890510a74fe62a2e60221ac98286c87aa7869ac39a17970dba71bf4,resvg-js 2.6.2 + sharp 0.34.3 (WebP),rendered-assets-v1.5.0/dist/brand/monogram/athar-monogram-light.svg (<- Athar_Package 02 Logo/SVG/Athar_Logo_Monogram.svg) | rendered-assets-v1.5.0/dist/brand/wordmark/athar-wordmark-light.svg (<- Athar_Package 02 Logo/SVG/Athar_Logo_Horizontal.svg wordmark),2026-09-30T01:18:50Z,PASS,,navy,sand,3,webp,v1.5.1 (carried),,,
dist/brand/lockups/athar-lockup-bilingual-horizontal-navy-on-sand.svg,1 primary-lockups,bilingual-horizontal,1646 x 514,8429,d5f4633c4a89113974ccc078b2561476200e17784c9806eca8ae1850ceae828c,svgo 4.1.0 (safe config),rendered-assets-v1.5.0/dist/brand/monogram/athar-monogram-light.svg (<- Athar_Package 02 Logo/SVG/Athar_Logo_Monogram.svg) | rendered-assets-v1.5.0/dist/brand/wordmark/athar-wordmark-light.svg (<- Athar_Package 02 Logo/SVG/Athar_Logo_Horizontal.svg wordmark),2026-09-30T01:19:44Z,PASS,,navy,sand,1,svg,v1.5.1 (carried),,,
dist/brand/lockups/athar-lockup-bilingual-horizontal-navy-on-sand.pdf,1 primary-lockups,bilingual-horizontal,1646 x 514,7271,0f668d8752eddbae9c3c7795257e72313ec2edd48c3cd1e5daa647e971e3e0a5,PyMuPDF 1.28.2 (MuPDF SVG->PDF),rendered-assets-v1.5.0/dist/brand/monogram/athar-monogram-light.svg (<- Athar_Package 02 Logo/SVG/Athar_Logo_Monogram.svg) | rendered-assets-v1.5.0/dist/brand/wordmark/athar-wordmark-light.svg (<- Athar_Package 02 Logo/SVG/Athar_Logo_Horizontal.svg wordmark),2026-09-30T01:19:44Z,PASS,,navy,sand,1,pdf,v1.5.1 (carried),,,
dist/brand/lockups/athar-lockup-bilingual-horizontal-reversed-on-transparent@1x.png,1 primary-lockups,bilingual-horizontal,1646 x 514,23686,da53baf9dafc72de4dbadbf4ff2b2f4395de0168bf45f3c4701526dbe9b93764,resvg-js 2.6.2 (resvg 0.40.0) + sharp 0.34.3/libvips 8.17.1,rendered-assets-v1.5.0/dist/brand/monogram/athar-monogram-light.svg (<- Athar_Package 02 Logo/SVG/Athar_Logo_Monogram.svg) | rendered-assets-v1.5.0/dist/brand/wordmark/athar-wordmark-light.svg (<- Athar_Package 02 Logo/SVG/Athar_Logo_Horizontal.svg wordmark),2026-09-30T01:18:50Z,PASS,,reversed,transparent,1,png,v1.5.1 (carried),,,
dist/brand/lockups/athar-lockup-bilingual-horizontal-reversed-on-transparent@1x.webp,1 primary-lockups,bilingual-horizontal,1646 x 514,7580,a2db12d60b1e9b52eed1590501bf35694b084a4901420690bc62feb062d11769,resvg-js 2.6.2 + sharp 0.34.3 (WebP),rendered-assets-v1.5.0/dist/brand/monogram/athar-monogram-light.svg (<- Athar_Package 02 Logo/SVG/Athar_Logo_Monogram.svg) | rendered-assets-v1.5.0/dist/brand/wordmark/athar-wordmark-light.svg (<- Athar_Package 02 Logo/SVG/Athar_Logo_Horizontal.svg wordmark),2026-09-30T01:18:50Z,PASS,,reversed,transparent,1,webp,v1.5.1 (carried),,,
dist/brand/lockups/athar-lockup-bilingual-horizontal-reversed-on-transparent@2x.png,1 primary-lockups,bilingual-horizontal,3292 x 1028,55168,0932fb4919f82c1c2805a050dd429fc99e563d706fb908c9686b80cbf482e6ae,resvg-js 2.6.2 (resvg 0.40.0) + sharp 0.34.3/libvips 8.17.1,rendered-assets-v1.5.0/dist/brand/monogram/athar-monogram-light.svg (<- Athar_Package 02 Logo/SVG/Athar_Logo_Monogram.svg) | rendered-assets-v1.5.0/dist/brand/wordmark/athar-wordmark-light.svg (<- Athar_Package 02 Logo/SVG/Athar_Logo_Horizontal.svg wordmark),2026-09-30T01:18:50Z,PASS,,reversed,transparent,2,png,v1.5.1 (carried),,,
dist/brand/lockups/athar-lockup-bilingual-horizontal-reversed-on-transparent@2x.webp,1 primary-lockups,bilingual-horizontal,3292 x 1028,15064,d60bfb70a47fcde5668f301060663a2ba66d5832f4e0128c8a75277a8cc7eaa5,resvg-js 2.6.2 + sharp 0.34.3 (WebP),rendered-assets-v1.5.0/dist/brand/monogram/athar-monogram-light.svg (<- Athar_Package 02 Logo/SVG/Athar_Logo_Monogram.svg) | rendered-assets-v1.5.0/dist/brand/wordmark/athar-wordmark-light.svg (<- Athar_Package 02 Logo/SVG/Athar_Logo_Horizontal.svg wordmark),2026-09-30T01:18:50Z,PASS,,reversed,transparent,2,webp,v1.5.1 (carried),,,
dist/brand/lockups/athar-lockup-bilingual-horizontal-reversed-on-transparent@3x.png,1 primary-lockups,bilingual-horizontal,4938 x 1542,96501,39dbbf4a1ab9a364548549d5fcd1989b09240352a71c28672d2d0ca695a44663,resvg-js 2.6.2 (resvg 0.40.0) + sharp 0.34.3/libvips 8.17.1,rendered-assets-v1.5.0/dist/brand/monogram/athar-monogram-light.svg (<- Athar_Package 02 Logo/SVG/Athar_Logo_Monogram.svg) | rendered-assets-v1.5.0/dist/brand/wordmark/athar-wordmark-light.svg (<- Athar_Package 02 Logo/SVG/Athar_Logo_Horizontal.svg wordmark),2026-09-30T01:18:51Z,PASS,,reversed,transparent,3,png,v1.5.1 (carried),,,
dist/brand/lockups/athar-lockup-bilingual-horizontal-reversed-on-transparent@3x.webp,1 primary-lockups,bilingual-horizontal,4938 x 1542,23066,0b3d1c66dc13993fcb4d1cb453a2ee9b9ca1ebcabae90d53fd2addcc12a4e045,resvg-js 2.6.2 + sharp 0.34.3 (WebP),rendered-assets-v1.5.0/dist/brand/monogram/athar-monogram-light.svg (<- Athar_Package 02 Logo/SVG/Athar_Logo_Monogram.svg) | rendered-assets-v1.5.0/dist/brand/wordmark/athar-wordmark-light.svg (<- Athar_Package 02 Logo/SVG/Athar_Logo_Horizontal.svg wordmark),2026-09-30T01:18:51Z,PASS,,reversed,transparent,3,webp,v1.5.1 (carried),,,
dist/brand/lockups/athar-lockup-bilingual-horizontal-reversed-on-transparent.svg,1 primary-lockups,bilingual-horizontal,1646 x 514,8362,f83a889d9bccbf228043d7540beb0eb8b710f3dcc7f795bfb339dcc2b3b9c2f7,svgo 4.1.0 (safe config),rendered-assets-v1.5.0/dist/brand/monogram/athar-monogram-light.svg (<- Athar_Package 02 Logo/SVG/Athar_Logo_Monogram.svg) | rendered-assets-v1.5.0/dist/brand/wordmark/athar-wordmark-light.svg (<- Athar_Package 02 Logo/SVG/Athar_Logo_Horizontal.svg wordmark),2026-09-30T01:19:45Z,PASS,,reversed,transparent,1,svg,v1.5.1 (carried),,,
dist/brand/lockups/athar-lockup-bilingual-horizontal-reversed-on-transparent.pdf,1 primary-lockups,bilingual-horizontal,1646 x 514,7250,d798035c7e05b51fc31d689bc559b2e6967553f57af17de052a9fce9e96c0436,PyMuPDF 1.28.2 (MuPDF SVG->PDF),rendered-assets-v1.5.0/dist/brand/monogram/athar-monogram-light.svg (<- Athar_Package 02 Logo/SVG/Athar_Logo_Monogram.svg) | rendered-assets-v1.5.0/dist/brand/wordmark/athar-wordmark-light.svg (<- Athar_Package 02 Logo/SVG/Athar_Logo_Horizontal.svg wordmark),2026-09-30T01:19:45Z,PASS,,reversed,transparent,1,pdf,v1.5.1 (carried),,,
dist/brand/lockups/athar-lockup-bilingual-horizontal-reversed-on-deep_ocean@1x.png,1 primary-lockups,bilingual-horizontal,1646 x 514,23659,0f5d347e3ba0c0eeb321fa9b682ac415e9fe0b9ac6315511f8c59c2bc15911c1,resvg-js 2.6.2 (resvg 0.40.0) + sharp 0.34.3/libvips 8.17.1,rendered-assets-v1.5.0/dist/brand/monogram/athar-monogram-light.svg (<- Athar_Package 02 Logo/SVG/Athar_Logo_Monogram.svg) | rendered-assets-v1.5.0/dist/brand/wordmark/athar-wordmark-light.svg (<- Athar_Package 02 Logo/SVG/Athar_Logo_Horizontal.svg wordmark),2026-09-30T01:18:52Z,PASS,,reversed,deep_ocean,1,png,v1.5.1 (carried),,,
dist/brand/lockups/athar-lockup-bilingual-horizontal-reversed-on-deep_ocean@1x.webp,1 primary-lockups,bilingual-horizontal,1646 x 514,7570,f4f168c7d91d1a482449f14a6936c474da16ab5f2a2716941183568b799671b8,resvg-js 2.6.2 + sharp 0.34.3 (WebP),rendered-assets-v1.5.0/dist/brand/monogram/athar-monogram-light.svg (<- Athar_Package 02 Logo/SVG/Athar_Logo_Monogram.svg) | rendered-assets-v1.5.0/dist/brand/wordmark/athar-wordmark-light.svg (<- Athar_Package 02 Logo/SVG/Athar_Logo_Horizontal.svg wordmark),2026-09-30T01:18:52Z,PASS,,reversed,deep_ocean,1,webp,v1.5.1 (carried),,,
dist/brand/lockups/athar-lockup-bilingual-horizontal-reversed-on-deep_ocean@2x.png,1 primary-lockups,bilingual-horizontal,3292 x 1028,55169,6da2ee602371fd93a2772cb9958f5e09f46cad335a7b52a5e8caa0e6533ec3d2,resvg-js 2.6.2 (resvg 0.40.0) + sharp 0.34.3/libvips 8.17.1,rendered-assets-v1.5.0/dist/brand/monogram/athar-monogram-light.svg (<- Athar_Package 02 Logo/SVG/Athar_Logo_Monogram.svg) | rendered-assets-v1.5.0/dist/brand/wordmark/athar-wordmark-light.svg (<- Athar_Package 02 Logo/SVG/Athar_Logo_Horizontal.svg wordmark),2026-09-30T01:18:52Z,PASS,,reversed,deep_ocean,2,png,v1.5.1 (carried),,,
dist/brand/lockups/athar-lockup-bilingual-horizontal-reversed-on-deep_ocean@2x.webp,1 primary-lockups,bilingual-horizontal,3292 x 1028,14744,3ae5ee3235458ab1707d62aa8fe45453eefbb381665daa11757f4d67871138db,resvg-js 2.6.2 + sharp 0.34.3 (WebP),rendered-assets-v1.5.0/dist/brand/monogram/athar-monogram-light.svg (<- Athar_Package 02 Logo/SVG/Athar_Logo_Monogram.svg) | rendered-assets-v1.5.0/dist/brand/wordmark/athar-wordmark-light.svg (<- Athar_Package 02 Logo/SVG/Athar_Logo_Horizontal.svg wordmark),2026-09-30T01:18:52Z,PASS,,reversed,deep_ocean,2,webp,v1.5.1 (carried),,,
dist/brand/lockups/athar-lockup-bilingual-horizontal-reversed-on-deep_ocean@3x.png,1 primary-lockups,bilingual-horizontal,4938 x 1542,97322,3173a3b50d89714ff998c4effa38e92cb7e445c2c64ac0baa8c73d444718a80c,resvg-js 2.6.2 (resvg 0.40.0) + sharp 0.34.3/libvips 8.17.1,rendered-assets-v1.5.0/dist/brand/monogram/athar-monogram-light.svg (<- Athar_Package 02 Logo/SVG/Athar_Logo_Monogram.svg) | rendered-assets-v1.5.0/dist/brand/wordmark/athar-wordmark-light.svg (<- Athar_Package 02 Logo/SVG/Athar_Logo_Horizontal.svg wordmark),2026-09-30T01:18:53Z,PASS,,reversed,deep_ocean,3,png,v1.5.1 (carried),,,
dist/brand/lockups/athar-lockup-bilingual-horizontal-reversed-on-deep_ocean@3x.webp,1 primary-lockups,bilingual-horizontal,4938 x 1542,22932,085eb7ead50ad61fad31f564d7402cf06c4bc804b542e6ad97c2d596ec378a4e,resvg-js 2.6.2 + sharp 0.34.3 (WebP),rendered-assets-v1.5.0/dist/brand/monogram/athar-monogram-light.svg (<- Athar_Package 02 Logo/SVG/Athar_Logo_Monogram.svg) | rendered-assets-v1.5.0/dist/brand/wordmark/athar-wordmark-light.svg (<- Athar_Package 02 Logo/SVG/Athar_Logo_Horizontal.svg wordmark),2026-09-30T01:18:53Z,PASS,,reversed,deep_ocean,3,webp,v1.5.1 (carried),,,
dist/brand/lockups/athar-lockup-bilingual-horizontal-reversed-on-deep_ocean.svg,1 primary-lockups,bilingual-horizontal,1646 x 514,8439,18291f97f6faaf03e1c04e29b05e30f6a5c37ebcc6105bebba52f5a404f49eff,svgo 4.1.0 (safe config),rendered-assets-v1.5.0/dist/brand/monogram/athar-monogram-light.svg (<- Athar_Package 02 Logo/SVG/Athar_Logo_Monogram.svg) | rendered-assets-v1.5.0/dist/brand/wordmark/athar-wordmark-light.svg (<- Athar_Package 02 Logo/SVG/Athar_Logo_Horizontal.svg wordmark),2026-09-30T01:19:45Z,PASS,,reversed,deep_ocean,1,svg,v1.5.1 (carried),,,
dist/brand/lockups/athar-lockup-bilingual-horizontal-reversed-on-deep_ocean.pdf,1 primary-lockups,bilingual-horizontal,1646 x 514,7297,beafbdf3e81dc4afe6c8a11f6a5663c05d312dbfce85682ab824e0e087b2b6b3,PyMuPDF 1.28.2 (MuPDF SVG->PDF),rendered-assets-v1.5.0/dist/brand/monogram/athar-monogram-light.svg (<- Athar_Package 02 Logo/SVG/Athar_Logo_Monogram.svg) | rendered-assets-v1.5.0/dist/brand/wordmark/athar-wordmark-light.svg (<- Athar_Package 02 Logo/SVG/Athar_Logo_Horizontal.svg wordmark),2026-09-30T01:19:45Z,PASS,,reversed,deep_ocean,1,pdf,v1.5.1 (carried),,,
dist/brand/lockups/athar-lockup-bilingual-horizontal-mono-black-on-transparent@1x.png,1 primary-lockups,bilingual-horizontal,1646 x 514,15311,f87552dc4b421a1e4e328d88145bb4b46910ab4e7acb6eb4b6943b4dc4499993,resvg-js 2.6.2 (resvg 0.40.0) + sharp 0.34.3/libvips 8.17.1,rendered-assets-v1.5.0/dist/brand/monogram/athar-monogram-light.svg (<- Athar_Package 02 Logo/SVG/Athar_Logo_Monogram.svg) | rendered-assets-v1.5.0/dist/brand/wordmark/athar-wordmark-light.svg (<- Athar_Package 02 Logo/SVG/Athar_Logo_Horizontal.svg wordmark),2026-09-30T01:18:53Z,PASS,,mono-black,transparent,1,png,v1.5.1 (carried),,,
dist/brand/lockups/athar-lockup-bilingual-horizontal-mono-black-on-transparent@1x.webp,1 primary-lockups,bilingual-horizontal,1646 x 514,7378,8169346aa5eda2784f7ba1028882003f87b2fe00561c379cb5664e1471676818,resvg-js 2.6.2 + sharp 0.34.3 (WebP),rendered-assets-v1.5.0/dist/brand/monogram/athar-monogram-light.svg (<- Athar_Package 02 Logo/SVG/Athar_Logo_Monogram.svg) | rendered-assets-v1.5.0/dist/brand/wordmark/athar-wordmark-light.svg (<- Athar_Package 02 Logo/SVG/Athar_Logo_Horizontal.svg wordmark),2026-09-30T01:18:53Z,PASS,,mono-black,transparent,1,webp,v1.5.1 (carried),,,
dist/brand/lockups/athar-lockup-bilingual-horizontal-mono-black-on-transparent@2x.png,1 primary-lockups,bilingual-horizontal,3292 x 1028,38222,6d2e0112833dcd47f66a11fb9acfc34dd00f306c454bed5b40f05e0ada1bc1b9,resvg-js 2.6.2 (resvg 0.40.0) + sharp 0.34.3/libvips 8.17.1,rendered-assets-v1.5.0/dist/brand/monogram/athar-monogram-light.svg (<- Athar_Package 02 Logo/SVG/Athar_Logo_Monogram.svg) | rendered-assets-v1.5.0/dist/brand/wordmark/athar-wordmark-light.svg (<- Athar_Package 02 Logo/SVG/Athar_Logo_Horizontal.svg wordmark),2026-09-30T01:18:54Z,PASS,,mono-black,transparent,2,png,v1.5.1 (carried),,,
dist/brand/lockups/athar-lockup-bilingual-horizontal-mono-black-on-transparent@2x.webp,1 primary-lockups,bilingual-horizontal,3292 x 1028,15112,60a81be4ff12150b4a9884e9f9cfb998807deda0540f55da31ccc8acad04731a,resvg-js 2.6.2 + sharp 0.34.3 (WebP),rendered-assets-v1.5.0/dist/brand/monogram/athar-monogram-light.svg (<- Athar_Package 02 Logo/SVG/Athar_Logo_Monogram.svg) | rendered-assets-v1.5.0/dist/brand/wordmark/athar-wordmark-light.svg (<- Athar_Package 02 Logo/SVG/Athar_Logo_Horizontal.svg wordmark),2026-09-30T01:18:54Z,PASS,,mono-black,transparent,2,webp,v1.5.1 (carried),,,
dist/brand/lockups/athar-lockup-bilingual-horizontal-mono-black-on-transparent@3x.png,1 primary-lockups,bilingual-horizontal,4938 x 1542,68877,8925f3f6d955a315804935c30390a43289a36f96a76020dbd71a12976840116d,resvg-js 2.6.2 (resvg 0.40.0) + sharp 0.34.3/libvips 8.17.1,rendered-assets-v1.5.0/dist/brand/monogram/athar-monogram-light.svg (<- Athar_Package 02 Logo/SVG/Athar_Logo_Monogram.svg) | rendered-assets-v1.5.0/dist/brand/wordmark/athar-wordmark-light.svg (<- Athar_Package 02 Logo/SVG/Athar_Logo_Horizontal.svg wordmark),2026-09-30T01:18:55Z,PASS,,mono-black,transparent,3,png,v1.5.1 (carried),,,
dist/brand/lockups/athar-lockup-bilingual-horizontal-mono-black-on-transparent@3x.webp,1 primary-lockups,bilingual-horizontal,4938 x 1542,23398,0a030e485653e2c532ed1920619d0d03de0a5428894479068b44245e4fa8431e,resvg-js 2.6.2 + sharp 0.34.3 (WebP),rendered-assets-v1.5.0/dist/brand/monogram/athar-monogram-light.svg (<- Athar_Package 02 Logo/SVG/Athar_Logo_Monogram.svg) | rendered-assets-v1.5.0/dist/brand/wordmark/athar-wordmark-light.svg (<- Athar_Package 02 Logo/SVG/Athar_Logo_Horizontal.svg wordmark),2026-09-30T01:18:55Z,PASS,,mono-black,transparent,3,webp,v1.5.1 (carried),,,
dist/brand/lockups/athar-lockup-bilingual-horizontal-mono-black-on-transparent.svg,1 primary-lockups,bilingual-horizontal,1646 x 514,8334,d2af1f94355d8271488f6518b550b8b7b0a567e01eaff1ebf757299bdecc294f,svgo 4.1.0 (safe config),rendered-assets-v1.5.0/dist/brand/monogram/athar-monogram-light.svg (<- Athar_Package 02 Logo/SVG/Athar_Logo_Monogram.svg) | rendered-assets-v1.5.0/dist/brand/wordmark/athar-wordmark-light.svg (<- Athar_Package 02 Logo/SVG/Athar_Logo_Horizontal.svg wordmark),2026-09-30T01:19:45Z,PASS,,mono-black,transparent,1,svg,v1.5.1 (carried),,,
dist/brand/lockups/athar-lockup-bilingual-horizontal-mono-black-on-transparent.pdf,1 primary-lockups,bilingual-horizontal,1646 x 514,7219,ba94e2ffddeab058e0fffcf025d8ceff9e23a2412cffb4d4b29d05445a4f19b8,PyMuPDF 1.28.2 (MuPDF SVG->PDF),rendered-assets-v1.5.0/dist/brand/monogram/athar-monogram-light.svg (<- Athar_Package 02 Logo/SVG/Athar_Logo_Monogram.svg) | rendered-assets-v1.5.0/dist/brand/wordmark/athar-wordmark-light.svg (<- Athar_Package 02 Logo/SVG/Athar_Logo_Horizontal.svg wordmark),2026-09-30T01:19:45Z,PASS,,mono-black,transparent,1,pdf,v1.5.1 (carried),,,
dist/brand/lockups/athar-lockup-bilingual-horizontal-mono-black-on-ivory@1x.png,1 primary-lockups,bilingual-horizontal,1646 x 514,22634,ae1c3c774804450fe1176b3be8f69ee11ea55f2516440f273013a9c1b1583bb0,resvg-js 2.6.2 (resvg 0.40.0) + sharp 0.34.3/libvips 8.17.1,rendered-assets-v1.5.0/dist/brand/monogram/athar-monogram-light.svg (<- Athar_Package 02 Logo/SVG/Athar_Logo_Monogram.svg) | rendered-assets-v1.5.0/dist/brand/wordmark/athar-wordmark-light.svg (<- Athar_Package 02 Logo/SVG/Athar_Logo_Horizontal.svg wordmark),2026-09-30T01:18:55Z,PASS,,mono-black,ivory,1,png,v1.5.1 (carried),,,
dist/brand/lockups/athar-lockup-bilingual-horizontal-mono-black-on-ivory@1x.webp,1 primary-lockups,bilingual-horizontal,1646 x 514,7430,cd4f09eb9a2d7c11377e266c31f02a7e1aa176c009e66c1baba4a3b5f2a8f0cd,resvg-js 2.6.2 + sharp 0.34.3 (WebP),rendered-assets-v1.5.0/dist/brand/monogram/athar-monogram-light.svg (<- Athar_Package 02 Logo/SVG/Athar_Logo_Monogram.svg) | rendered-assets-v1.5.0/dist/brand/wordmark/athar-wordmark-light.svg (<- Athar_Package 02 Logo/SVG/Athar_Logo_Horizontal.svg wordmark),2026-09-30T01:18:55Z,PASS,,mono-black,ivory,1,webp,v1.5.1 (carried),,,
dist/brand/lockups/athar-lockup-bilingual-horizontal-mono-black-on-ivory@2x.png,1 primary-lockups,bilingual-horizontal,3292 x 1028,53288,1b9dbe76c7d7211a3e69c26434ce1f699215db7bbd8446de26016b15de2499bf,resvg-js 2.6.2 (resvg 0.40.0) + sharp 0.34.3/libvips 8.17.1,rendered-assets-v1.5.0/dist/brand/monogram/athar-monogram-light.svg (<- Athar_Package 02 Logo/SVG/Athar_Logo_Monogram.svg) | rendered-assets-v1.5.0/dist/brand/wordmark/athar-wordmark-light.svg (<- Athar_Package 02 Logo/SVG/Athar_Logo_Horizontal.svg wordmark),2026-09-30T01:18:56Z,PASS,,mono-black,ivory,2,png,v1.5.1 (carried),,,
dist/brand/lockups/athar-lockup-bilingual-horizontal-mono-black-on-ivory@2x.webp,1 primary-lockups,bilingual-horizontal,3292 x 1028,15138,42dddd92c851369f046d1877691ad9abfcb934170768237d573110e538a7b6e2,resvg-js 2.6.2 + sharp 0.34.3 (WebP),rendered-assets-v1.5.0/dist/brand/monogram/athar-monogram-light.svg (<- Athar_Package 02 Logo/SVG/Athar_Logo_Monogram.svg) | rendered-assets-v1.5.0/dist/brand/wordmark/athar-wordmark-light.svg (<- Athar_Package 02 Logo/SVG/Athar_Logo_Horizontal.svg wordmark),2026-09-30T01:18:56Z,PASS,,mono-black,ivory,2,webp,v1.5.1 (carried),,,
dist/brand/lockups/athar-lockup-bilingual-horizontal-mono-black-on-ivory@3x.png,1 primary-lockups,bilingual-horizontal,4938 x 1542,94402,a1117cab2eb075ff061252eb8b31dd2f8308ba4b5137bfd1d3aef880b7109b85,resvg-js 2.6.2 (resvg 0.40.0) + sharp 0.34.3/libvips 8.17.1,rendered-assets-v1.5.0/dist/brand/monogram/athar-monogram-light.svg (<- Athar_Package 02 Logo/SVG/Athar_Logo_Monogram.svg) | rendered-assets-v1.5.0/dist/brand/wordmark/athar-wordmark-light.svg (<- Athar_Package 02 Logo/SVG/Athar_Logo_Horizontal.svg wordmark),2026-09-30T01:18:56Z,PASS,,mono-black,ivory,3,png,v1.5.1 (carried),,,
dist/brand/lockups/athar-lockup-bilingual-horizontal-mono-black-on-ivory@3x.webp,1 primary-lockups,bilingual-horizontal,4938 x 1542,23450,98a8fc4537a2187ce4d5bc101059d9649ec3e8497a684a866f871a4ca6470120,resvg-js 2.6.2 + sharp 0.34.3 (WebP),rendered-assets-v1.5.0/dist/brand/monogram/athar-monogram-light.svg (<- Athar_Package 02 Logo/SVG/Athar_Logo_Monogram.svg) | rendered-assets-v1.5.0/dist/brand/wordmark/athar-wordmark-light.svg (<- Athar_Package 02 Logo/SVG/Athar_Logo_Horizontal.svg wordmark),2026-09-30T01:18:57Z,PASS,,mono-black,ivory,3,webp,v1.5.1 (carried),,,
dist/brand/lockups/athar-lockup-bilingual-horizontal-mono-black-on-ivory.svg,1 primary-lockups,bilingual-horizontal,1646 x 514,8406,b2edc7ff938f81c67f5cc4a739793a58dc6e2b23a4d78a7b3c295b94d0ea9746,svgo 4.1.0 (safe config),rendered-assets-v1.5.0/dist/brand/monogram/athar-monogram-light.svg (<- Athar_Package 02 Logo/SVG/Athar_Logo_Monogram.svg) | rendered-assets-v1.5.0/dist/brand/wordmark/athar-wordmark-light.svg (<- Athar_Package 02 Logo/SVG/Athar_Logo_Horizontal.svg wordmark),2026-09-30T01:19:46Z,PASS,,mono-black,ivory,1,svg,v1.5.1 (carried),,,
dist/brand/lockups/athar-lockup-bilingual-horizontal-mono-black-on-ivory.pdf,1 primary-lockups,bilingual-horizontal,1646 x 514,7263,fa2caf027a70373da67341b18a77710c2bfcf21d6989fc117217b6800490b05d,PyMuPDF 1.28.2 (MuPDF SVG->PDF),rendered-assets-v1.5.0/dist/brand/monogram/athar-monogram-light.svg (<- Athar_Package 02 Logo/SVG/Athar_Logo_Monogram.svg) | rendered-assets-v1.5.0/dist/brand/wordmark/athar-wordmark-light.svg (<- Athar_Package 02 Logo/SVG/Athar_Logo_Horizontal.svg wordmark),2026-09-30T01:19:46Z,PASS,,mono-black,ivory,1,pdf,v1.5.1 (carried),,,
dist/brand/lockups/athar-lockup-bilingual-horizontal-mono-black-on-sand@1x.png,1 primary-lockups,bilingual-horizontal,1646 x 514,22975,62f6e5bcf8cde4dfb57897096119b448b44f4bc73210d1465004d98117302343,resvg-js 2.6.2 (resvg 0.40.0) + sharp 0.34.3/libvips 8.17.1,rendered-assets-v1.5.0/dist/brand/monogram/athar-monogram-light.svg (<- Athar_Package 02 Logo/SVG/Athar_Logo_Monogram.svg) | rendered-assets-v1.5.0/dist/brand/wordmark/athar-wordmark-light.svg (<- Athar_Package 02 Logo/SVG/Athar_Logo_Horizontal.svg wordmark),2026-09-30T01:18:57Z,PASS,,mono-black,sand,1,png,v1.5.1 (carried),,,
dist/brand/lockups/athar-lockup-bilingual-horizontal-mono-black-on-sand@1x.webp,1 primary-lockups,bilingual-horizontal,1646 x 514,7422,de0411c8269d39f8a9e19b1434823c280be3b806b96441e5cbba9a89be63d115,resvg-js 2.6.2 + sharp 0.34.3 (WebP),rendered-assets-v1.5.0/dist/brand/monogram/athar-monogram-light.svg (<- Athar_Package 02 Logo/SVG/Athar_Logo_Monogram.svg) | rendered-assets-v1.5.0/dist/brand/wordmark/athar-wordmark-light.svg (<- Athar_Package 02 Logo/SVG/Athar_Logo_Horizontal.svg wordmark),2026-09-30T01:18:57Z,PASS,,mono-black,sand,1,webp,v1.5.1 (carried),,,
dist/brand/lockups/athar-lockup-bilingual-horizontal-mono-black-on-sand@2x.png,1 primary-lockups,bilingual-horizontal,3292 x 1028,53654,8e7c095892c7bc1c8fca780f47b8f09384946dd0a1519601f5d479d02abe7313,resvg-js 2.6.2 (resvg 0.40.0) + sharp 0.34.3/libvips 8.17.1,rendered-assets-v1.5.0/dist/brand/monogram/athar-monogram-light.svg (<- Athar_Package 02 Logo/SVG/Athar_Logo_Monogram.svg) | rendered-assets-v1.5.0/dist/brand/wordmark/athar-wordmark-light.svg (<- Athar_Package 02 Logo/SVG/Athar_Logo_Horizontal.svg wordmark),2026-09-30T01:18:57Z,PASS,,mono-black,sand,2,png,v1.5.1 (carried),,,
dist/brand/lockups/athar-lockup-bilingual-horizontal-mono-black-on-sand@2x.webp,1 primary-lockups,bilingual-horizontal,3292 x 1028,15130,ac188ef0de4c7291e44593c8ba0158cf042d27ec1b635d352235c24a802dc265,resvg-js 2.6.2 + sharp 0.34.3 (WebP),rendered-assets-v1.5.0/dist/brand/monogram/athar-monogram-light.svg (<- Athar_Package 02 Logo/SVG/Athar_Logo_Monogram.svg) | rendered-assets-v1.5.0/dist/brand/wordmark/athar-wordmark-light.svg (<- Athar_Package 02 Logo/SVG/Athar_Logo_Horizontal.svg wordmark),2026-09-30T01:18:57Z,PASS,,mono-black,sand,2,webp,v1.5.1 (carried),,,
dist/brand/lockups/athar-lockup-bilingual-horizontal-mono-black-on-sand@3x.png,1 primary-lockups,bilingual-horizontal,4938 x 1542,94926,22219d8478cfdff9cdedfa35819f9475f4285d76ed9e35fca76a6564e69b3336,resvg-js 2.6.2 (resvg 0.40.0) + sharp 0.34.3/libvips 8.17.1,rendered-assets-v1.5.0/dist/brand/monogram/athar-monogram-light.svg (<- Athar_Package 02 Logo/SVG/Athar_Logo_Monogram.svg) | rendered-assets-v1.5.0/dist/brand/wordmark/athar-wordmark-light.svg (<- Athar_Package 02 Logo/SVG/Athar_Logo_Horizontal.svg wordmark),2026-09-30T01:18:58Z,PASS,,mono-black,sand,3,png,v1.5.1 (carried),,,
dist/brand/lockups/athar-lockup-bilingual-horizontal-mono-black-on-sand@3x.webp,1 primary-lockups,bilingual-horizontal,4938 x 1542,23450,30cddeaab9585a00601e3cb3231f47f84c69efbe591268113587f3b7a91257e2,resvg-js 2.6.2 + sharp 0.34.3 (WebP),rendered-assets-v1.5.0/dist/brand/monogram/athar-monogram-light.svg (<- Athar_Package 02 Logo/SVG/Athar_Logo_Monogram.svg) | rendered-assets-v1.5.0/dist/brand/wordmark/athar-wordmark-light.svg (<- Athar_Package 02 Logo/SVG/Athar_Logo_Horizontal.svg wordmark),2026-09-30T01:18:58Z,PASS,,mono-black,sand,3,webp,v1.5.1 (carried),,,
dist/brand/lockups/athar-lockup-bilingual-horizontal-mono-black-on-sand.svg,1 primary-lockups,bilingual-horizontal,1646 x 514,8405,189037a3498a7c323789818d26ebbc4a5c26286a80d24f44bd09f01dbd564a07,svgo 4.1.0 (safe config),rendered-assets-v1.5.0/dist/brand/monogram/athar-monogram-light.svg (<- Athar_Package 02 Logo/SVG/Athar_Logo_Monogram.svg) | rendered-assets-v1.5.0/dist/brand/wordmark/athar-wordmark-light.svg (<- Athar_Package 02 Logo/SVG/Athar_Logo_Horizontal.svg wordmark),2026-09-30T01:19:46Z,PASS,,mono-black,sand,1,svg,v1.5.1 (carried),,,
dist/brand/lockups/athar-lockup-bilingual-horizontal-mono-black-on-sand.pdf,1 primary-lockups,bilingual-horizontal,1646 x 514,7265,cc7fb737a5191c5fc85942707f3913ba7328c012606712d2c3923d3e43c7440a,PyMuPDF 1.28.2 (MuPDF SVG->PDF),rendered-assets-v1.5.0/dist/brand/monogram/athar-monogram-light.svg (<- Athar_Package 02 Logo/SVG/Athar_Logo_Monogram.svg) | rendered-assets-v1.5.0/dist/brand/wordmark/athar-wordmark-light.svg (<- Athar_Package 02 Logo/SVG/Athar_Logo_Horizontal.svg wordmark),2026-09-30T01:19:46Z,PASS,,mono-black,sand,1,pdf,v1.5.1 (carried),,,
dist/brand/lockups/athar-lockup-bilingual-horizontal-mono-white-on-transparent@1x.png,1 primary-lockups,bilingual-horizontal,1646 x 514,16680,d0c9cea2035e697110c7340c34f34e5b896cd131e59023a460d92c072110fd53,resvg-js 2.6.2 (resvg 0.40.0) + sharp 0.34.3/libvips 8.17.1,rendered-assets-v1.5.0/dist/brand/monogram/athar-monogram-light.svg (<- Athar_Package 02 Logo/SVG/Athar_Logo_Monogram.svg) | rendered-assets-v1.5.0/dist/brand/wordmark/athar-wordmark-light.svg (<- Athar_Package 02 Logo/SVG/Athar_Logo_Horizontal.svg wordmark),2026-09-30T01:18:59Z,PASS,,mono-white,transparent,1,png,v1.5.1 (carried),,,
dist/brand/lockups/athar-lockup-bilingual-horizontal-mono-white-on-transparent@1x.webp,1 primary-lockups,bilingual-horizontal,1646 x 514,7384,ee891138884c62e0c73c65922946cd2290d99b9e570b63f8f5fdce027af23eb6,resvg-js 2.6.2 + sharp 0.34.3 (WebP),rendered-assets-v1.5.0/dist/brand/monogram/athar-monogram-light.svg (<- Athar_Package 02 Logo/SVG/Athar_Logo_Monogram.svg) | rendered-assets-v1.5.0/dist/brand/wordmark/athar-wordmark-light.svg (<- Athar_Package 02 Logo/SVG/Athar_Logo_Horizontal.svg wordmark),2026-09-30T01:18:59Z,PASS,,mono-white,transparent,1,webp,v1.5.1 (carried),,,
dist/brand/lockups/athar-lockup-bilingual-horizontal-mono-white-on-transparent@2x.png,1 primary-lockups,bilingual-horizontal,3292 x 1028,41196,21418970ece99653008f9012484992c91387f52d7729e389677011065f8bdc8f,resvg-js 2.6.2 (resvg 0.40.0) + sharp 0.34.3/libvips 8.17.1,rendered-assets-v1.5.0/dist/brand/monogram/athar-monogram-light.svg (<- Athar_Package 02 Logo/SVG/Athar_Logo_Monogram.svg) | rendered-assets-v1.5.0/dist/brand/wordmark/athar-wordmark-light.svg (<- Athar_Package 02 Logo/SVG/Athar_Logo_Horizontal.svg wordmark),2026-09-30T01:18:59Z,PASS,,mono-white,transparent,2,png,v1.5.1 (carried),,,
dist/brand/lockups/athar-lockup-bilingual-horizontal-mono-white-on-transparent@2x.webp,1 primary-lockups,bilingual-horizontal,3292 x 1028,15118,6ad3ca9f82292445a4894130f5a42be65c6f591be47036c9f1130a28bee2b85c,resvg-js 2.6.2 + sharp 0.34.3 (WebP),rendered-assets-v1.5.0/dist/brand/monogram/athar-monogram-light.svg (<- Athar_Package 02 Logo/SVG/Athar_Logo_Monogram.svg) | rendered-assets-v1.5.0/dist/brand/wordmark/athar-wordmark-light.svg (<- Athar_Package 02 Logo/SVG/Athar_Logo_Horizontal.svg wordmark),2026-09-30T01:18:59Z,PASS,,mono-white,transparent,2,webp,v1.5.1 (carried),,,
dist/brand/lockups/athar-lockup-bilingual-horizontal-mono-white-on-transparent@3x.png,1 primary-lockups,bilingual-horizontal,4938 x 1542,74627,9ac8429e42c38c4d222918dd0bcbcb0354e96e3c5be031ba47e1b0700c687711,resvg-js 2.6.2 (resvg 0.40.0) + sharp 0.34.3/libvips 8.17.1,rendered-assets-v1.5.0/dist/brand/monogram/athar-monogram-light.svg (<- Athar_Package 02 Logo/SVG/Athar_Logo_Monogram.svg) | rendered-assets-v1.5.0/dist/brand/wordmark/athar-wordmark-light.svg (<- Athar_Package 02 Logo/SVG/Athar_Logo_Horizontal.svg wordmark),2026-09-30T01:19:00Z,PASS,,mono-white,transparent,3,png,v1.5.1 (carried),,,
dist/brand/lockups/athar-lockup-bilingual-horizontal-mono-white-on-transparent@3x.webp,1 primary-lockups,bilingual-horizontal,4938 x 1542,23404,45bb1111a7b106df72a7fdf1265a5046655a20734184259de0b01f77fde62da0,resvg-js 2.6.2 + sharp 0.34.3 (WebP),rendered-assets-v1.5.0/dist/brand/monogram/athar-monogram-light.svg (<- Athar_Package 02 Logo/SVG/Athar_Logo_Monogram.svg) | rendered-assets-v1.5.0/dist/brand/wordmark/athar-wordmark-light.svg (<- Athar_Package 02 Logo/SVG/Athar_Logo_Horizontal.svg wordmark),2026-09-30T01:19:00Z,PASS,,mono-white,transparent,3,webp,v1.5.1 (carried),,,
dist/brand/lockups/athar-lockup-bilingual-horizontal-mono-white-on-transparent.svg,1 primary-lockups,bilingual-horizontal,1646 x 514,8358,4aba8d48e2fe20d918a5fa8cdcf08a32bc37f45f0de95f3f400d66c0ed667c52,svgo 4.1.0 (safe config),rendered-assets-v1.5.0/dist/brand/monogram/athar-monogram-light.svg (<- Athar_Package 02 Logo/SVG/Athar_Logo_Monogram.svg) | rendered-assets-v1.5.0/dist/brand/wordmark/athar-wordmark-light.svg (<- Athar_Package 02 Logo/SVG/Athar_Logo_Horizontal.svg wordmark),2026-09-30T01:19:46Z,PASS,,mono-white,transparent,1,svg,v1.5.1 (carried),,,
dist/brand/lockups/athar-lockup-bilingual-horizontal-mono-white-on-transparent.pdf,1 primary-lockups,bilingual-horizontal,1646 x 514,7219,3b6759f9215271afadc8adf2c6218571edf525c509fe59af995d583882ee26ee,PyMuPDF 1.28.2 (MuPDF SVG->PDF),rendered-assets-v1.5.0/dist/brand/monogram/athar-monogram-light.svg (<- Athar_Package 02 Logo/SVG/Athar_Logo_Monogram.svg) | rendered-assets-v1.5.0/dist/brand/wordmark/athar-wordmark-light.svg (<- Athar_Package 02 Logo/SVG/Athar_Logo_Horizontal.svg wordmark),2026-09-30T01:19:46Z,PASS,,mono-white,transparent,1,pdf,v1.5.1 (carried),,,
dist/brand/lockups/athar-lockup-bilingual-horizontal-mono-white-on-deep_ocean@1x.png,1 primary-lockups,bilingual-horizontal,1646 x 514,23213,f29ec088c9434fc8b83761637a6a2ec4e7ca676e3d98eccdc40f7f96f9af470a,resvg-js 2.6.2 (resvg 0.40.0) + sharp 0.34.3/libvips 8.17.1,rendered-assets-v1.5.0/dist/brand/monogram/athar-monogram-light.svg (<- Athar_Package 02 Logo/SVG/Athar_Logo_Monogram.svg) | rendered-assets-v1.5.0/dist/brand/wordmark/athar-wordmark-light.svg (<- Athar_Package 02 Logo/SVG/Athar_Logo_Horizontal.svg wordmark),2026-09-30T01:19:00Z,PASS,,mono-white,deep_ocean,1,png,v1.5.1 (carried),,,
dist/brand/lockups/athar-lockup-bilingual-horizontal-mono-white-on-deep_ocean@1x.webp,1 primary-lockups,bilingual-horizontal,1646 x 514,7432,92a68b7f2980c422aab52344f584fd45a92f22565a260f72ba5f28ca078ddb43,resvg-js 2.6.2 + sharp 0.34.3 (WebP),rendered-assets-v1.5.0/dist/brand/monogram/athar-monogram-light.svg (<- Athar_Package 02 Logo/SVG/Athar_Logo_Monogram.svg) | rendered-assets-v1.5.0/dist/brand/wordmark/athar-wordmark-light.svg (<- Athar_Package 02 Logo/SVG/Athar_Logo_Horizontal.svg wordmark),2026-09-30T01:19:00Z,PASS,,mono-white,deep_ocean,1,webp,v1.5.1 (carried),,,
dist/brand/lockups/athar-lockup-bilingual-horizontal-mono-white-on-deep_ocean@2x.png,1 primary-lockups,bilingual-horizontal,3292 x 1028,54451,51c4e65097a5af720b88433b9e21b1051061d9a0988dd3e92b7a37c0d2bdac47,resvg-js 2.6.2 (resvg 0.40.0) + sharp 0.34.3/libvips 8.17.1,rendered-assets-v1.5.0/dist/brand/monogram/athar-monogram-light.svg (<- Athar_Package 02 Logo/SVG/Athar_Logo_Monogram.svg) | rendered-assets-v1.5.0/dist/brand/wordmark/athar-wordmark-light.svg (<- Athar_Package 02 Logo/SVG/Athar_Logo_Horizontal.svg wordmark),2026-09-30T01:19:01Z,PASS,,mono-white,deep_ocean,2,png,v1.5.1 (carried),,,
dist/brand/lockups/athar-lockup-bilingual-horizontal-mono-white-on-deep_ocean@2x.webp,1 primary-lockups,bilingual-horizontal,3292 x 1028,15140,27f30ba645f0ca8853d089b66d15a39fb33658217fb6ec22037afaaead8ca324,resvg-js 2.6.2 + sharp 0.34.3 (WebP),rendered-assets-v1.5.0/dist/brand/monogram/athar-monogram-light.svg (<- Athar_Package 02 Logo/SVG/Athar_Logo_Monogram.svg) | rendered-assets-v1.5.0/dist/brand/wordmark/athar-wordmark-light.svg (<- Athar_Package 02 Logo/SVG/Athar_Logo_Horizontal.svg wordmark),2026-09-30T01:19:01Z,PASS,,mono-white,deep_ocean,2,webp,v1.5.1 (carried),,,
dist/brand/lockups/athar-lockup-bilingual-horizontal-mono-white-on-deep_ocean@3x.png,1 primary-lockups,bilingual-horizontal,4938 x 1542,96093,3a80eec25346e931eb78ac4b8d5889a3e4afd67999f1e48c9c712932429e10a7,resvg-js 2.6.2 (resvg 0.40.0) + sharp 0.34.3/libvips 8.17.1,rendered-assets-v1.5.0/dist/brand/monogram/athar-monogram-light.svg (<- Athar_Package 02 Logo/SVG/Athar_Logo_Monogram.svg) | rendered-assets-v1.5.0/dist/brand/wordmark/athar-wordmark-light.svg (<- Athar_Package 02 Logo/SVG/Athar_Logo_Horizontal.svg wordmark),2026-09-30T01:19:02Z,PASS,,mono-white,deep_ocean,3,png,v1.5.1 (carried),,,
dist/brand/lockups/athar-lockup-bilingual-horizontal-mono-white-on-deep_ocean@3x.webp,1 primary-lockups,bilingual-horizontal,4938 x 1542,23450,2d07f423e7c1e77cd0f09164434f0e08182669eef4c60bdc411b435987a57f12,resvg-js 2.6.2 + sharp 0.34.3 (WebP),rendered-assets-v1.5.0/dist/brand/monogram/athar-monogram-light.svg (<- Athar_Package 02 Logo/SVG/Athar_Logo_Monogram.svg) | rendered-assets-v1.5.0/dist/brand/wordmark/athar-wordmark-light.svg (<- Athar_Package 02 Logo/SVG/Athar_Logo_Horizontal.svg wordmark),2026-09-30T01:19:02Z,PASS,,mono-white,deep_ocean,3,webp,v1.5.1 (carried),,,
dist/brand/lockups/athar-lockup-bilingual-horizontal-mono-white-on-deep_ocean.svg,1 primary-lockups,bilingual-horizontal,1646 x 514,8435,172e0d205e6bed8d627e9faf55179f664db6dee52c225c07893260528951fe9b,svgo 4.1.0 (safe config),rendered-assets-v1.5.0/dist/brand/monogram/athar-monogram-light.svg (<- Athar_Package 02 Logo/SVG/Athar_Logo_Monogram.svg) | rendered-assets-v1.5.0/dist/brand/wordmark/athar-wordmark-light.svg (<- Athar_Package 02 Logo/SVG/Athar_Logo_Horizontal.svg wordmark),2026-09-30T01:19:46Z,PASS,,mono-white,deep_ocean,1,svg,v1.5.1 (carried),,,
dist/brand/lockups/athar-lockup-bilingual-horizontal-mono-white-on-deep_ocean.pdf,1 primary-lockups,bilingual-horizontal,1646 x 514,7271,bf8bc497848d932a53fd0595ecd67ec184c81b798783098f2275c684f6e57045,PyMuPDF 1.28.2 (MuPDF SVG->PDF),rendered-assets-v1.5.0/dist/brand/monogram/athar-monogram-light.svg (<- Athar_Package 02 Logo/SVG/Athar_Logo_Monogram.svg) | rendered-assets-v1.5.0/dist/brand/wordmark/athar-wordmark-light.svg (<- Athar_Package 02 Logo/SVG/Athar_Logo_Horizontal.svg wordmark),2026-09-30T01:19:46Z,PASS,,mono-white,deep_ocean,1,pdf,v1.5.1 (carried),,,
dist/brand/lockups/athar-lockup-bilingual-horizontal-mono-white-on-emerald@1x.png,1 primary-lockups,bilingual-horizontal,1646 x 514,22302,0c750244af286f34ac1627300702ca01366a8749f12639692808996b8d79c5c6,resvg-js 2.6.2 (resvg 0.40.0) + sharp 0.34.3/libvips 8.17.1,rendered-assets-v1.5.0/dist/brand/monogram/athar-monogram-light.svg (<- Athar_Package 02 Logo/SVG/Athar_Logo_Monogram.svg) | rendered-assets-v1.5.0/dist/brand/wordmark/athar-wordmark-light.svg (<- Athar_Package 02 Logo/SVG/Athar_Logo_Horizontal.svg wordmark),2026-09-30T01:19:02Z,PASS,,mono-white,emerald,1,png,v1.5.1 (carried),,,
dist/brand/lockups/athar-lockup-bilingual-horizontal-mono-white-on-emerald@1x.webp,1 primary-lockups,bilingual-horizontal,1646 x 514,7410,7b4fdab4a7ff693c4b6c269bb74153941795f17bef2f6317d566a6cda4e185d8,resvg-js 2.6.2 + sharp 0.34.3 (WebP),rendered-assets-v1.5.0/dist/brand/monogram/athar-monogram-light.svg (<- Athar_Package 02 Logo/SVG/Athar_Logo_Monogram.svg) | rendered-assets-v1.5.0/dist/brand/wordmark/athar-wordmark-light.svg (<- Athar_Package 02 Logo/SVG/Athar_Logo_Horizontal.svg wordmark),2026-09-30T01:19:02Z,PASS,,mono-white,emerald,1,webp,v1.5.1 (carried),,,
dist/brand/lockups/athar-lockup-bilingual-horizontal-mono-white-on-emerald@2x.png,1 primary-lockups,bilingual-horizontal,3292 x 1028,52058,2b6fa673106abbb094533f7d46106f4807f04c4db54ae76cea06cf19245c3907,resvg-js 2.6.2 (resvg 0.40.0) + sharp 0.34.3/libvips 8.17.1,rendered-assets-v1.5.0/dist/brand/monogram/athar-monogram-light.svg (<- Athar_Package 02 Logo/SVG/Athar_Logo_Monogram.svg) | rendered-assets-v1.5.0/dist/brand/wordmark/athar-wordmark-light.svg (<- Athar_Package 02 Logo/SVG/Athar_Logo_Horizontal.svg wordmark),2026-09-30T01:19:02Z,PASS,,mono-white,emerald,2,png,v1.5.1 (carried),,,
dist/brand/lockups/athar-lockup-bilingual-horizontal-mono-white-on-emerald@2x.webp,1 primary-lockups,bilingual-horizontal,3292 x 1028,15090,c8590a7294b949e845247e2215e1da5611d203dd188732e9f1aec62f01f8f457,resvg-js 2.6.2 + sharp 0.34.3 (WebP),rendered-assets-v1.5.0/dist/brand/monogram/athar-monogram-light.svg (<- Athar_Package 02 Logo/SVG/Athar_Logo_Monogram.svg) | rendered-assets-v1.5.0/dist/brand/wordmark/athar-wordmark-light.svg (<- Athar_Package 02 Logo/SVG/Athar_Logo_Horizontal.svg wordmark),2026-09-30T01:19:03Z,PASS,,mono-white,emerald,2,webp,v1.5.1 (carried),,,
dist/brand/lockups/athar-lockup-bilingual-horizontal-mono-white-on-emerald@3x.png,1 primary-lockups,bilingual-horizontal,4938 x 1542,92018,1aad31c651acd94c2534bbf1571e2b3a46dabb31e2a1d0ceb056b4c47cc2a02b,resvg-js 2.6.2 (resvg 0.40.0) + sharp 0.34.3/libvips 8.17.1,rendered-assets-v1.5.0/dist/brand/monogram/athar-monogram-light.svg (<- Athar_Package 02 Logo/SVG/Athar_Logo_Monogram.svg) | rendered-assets-v1.5.0/dist/brand/wordmark/athar-wordmark-light.svg (<- Athar_Package 02 Logo/SVG/Athar_Logo_Horizontal.svg wordmark),2026-09-30T01:19:03Z,PASS,,mono-white,emerald,3,png,v1.5.1 (carried),,,
dist/brand/lockups/athar-lockup-bilingual-horizontal-mono-white-on-emerald@3x.webp,1 primary-lockups,bilingual-horizontal,4938 x 1542,23368,d0fec015a1aac2a5a4949206186cb13bcd2185ccbdd2ee2d6d78bb8e890f6fa7,resvg-js 2.6.2 + sharp 0.34.3 (WebP),rendered-assets-v1.5.0/dist/brand/monogram/athar-monogram-light.svg (<- Athar_Package 02 Logo/SVG/Athar_Logo_Monogram.svg) | rendered-assets-v1.5.0/dist/brand/wordmark/athar-wordmark-light.svg (<- Athar_Package 02 Logo/SVG/Athar_Logo_Horizontal.svg wordmark),2026-09-30T01:19:04Z,PASS,,mono-white,emerald,3,webp,v1.5.1 (carried),,,
dist/brand/lockups/athar-lockup-bilingual-horizontal-mono-white-on-emerald.svg,1 primary-lockups,bilingual-horizontal,1646 x 514,8432,7eae990cea2e904a0b211ff8c8d9047a38351da17a52ef1be9b0b1a44aa0a1ed,svgo 4.1.0 (safe config),rendered-assets-v1.5.0/dist/brand/monogram/athar-monogram-light.svg (<- Athar_Package 02 Logo/SVG/Athar_Logo_Monogram.svg) | rendered-assets-v1.5.0/dist/brand/wordmark/athar-wordmark-light.svg (<- Athar_Package 02 Logo/SVG/Athar_Logo_Horizontal.svg wordmark),2026-09-30T01:19:47Z,PASS,,mono-white,emerald,1,svg,v1.5.1 (carried),,,
dist/brand/lockups/athar-lockup-bilingual-horizontal-mono-white-on-emerald.pdf,1 primary-lockups,bilingual-horizontal,1646 x 514,7267,00cb7310e35a2a013c9029fec6d02f859c5d1fecb383da03a752a6a34e8800ae,PyMuPDF 1.28.2 (MuPDF SVG->PDF),rendered-assets-v1.5.0/dist/brand/monogram/athar-monogram-light.svg (<- Athar_Package 02 Logo/SVG/Athar_Logo_Monogram.svg) | rendered-assets-v1.5.0/dist/brand/wordmark/athar-wordmark-light.svg (<- Athar_Package 02 Logo/SVG/Athar_Logo_Horizontal.svg wordmark),2026-09-30T01:19:47Z,PASS,,mono-white,emerald,1,pdf,v1.5.1 (carried),,,
dist/brand/lockups/athar-lockup-bilingual-horizontal-ivory-on-emerald-on-emerald@1x.png,1 primary-lockups,bilingual-horizontal,1646 x 514,22781,dd76e470924153e3b9e36a8d8685bf5e0fbed5e5a22cae444189a08bf654dd1e,resvg-js 2.6.2 (resvg 0.40.0) + sharp 0.34.3/libvips 8.17.1,rendered-assets-v1.5.0/dist/brand/monogram/athar-monogram-light.svg (<- Athar_Package 02 Logo/SVG/Athar_Logo_Monogram.svg) | rendered-assets-v1.5.0/dist/brand/wordmark/athar-wordmark-light.svg (<- Athar_Package 02 Logo/SVG/Athar_Logo_Horizontal.svg wordmark),2026-09-30T01:19:04Z,PASS,,ivory-on-emerald,emerald,1,png,v1.5.1 (carried),,,
dist/brand/lockups/athar-lockup-bilingual-horizontal-ivory-on-emerald-on-emerald@1x.webp,1 primary-lockups,bilingual-horizontal,1646 x 514,7408,4d30ed8f19a3729a409783148659daa41f60a34845d3496b7b0153769bd53d45,resvg-js 2.6.2 + sharp 0.34.3 (WebP),rendered-assets-v1.5.0/dist/brand/monogram/athar-monogram-light.svg (<- Athar_Package 02 Logo/SVG/Athar_Logo_Monogram.svg) | rendered-assets-v1.5.0/dist/brand/wordmark/athar-wordmark-light.svg (<- Athar_Package 02 Logo/SVG/Athar_Logo_Horizontal.svg wordmark),2026-09-30T01:19:04Z,PASS,,ivory-on-emerald,emerald,1,webp,v1.5.1 (carried),,,
dist/brand/lockups/athar-lockup-bilingual-horizontal-ivory-on-emerald-on-emerald@2x.png,1 primary-lockups,bilingual-horizontal,3292 x 1028,53141,4b088072b61663b8201256a7455c25452c260dbd8f9a2878e43689960ec2fc61,resvg-js 2.6.2 (resvg 0.40.0) + sharp 0.34.3/libvips 8.17.1,rendered-assets-v1.5.0/dist/brand/monogram/athar-monogram-light.svg (<- Athar_Package 02 Logo/SVG/Athar_Logo_Monogram.svg) | rendered-assets-v1.5.0/dist/brand/wordmark/athar-wordmark-light.svg (<- Athar_Package 02 Logo/SVG/Athar_Logo_Horizontal.svg wordmark),2026-09-30T01:19:04Z,PASS,,ivory-on-emerald,emerald,2,png,v1.5.1 (carried),,,
dist/brand/lockups/athar-lockup-bilingual-horizontal-ivory-on-emerald-on-emerald@2x.webp,1 primary-lockups,bilingual-horizontal,3292 x 1028,15088,0d7d893a422781210f319a14447ac66a469d07e6373c03afc4b3c38a91ea2ee4,resvg-js 2.6.2 + sharp 0.34.3 (WebP),rendered-assets-v1.5.0/dist/brand/monogram/athar-monogram-light.svg (<- Athar_Package 02 Logo/SVG/Athar_Logo_Monogram.svg) | rendered-assets-v1.5.0/dist/brand/wordmark/athar-wordmark-light.svg (<- Athar_Package 02 Logo/SVG/Athar_Logo_Horizontal.svg wordmark),2026-09-30T01:19:04Z,PASS,,ivory-on-emerald,emerald,2,webp,v1.5.1 (carried),,,
dist/brand/lockups/athar-lockup-bilingual-horizontal-ivory-on-emerald-on-emerald@3x.png,1 primary-lockups,bilingual-horizontal,4938 x 1542,94429,d723647114f2f80f11e06723b66ee660c09e9e1d4af122559075212e0b233023,resvg-js 2.6.2 (resvg 0.40.0) + sharp 0.34.3/libvips 8.17.1,rendered-assets-v1.5.0/dist/brand/monogram/athar-monogram-light.svg (<- Athar_Package 02 Logo/SVG/Athar_Logo_Monogram.svg) | rendered-assets-v1.5.0/dist/brand/wordmark/athar-wordmark-light.svg (<- Athar_Package 02 Logo/SVG/Athar_Logo_Horizontal.svg wordmark),2026-09-30T01:19:05Z,PASS,,ivory-on-emerald,emerald,3,png,v1.5.1 (carried),,,
dist/brand/lockups/athar-lockup-bilingual-horizontal-ivory-on-emerald-on-emerald@3x.webp,1 primary-lockups,bilingual-horizontal,4938 x 1542,23368,c622d90c845dbff677c4334b9ab5300a447b75f728f5064a0a6a88c2c15789a8,resvg-js 2.6.2 + sharp 0.34.3 (WebP),rendered-assets-v1.5.0/dist/brand/monogram/athar-monogram-light.svg (<- Athar_Package 02 Logo/SVG/Athar_Logo_Monogram.svg) | rendered-assets-v1.5.0/dist/brand/wordmark/athar-wordmark-light.svg (<- Athar_Package 02 Logo/SVG/Athar_Logo_Horizontal.svg wordmark),2026-09-30T01:19:05Z,PASS,,ivory-on-emerald,emerald,3,webp,v1.5.1 (carried),,,
dist/brand/lockups/athar-lockup-bilingual-horizontal-ivory-on-emerald-on-emerald.svg,1 primary-lockups,bilingual-horizontal,1646 x 514,8444,4fc393c2319f67c2f6d3c88966ee18db6e3382fa335e77a35bc9b508c8f46e6c,svgo 4.1.0 (safe config),rendered-assets-v1.5.0/dist/brand/monogram/athar-monogram-light.svg (<- Athar_Package 02 Logo/SVG/Athar_Logo_Monogram.svg) | rendered-assets-v1.5.0/dist/brand/wordmark/athar-wordmark-light.svg (<- Athar_Package 02 Logo/SVG/Athar_Logo_Horizontal.svg wordmark),2026-09-30T01:19:47Z,PASS,,ivory-on-emerald,emerald,1,svg,v1.5.1 (carried),,,
dist/brand/lockups/athar-lockup-bilingual-horizontal-ivory-on-emerald-on-emerald.pdf,1 primary-lockups,bilingual-horizontal,1646 x 514,7285,749df153ccbbddd86bb164f9ae750577ea82952a9dc21d444836a953de62fb68,PyMuPDF 1.28.2 (MuPDF SVG->PDF),rendered-assets-v1.5.0/dist/brand/monogram/athar-monogram-light.svg (<- Athar_Package 02 Logo/SVG/Athar_Logo_Monogram.svg) | rendered-assets-v1.5.0/dist/brand/wordmark/athar-wordmark-light.svg (<- Athar_Package 02 Logo/SVG/Athar_Logo_Horizontal.svg wordmark),2026-09-30T01:19:47Z,PASS,,ivory-on-emerald,emerald,1,pdf,v1.5.1 (carried),,,
dist/brand/lockups/athar-lockup-bilingual-horizontal-ivory-on-emerald-on-transparent@1x.png,1 primary-lockups,bilingual-horizontal,1646 x 514,23437,d9c40cb3e2fff5874f401edd1728139dc6bdd070ab4b55688ebe87988d1c4d2b,resvg-js 2.6.2 (resvg 0.40.0) + sharp 0.34.3/libvips 8.17.1,rendered-assets-v1.5.0/dist/brand/monogram/athar-monogram-light.svg (<- Athar_Package 02 Logo/SVG/Athar_Logo_Monogram.svg) | rendered-assets-v1.5.0/dist/brand/wordmark/athar-wordmark-light.svg (<- Athar_Package 02 Logo/SVG/Athar_Logo_Horizontal.svg wordmark),2026-09-30T01:19:05Z,PASS,,ivory-on-emerald,transparent,1,png,v1.5.1 (carried),,,
dist/brand/lockups/athar-lockup-bilingual-horizontal-ivory-on-emerald-on-transparent@1x.webp,1 primary-lockups,bilingual-horizontal,1646 x 514,7430,e979078d9ea7d8086476bae19fccc94d37bfec3a65d2699d7f7f097d8cd729f6,resvg-js 2.6.2 + sharp 0.34.3 (WebP),rendered-assets-v1.5.0/dist/brand/monogram/athar-monogram-light.svg (<- Athar_Package 02 Logo/SVG/Athar_Logo_Monogram.svg) | rendered-assets-v1.5.0/dist/brand/wordmark/athar-wordmark-light.svg (<- Athar_Package 02 Logo/SVG/Athar_Logo_Horizontal.svg wordmark),2026-09-30T01:19:05Z,PASS,,ivory-on-emerald,transparent,1,webp,v1.5.1 (carried),,,
dist/brand/lockups/athar-lockup-bilingual-horizontal-ivory-on-emerald-on-transparent@2x.png,1 primary-lockups,bilingual-horizontal,3292 x 1028,54478,9516ece6902f9e5eacfa49fbfd327819f9db2d1d27d5dbbaed4dbd4c14d2220f,resvg-js 2.6.2 (resvg 0.40.0) + sharp 0.34.3/libvips 8.17.1,rendered-assets-v1.5.0/dist/brand/monogram/athar-monogram-light.svg (<- Athar_Package 02 Logo/SVG/Athar_Logo_Monogram.svg) | rendered-assets-v1.5.0/dist/brand/wordmark/athar-wordmark-light.svg (<- Athar_Package 02 Logo/SVG/Athar_Logo_Horizontal.svg wordmark),2026-09-30T01:19:06Z,PASS,,ivory-on-emerald,transparent,2,png,v1.5.1 (carried),,,
dist/brand/lockups/athar-lockup-bilingual-horizontal-ivory-on-emerald-on-transparent@2x.webp,1 primary-lockups,bilingual-horizontal,3292 x 1028,15158,69750233ee1098c222c227ba4f534892fc88b9bfa4590c73c5100c537640f830,resvg-js 2.6.2 + sharp 0.34.3 (WebP),rendered-assets-v1.5.0/dist/brand/monogram/athar-monogram-light.svg (<- Athar_Package 02 Logo/SVG/Athar_Logo_Monogram.svg) | rendered-assets-v1.5.0/dist/brand/wordmark/athar-wordmark-light.svg (<- Athar_Package 02 Logo/SVG/Athar_Logo_Horizontal.svg wordmark),2026-09-30T01:19:06Z,PASS,,ivory-on-emerald,transparent,2,webp,v1.5.1 (carried),,,
dist/brand/lockups/athar-lockup-bilingual-horizontal-ivory-on-emerald-on-transparent@3x.png,1 primary-lockups,bilingual-horizontal,4938 x 1542,95582,f38d2a2b2d56e2c824cc5038e929739fb86c788936f8abe921f8f61de3743e09,resvg-js 2.6.2 (resvg 0.40.0) + sharp 0.34.3/libvips 8.17.1,rendered-assets-v1.5.0/dist/brand/monogram/athar-monogram-light.svg (<- Athar_Package 02 Logo/SVG/Athar_Logo_Monogram.svg) | rendered-assets-v1.5.0/dist/brand/wordmark/athar-wordmark-light.svg (<- Athar_Package 02 Logo/SVG/Athar_Logo_Horizontal.svg wordmark),2026-09-30T01:19:07Z,PASS,,ivory-on-emerald,transparent,3,png,v1.5.1 (carried),,,
dist/brand/lockups/athar-lockup-bilingual-horizontal-ivory-on-emerald-on-transparent@3x.webp,1 primary-lockups,bilingual-horizontal,4938 x 1542,23444,e5e8180d2bd68e51119ba0cc64ea8df3720189137af8db32de065a8e307bbe4a,resvg-js 2.6.2 + sharp 0.34.3 (WebP),rendered-assets-v1.5.0/dist/brand/monogram/athar-monogram-light.svg (<- Athar_Package 02 Logo/SVG/Athar_Logo_Monogram.svg) | rendered-assets-v1.5.0/dist/brand/wordmark/athar-wordmark-light.svg (<- Athar_Package 02 Logo/SVG/Athar_Logo_Horizontal.svg wordmark),2026-09-30T01:19:07Z,PASS,,ivory-on-emerald,transparent,3,webp,v1.5.1 (carried),,,
dist/brand/lockups/athar-lockup-bilingual-horizontal-ivory-on-emerald-on-transparent.svg,1 primary-lockups,bilingual-horizontal,1646 x 514,8370,55f80fe9ad79fa13503c4f5e3da25e8d609cbfb6cff273c5a97da62d43f3ba31,svgo 4.1.0 (safe config),rendered-assets-v1.5.0/dist/brand/monogram/athar-monogram-light.svg (<- Athar_Package 02 Logo/SVG/Athar_Logo_Monogram.svg) | rendered-assets-v1.5.0/dist/brand/wordmark/athar-wordmark-light.svg (<- Athar_Package 02 Logo/SVG/Athar_Logo_Horizontal.svg wordmark),2026-09-30T01:19:47Z,PASS,,ivory-on-emerald,transparent,1,svg,v1.5.1 (carried),,,
dist/brand/lockups/athar-lockup-bilingual-horizontal-ivory-on-emerald-on-transparent.pdf,1 primary-lockups,bilingual-horizontal,1646 x 514,7238,9150e4426a0c2171b131199e0714eb14ec37ad6cef6048c26a2feb9b30bc85ff,PyMuPDF 1.28.2 (MuPDF SVG->PDF),rendered-assets-v1.5.0/dist/brand/monogram/athar-monogram-light.svg (<- Athar_Package 02 Logo/SVG/Athar_Logo_Monogram.svg) | rendered-assets-v1.5.0/dist/brand/wordmark/athar-wordmark-light.svg (<- Athar_Package 02 Logo/SVG/Athar_Logo_Horizontal.svg wordmark),2026-09-30T01:19:47Z,PASS,,ivory-on-emerald,transparent,1,pdf,v1.5.1 (carried),,,
dist/brand/lockups/athar-lockup-bilingual-horizontal-signage-gold-on-deep_ocean@1x.png,1 primary-lockups,bilingual-horizontal,1646 x 514,22679,7446aceee53967f8d7238907b3e6f21f9455842d9688a001202c6ac88434b704,resvg-js 2.6.2 (resvg 0.40.0) + sharp 0.34.3/libvips 8.17.1,rendered-assets-v1.5.0/dist/brand/monogram/athar-monogram-light.svg (<- Athar_Package 02 Logo/SVG/Athar_Logo_Monogram.svg) | rendered-assets-v1.5.0/dist/brand/wordmark/athar-wordmark-light.svg (<- Athar_Package 02 Logo/SVG/Athar_Logo_Horizontal.svg wordmark),2026-09-30T01:19:07Z,PASS,,signage-gold,deep_ocean,1,png,v1.5.1 (carried),,,
dist/brand/lockups/athar-lockup-bilingual-horizontal-signage-gold-on-deep_ocean@1x.webp,1 primary-lockups,bilingual-horizontal,1646 x 514,7354,fb6d5f45ec51ad7e5de8c0e0e66dd6af8fbb0ce8a83438354b34e1a066670f19,resvg-js 2.6.2 + sharp 0.34.3 (WebP),rendered-assets-v1.5.0/dist/brand/monogram/athar-monogram-light.svg (<- Athar_Package 02 Logo/SVG/Athar_Logo_Monogram.svg) | rendered-assets-v1.5.0/dist/brand/wordmark/athar-wordmark-light.svg (<- Athar_Package 02 Logo/SVG/Athar_Logo_Horizontal.svg wordmark),2026-09-30T01:19:07Z,PASS,,signage-gold,deep_ocean,1,webp,v1.5.1 (carried),,,
dist/brand/lockups/athar-lockup-bilingual-horizontal-signage-gold-on-deep_ocean@2x.png,1 primary-lockups,bilingual-horizontal,3292 x 1028,53323,7ca96cd09d5c736a86b52dc1b570db076162205fd636d78cf362a48362eaed88,resvg-js 2.6.2 (resvg 0.40.0) + sharp 0.34.3/libvips 8.17.1,rendered-assets-v1.5.0/dist/brand/monogram/athar-monogram-light.svg (<- Athar_Package 02 Logo/SVG/Athar_Logo_Monogram.svg) | rendered-assets-v1.5.0/dist/brand/wordmark/athar-wordmark-light.svg (<- Athar_Package 02 Logo/SVG/Athar_Logo_Horizontal.svg wordmark),2026-09-30T01:19:08Z,PASS,,signage-gold,deep_ocean,2,png,v1.5.1 (carried),,,
dist/brand/lockups/athar-lockup-bilingual-horizontal-signage-gold-on-deep_ocean@2x.webp,1 primary-lockups,bilingual-horizontal,3292 x 1028,14982,8270cf9c00db8ff8e53299441d308d8458e88805a87e37a6f51aa82093482de1,resvg-js 2.6.2 + sharp 0.34.3 (WebP),rendered-assets-v1.5.0/dist/brand/monogram/athar-monogram-light.svg (<- Athar_Package 02 Logo/SVG/Athar_Logo_Monogram.svg) | rendered-assets-v1.5.0/dist/brand/wordmark/athar-wordmark-light.svg (<- Athar_Package 02 Logo/SVG/Athar_Logo_Horizontal.svg wordmark),2026-09-30T01:19:08Z,PASS,,signage-gold,deep_ocean,2,webp,v1.5.1 (carried),,,
dist/brand/lockups/athar-lockup-bilingual-horizontal-signage-gold-on-deep_ocean@3x.png,1 primary-lockups,bilingual-horizontal,4938 x 1542,94377,cd3a93ac5db5bc688f6cfd91a576e96562781647c8d23d834e79292684580834,resvg-js 2.6.2 (resvg 0.40.0) + sharp 0.34.3/libvips 8.17.1,rendered-assets-v1.5.0/dist/brand/monogram/athar-monogram-light.svg (<- Athar_Package 02 Logo/SVG/Athar_Logo_Monogram.svg) | rendered-assets-v1.5.0/dist/brand/wordmark/athar-wordmark-light.svg (<- Athar_Package 02 Logo/SVG/Athar_Logo_Horizontal.svg wordmark),2026-09-30T01:19:08Z,PASS,,signage-gold,deep_ocean,3,png,v1.5.1 (carried),,,
dist/brand/lockups/athar-lockup-bilingual-horizontal-signage-gold-on-deep_ocean@3x.webp,1 primary-lockups,bilingual-horizontal,4938 x 1542,23498,f7fabf70dd3d9db947856a51714a64a9885b6c340bd8066fa9c2e856fe81f122,resvg-js 2.6.2 + sharp 0.34.3 (WebP),rendered-assets-v1.5.0/dist/brand/monogram/athar-monogram-light.svg (<- Athar_Package 02 Logo/SVG/Athar_Logo_Monogram.svg) | rendered-assets-v1.5.0/dist/brand/wordmark/athar-wordmark-light.svg (<- Athar_Package 02 Logo/SVG/Athar_Logo_Horizontal.svg wordmark),2026-09-30T01:19:09Z,PASS,,signage-gold,deep_ocean,3,webp,v1.5.1 (carried),,,
dist/brand/lockups/athar-lockup-bilingual-horizontal-signage-gold-on-deep_ocean.svg,1 primary-lockups,bilingual-horizontal,1646 x 514,8443,e4d8ae6548f89ced5f89dc762c51ce7fc3858d1f7dcb44fbb9f91dfee20ba8cb,svgo 4.1.0 (safe config),rendered-assets-v1.5.0/dist/brand/monogram/athar-monogram-light.svg (<- Athar_Package 02 Logo/SVG/Athar_Logo_Monogram.svg) | rendered-assets-v1.5.0/dist/brand/wordmark/athar-wordmark-light.svg (<- Athar_Package 02 Logo/SVG/Athar_Logo_Horizontal.svg wordmark),2026-09-30T01:19:48Z,PASS,,signage-gold,deep_ocean,1,svg,v1.5.1 (carried),,,
dist/brand/lockups/athar-lockup-bilingual-horizontal-signage-gold-on-deep_ocean.pdf,1 primary-lockups,bilingual-horizontal,1646 x 514,7286,c0083ea55bb3a500d532ce45f2744465793615afb9467cf8c1e66b7395e2404a,PyMuPDF 1.28.2 (MuPDF SVG->PDF),rendered-assets-v1.5.0/dist/brand/monogram/athar-monogram-light.svg (<- Athar_Package 02 Logo/SVG/Athar_Logo_Monogram.svg) | rendered-assets-v1.5.0/dist/brand/wordmark/athar-wordmark-light.svg (<- Athar_Package 02 Logo/SVG/Athar_Logo_Horizontal.svg wordmark),2026-09-30T01:19:48Z,PASS,,signage-gold,deep_ocean,1,pdf,v1.5.1 (carried),,,
dist/brand/lockups/athar-lockup-bilingual-horizontal-signage-gold-on-transparent@1x.png,1 primary-lockups,bilingual-horizontal,1646 x 514,22198,0140c7839001154de2e8254e9ce656a4d8fe062a91d3bb8c9fda7c0a6f4caaaa,resvg-js 2.6.2 (resvg 0.40.0) + sharp 0.34.3/libvips 8.17.1,rendered-assets-v1.5.0/dist/brand/monogram/athar-monogram-light.svg (<- Athar_Package 02 Logo/SVG/Athar_Logo_Monogram.svg) | rendered-assets-v1.5.0/dist/brand/wordmark/athar-wordmark-light.svg (<- Athar_Package 02 Logo/SVG/Athar_Logo_Horizontal.svg wordmark),2026-09-30T01:19:09Z,PASS,,signage-gold,transparent,1,png,v1.5.1 (carried),,,
dist/brand/lockups/athar-lockup-bilingual-horizontal-signage-gold-on-transparent@1x.webp,1 primary-lockups,bilingual-horizontal,1646 x 514,7436,0a07a06f2cff080b7777d460dffa641d40d5f6255c620138fc428ff8bd517488,resvg-js 2.6.2 + sharp 0.34.3 (WebP),rendered-assets-v1.5.0/dist/brand/monogram/athar-monogram-light.svg (<- Athar_Package 02 Logo/SVG/Athar_Logo_Monogram.svg) | rendered-assets-v1.5.0/dist/brand/wordmark/athar-wordmark-light.svg (<- Athar_Package 02 Logo/SVG/Athar_Logo_Horizontal.svg wordmark),2026-09-30T01:19:09Z,PASS,,signage-gold,transparent,1,webp,v1.5.1 (carried),,,
dist/brand/lockups/athar-lockup-bilingual-horizontal-signage-gold-on-transparent@2x.png,1 primary-lockups,bilingual-horizontal,3292 x 1028,52374,11ce59789ee120bc30bd009d53f93b58ec844d08572f9765414a06acb29bdc93,resvg-js 2.6.2 (resvg 0.40.0) + sharp 0.34.3/libvips 8.17.1,rendered-assets-v1.5.0/dist/brand/monogram/athar-monogram-light.svg (<- Athar_Package 02 Logo/SVG/Athar_Logo_Monogram.svg) | rendered-assets-v1.5.0/dist/brand/wordmark/athar-wordmark-light.svg (<- Athar_Package 02 Logo/SVG/Athar_Logo_Horizontal.svg wordmark),2026-09-30T01:19:09Z,PASS,,signage-gold,transparent,2,png,v1.5.1 (carried),,,
dist/brand/lockups/athar-lockup-bilingual-horizontal-signage-gold-on-transparent@2x.webp,1 primary-lockups,bilingual-horizontal,3292 x 1028,15164,7274f67ec415762cab74df2ff6472515321c8b35ce45d3a13f2796af4ee92e3f,resvg-js 2.6.2 + sharp 0.34.3 (WebP),rendered-assets-v1.5.0/dist/brand/monogram/athar-monogram-light.svg (<- Athar_Package 02 Logo/SVG/Athar_Logo_Monogram.svg) | rendered-assets-v1.5.0/dist/brand/wordmark/athar-wordmark-light.svg (<- Athar_Package 02 Logo/SVG/Athar_Logo_Horizontal.svg wordmark),2026-09-30T01:19:09Z,PASS,,signage-gold,transparent,2,webp,v1.5.1 (carried),,,
dist/brand/lockups/athar-lockup-bilingual-horizontal-signage-gold-on-transparent@3x.png,1 primary-lockups,bilingual-horizontal,4938 x 1542,92371,7d7bc9f0b9e507fe2ee1da960dbd5a0d700f8d0904d747a38602f7ccf703121d,resvg-js 2.6.2 (resvg 0.40.0) + sharp 0.34.3/libvips 8.17.1,rendered-assets-v1.5.0/dist/brand/monogram/athar-monogram-light.svg (<- Athar_Package 02 Logo/SVG/Athar_Logo_Monogram.svg) | rendered-assets-v1.5.0/dist/brand/wordmark/athar-wordmark-light.svg (<- Athar_Package 02 Logo/SVG/Athar_Logo_Horizontal.svg wordmark),2026-09-30T01:19:10Z,PASS,,signage-gold,transparent,3,png,v1.5.1 (carried),,,
dist/brand/lockups/athar-lockup-bilingual-horizontal-signage-gold-on-transparent@3x.webp,1 primary-lockups,bilingual-horizontal,4938 x 1542,23450,39a3c9cd3a539ba6f176f76084d951d5ae702266abf0fcd084e9e18d519abc0a,resvg-js 2.6.2 + sharp 0.34.3 (WebP),rendered-assets-v1.5.0/dist/brand/monogram/athar-monogram-light.svg (<- Athar_Package 02 Logo/SVG/Athar_Logo_Monogram.svg) | rendered-assets-v1.5.0/dist/brand/wordmark/athar-wordmark-light.svg (<- Athar_Package 02 Logo/SVG/Athar_Logo_Horizontal.svg wordmark),2026-09-30T01:19:10Z,PASS,,signage-gold,transparent,3,webp,v1.5.1 (carried),,,
dist/brand/lockups/athar-lockup-bilingual-horizontal-signage-gold-on-transparent.svg,1 primary-lockups,bilingual-horizontal,1646 x 514,8366,c54e8217bd02becff72523ed5cec1438718506006857d87c34a15e501ab20cd2,svgo 4.1.0 (safe config),rendered-assets-v1.5.0/dist/brand/monogram/athar-monogram-light.svg (<- Athar_Package 02 Logo/SVG/Athar_Logo_Monogram.svg) | rendered-assets-v1.5.0/dist/brand/wordmark/athar-wordmark-light.svg (<- Athar_Package 02 Logo/SVG/Athar_Logo_Horizontal.svg wordmark),2026-09-30T01:19:48Z,PASS,,signage-gold,transparent,1,svg,v1.5.1 (carried),,,
dist/brand/lockups/athar-lockup-bilingual-horizontal-signage-gold-on-transparent.pdf,1 primary-lockups,bilingual-horizontal,1646 x 514,7237,a80cd801d878ce8d5d927507a1e0016dc3b5744e83de6dd0cc0d9fc7a900ce8c,PyMuPDF 1.28.2 (MuPDF SVG->PDF),rendered-assets-v1.5.0/dist/brand/monogram/athar-monogram-light.svg (<- Athar_Package 02 Logo/SVG/Athar_Logo_Monogram.svg) | rendered-assets-v1.5.0/dist/brand/wordmark/athar-wordmark-light.svg (<- Athar_Package 02 Logo/SVG/Athar_Logo_Horizontal.svg wordmark),2026-09-30T01:19:48Z,PASS,,signage-gold,transparent,1,pdf,v1.5.1 (carried),,,
dist/brand/lockups/athar-lockup-bilingual-stacked-navy-on-transparent@1x.png,1 primary-lockups,bilingual-stacked,610 x 601,15603,e3d1d5a5ada50145418aa3f4fd1429cd264deffa658d45776bc1e3b998b28528,resvg-js 2.6.2 (resvg 0.40.0) + sharp 0.34.3/libvips 8.17.1,rendered-assets-v1.5.0/dist/brand/monogram/athar-monogram-light.svg (<- Athar_Package 02 Logo/SVG/Athar_Logo_Monogram.svg) | rendered-assets-v1.5.0/dist/brand/wordmark/athar-wordmark-light.svg (<- Athar_Package 02 Logo/SVG/Athar_Logo_Horizontal.svg wordmark),2026-09-30T01:19:11Z,PASS,,navy,transparent,1,png,v1.5.1 (carried),,,
dist/brand/lockups/athar-lockup-bilingual-stacked-navy-on-transparent@1x.webp,1 primary-lockups,bilingual-stacked,610 x 601,5500,1877ac7e93d9d8415885a1e075c346b1e8ae7dde5fdb846218f8f66fd5215068,resvg-js 2.6.2 + sharp 0.34.3 (WebP),rendered-assets-v1.5.0/dist/brand/monogram/athar-monogram-light.svg (<- Athar_Package 02 Logo/SVG/Athar_Logo_Monogram.svg) | rendered-assets-v1.5.0/dist/brand/wordmark/athar-wordmark-light.svg (<- Athar_Package 02 Logo/SVG/Athar_Logo_Horizontal.svg wordmark),2026-09-30T01:19:11Z,PASS,,navy,transparent,1,webp,v1.5.1 (carried),,,
dist/brand/lockups/athar-lockup-bilingual-stacked-navy-on-transparent@2x.png,1 primary-lockups,bilingual-stacked,1220 x 1202,35489,fb825bd373965763daa096f7801ea820408692e0d7a79e6061ecb65a88a5145d,resvg-js 2.6.2 (resvg 0.40.0) + sharp 0.34.3/libvips 8.17.1,rendered-assets-v1.5.0/dist/brand/monogram/athar-monogram-light.svg (<- Athar_Package 02 Logo/SVG/Athar_Logo_Monogram.svg) | rendered-assets-v1.5.0/dist/brand/wordmark/athar-wordmark-light.svg (<- Athar_Package 02 Logo/SVG/Athar_Logo_Horizontal.svg wordmark),2026-09-30T01:19:11Z,PASS,,navy,transparent,2,png,v1.5.1 (carried),,,
dist/brand/lockups/athar-lockup-bilingual-stacked-navy-on-transparent@2x.webp,1 primary-lockups,bilingual-stacked,1220 x 1202,10798,47e8404718a80224f693e2ce291ff6ed247c77350477e3ef27f6e5d5fa1350b8,resvg-js 2.6.2 + sharp 0.34.3 (WebP),rendered-assets-v1.5.0/dist/brand/monogram/athar-monogram-light.svg (<- Athar_Package 02 Logo/SVG/Athar_Logo_Monogram.svg) | rendered-assets-v1.5.0/dist/brand/wordmark/athar-wordmark-light.svg (<- Athar_Package 02 Logo/SVG/Athar_Logo_Horizontal.svg wordmark),2026-09-30T01:19:11Z,PASS,,navy,transparent,2,webp,v1.5.1 (carried),,,
dist/brand/lockups/athar-lockup-bilingual-stacked-navy-on-transparent@3x.png,1 primary-lockups,bilingual-stacked,1830 x 1803,58214,43384c52fdd728aacba0e271d1b805004124d52a63d310e98dafdee98c0d484e,resvg-js 2.6.2 (resvg 0.40.0) + sharp 0.34.3/libvips 8.17.1,rendered-assets-v1.5.0/dist/brand/monogram/athar-monogram-light.svg (<- Athar_Package 02 Logo/SVG/Athar_Logo_Monogram.svg) | rendered-assets-v1.5.0/dist/brand/wordmark/athar-wordmark-light.svg (<- Athar_Package 02 Logo/SVG/Athar_Logo_Horizontal.svg wordmark),2026-09-30T01:19:11Z,PASS,,navy,transparent,3,png,v1.5.1 (carried),,,
dist/brand/lockups/athar-lockup-bilingual-stacked-navy-on-transparent@3x.webp,1 primary-lockups,bilingual-stacked,1830 x 1803,16232,9f955891150d1fa6234f954bc73bceceba2a5ce75cda7e24fe97426414485e61,resvg-js 2.6.2 + sharp 0.34.3 (WebP),rendered-assets-v1.5.0/dist/brand/monogram/athar-monogram-light.svg (<- Athar_Package 02 Logo/SVG/Athar_Logo_Monogram.svg) | rendered-assets-v1.5.0/dist/brand/wordmark/athar-wordmark-light.svg (<- Athar_Package 02 Logo/SVG/Athar_Logo_Horizontal.svg wordmark),2026-09-30T01:19:11Z,PASS,,navy,transparent,3,webp,v1.5.1 (carried),,,
dist/brand/lockups/athar-lockup-bilingual-stacked-navy-on-transparent.svg,1 primary-lockups,bilingual-stacked,610 x 601,8354,b580b84c078b4db978401516eb304e649caec3be9943df88899719be0372f2b5,svgo 4.1.0 (safe config),rendered-assets-v1.5.0/dist/brand/monogram/athar-monogram-light.svg (<- Athar_Package 02 Logo/SVG/Athar_Logo_Monogram.svg) | rendered-assets-v1.5.0/dist/brand/wordmark/athar-wordmark-light.svg (<- Athar_Package 02 Logo/SVG/Athar_Logo_Horizontal.svg wordmark),2026-09-30T01:19:48Z,PASS,,navy,transparent,1,svg,v1.5.1 (carried),,,
dist/brand/lockups/athar-lockup-bilingual-stacked-navy-on-transparent.pdf,1 primary-lockups,bilingual-stacked,610 x 601,7228,d487ce66eb140a6fee0a484f339a0d5104bac2314deba370957d84cb8159bd08,PyMuPDF 1.28.2 (MuPDF SVG->PDF),rendered-assets-v1.5.0/dist/brand/monogram/athar-monogram-light.svg (<- Athar_Package 02 Logo/SVG/Athar_Logo_Monogram.svg) | rendered-assets-v1.5.0/dist/brand/wordmark/athar-wordmark-light.svg (<- Athar_Package 02 Logo/SVG/Athar_Logo_Horizontal.svg wordmark),2026-09-30T01:19:48Z,PASS,,navy,transparent,1,pdf,v1.5.1 (carried),,,
dist/brand/lockups/athar-lockup-bilingual-stacked-navy-on-ivory@1x.png,1 primary-lockups,bilingual-stacked,610 x 601,14791,9d8cc491332736c306f6c93d9b8f9d7e53ca504891d571345ff79aa0489399a9,resvg-js 2.6.2 (resvg 0.40.0) + sharp 0.34.3/libvips 8.17.1,rendered-assets-v1.5.0/dist/brand/monogram/athar-monogram-light.svg (<- Athar_Package 02 Logo/SVG/Athar_Logo_Monogram.svg) | rendered-assets-v1.5.0/dist/brand/wordmark/athar-wordmark-light.svg (<- Athar_Package 02 Logo/SVG/Athar_Logo_Horizontal.svg wordmark),2026-09-30T01:19:11Z,PASS,,navy,ivory,1,png,v1.5.1 (carried),,,
dist/brand/lockups/athar-lockup-bilingual-stacked-navy-on-ivory@1x.webp,1 primary-lockups,bilingual-stacked,610 x 601,5456,3236568378621ffe0795519d254cb4d6eb3ad17546bc7cb85f71895265c3b1f0,resvg-js 2.6.2 + sharp 0.34.3 (WebP),rendered-assets-v1.5.0/dist/brand/monogram/athar-monogram-light.svg (<- Athar_Package 02 Logo/SVG/Athar_Logo_Monogram.svg) | rendered-assets-v1.5.0/dist/brand/wordmark/athar-wordmark-light.svg (<- Athar_Package 02 Logo/SVG/Athar_Logo_Horizontal.svg wordmark),2026-09-30T01:19:11Z,PASS,,navy,ivory,1,webp,v1.5.1 (carried),,,
dist/brand/lockups/athar-lockup-bilingual-stacked-navy-on-ivory@2x.png,1 primary-lockups,bilingual-stacked,1220 x 1202,33807,d41eb07a3da2bf2d9449f46137b6d3858c05674bc4505d6638b30798dd0b81b6,resvg-js 2.6.2 (resvg 0.40.0) + sharp 0.34.3/libvips 8.17.1,rendered-assets-v1.5.0/dist/brand/monogram/athar-monogram-light.svg (<- Athar_Package 02 Logo/SVG/Athar_Logo_Monogram.svg) | rendered-assets-v1.5.0/dist/brand/wordmark/athar-wordmark-light.svg (<- Athar_Package 02 Logo/SVG/Athar_Logo_Horizontal.svg wordmark),2026-09-30T01:19:12Z,PASS,,navy,ivory,2,png,v1.5.1 (carried),,,
dist/brand/lockups/athar-lockup-bilingual-stacked-navy-on-ivory@2x.webp,1 primary-lockups,bilingual-stacked,1220 x 1202,10780,22c16ed58854b32be61024e91c26979463606810da3a89f4b45571e8c92b1f12,resvg-js 2.6.2 + sharp 0.34.3 (WebP),rendered-assets-v1.5.0/dist/brand/monogram/athar-monogram-light.svg (<- Athar_Package 02 Logo/SVG/Athar_Logo_Monogram.svg) | rendered-assets-v1.5.0/dist/brand/wordmark/athar-wordmark-light.svg (<- Athar_Package 02 Logo/SVG/Athar_Logo_Horizontal.svg wordmark),2026-09-30T01:19:12Z,PASS,,navy,ivory,2,webp,v1.5.1 (carried),,,
dist/brand/lockups/athar-lockup-bilingual-stacked-navy-on-ivory@3x.png,1 primary-lockups,bilingual-stacked,1830 x 1803,55819,9546830abb841f7aeef5965516b6eda1d8ce81e8a10a84febc0637d863a42fb9,resvg-js 2.6.2 (resvg 0.40.0) + sharp 0.34.3/libvips 8.17.1,rendered-assets-v1.5.0/dist/brand/monogram/athar-monogram-light.svg (<- Athar_Package 02 Logo/SVG/Athar_Logo_Monogram.svg) | rendered-assets-v1.5.0/dist/brand/wordmark/athar-wordmark-light.svg (<- Athar_Package 02 Logo/SVG/Athar_Logo_Horizontal.svg wordmark),2026-09-30T01:19:12Z,PASS,,navy,ivory,3,png,v1.5.1 (carried),,,
dist/brand/lockups/athar-lockup-bilingual-stacked-navy-on-ivory@3x.webp,1 primary-lockups,bilingual-stacked,1830 x 1803,16218,416f30d31f4b9c489ef794f2e96fe652ece1e8c9af86507869f56cc0e0addb85,resvg-js 2.6.2 + sharp 0.34.3 (WebP),rendered-assets-v1.5.0/dist/brand/monogram/athar-monogram-light.svg (<- Athar_Package 02 Logo/SVG/Athar_Logo_Monogram.svg) | rendered-assets-v1.5.0/dist/brand/wordmark/athar-wordmark-light.svg (<- Athar_Package 02 Logo/SVG/Athar_Logo_Horizontal.svg wordmark),2026-09-30T01:19:12Z,PASS,,navy,ivory,3,webp,v1.5.1 (carried),,,
dist/brand/lockups/athar-lockup-bilingual-stacked-navy-on-ivory.svg,1 primary-lockups,bilingual-stacked,610 x 601,8426,1661aa1e1c3fdabf43808c6362b451d9ea448ad702567e9eb1b307efe7262bfd,svgo 4.1.0 (safe config),rendered-assets-v1.5.0/dist/brand/monogram/athar-monogram-light.svg (<- Athar_Package 02 Logo/SVG/Athar_Logo_Monogram.svg) | rendered-assets-v1.5.0/dist/brand/wordmark/athar-wordmark-light.svg (<- Athar_Package 02 Logo/SVG/Athar_Logo_Horizontal.svg wordmark),2026-09-30T01:19:49Z,PASS,,navy,ivory,1,svg,v1.5.1 (carried),,,
dist/brand/lockups/athar-lockup-bilingual-stacked-navy-on-ivory.pdf,1 primary-lockups,bilingual-stacked,610 x 601,7285,bf4b5a7621fa6fa092f45451c6b222a681fca963446927b639e9fec4e90e0d3f,PyMuPDF 1.28.2 (MuPDF SVG->PDF),rendered-assets-v1.5.0/dist/brand/monogram/athar-monogram-light.svg (<- Athar_Package 02 Logo/SVG/Athar_Logo_Monogram.svg) | rendered-assets-v1.5.0/dist/brand/wordmark/athar-wordmark-light.svg (<- Athar_Package 02 Logo/SVG/Athar_Logo_Horizontal.svg wordmark),2026-09-30T01:19:49Z,PASS,,navy,ivory,1,pdf,v1.5.1 (carried),,,
dist/brand/lockups/athar-lockup-bilingual-stacked-navy-on-sand@1x.png,1 primary-lockups,bilingual-stacked,610 x 601,15050,35d3cff189b7ea17876869c73df32729fc40d98b21be1deb64d40695df3b4259,resvg-js 2.6.2 (resvg 0.40.0) + sharp 0.34.3/libvips 8.17.1,rendered-assets-v1.5.0/dist/brand/monogram/athar-monogram-light.svg (<- Athar_Package 02 Logo/SVG/Athar_Logo_Monogram.svg) | rendered-assets-v1.5.0/dist/brand/wordmark/athar-wordmark-light.svg (<- Athar_Package 02 Logo/SVG/Athar_Logo_Horizontal.svg wordmark),2026-09-30T01:19:12Z,PASS,,navy,sand,1,png,v1.5.1 (carried),,,
dist/brand/lockups/athar-lockup-bilingual-stacked-navy-on-sand@1x.webp,1 primary-lockups,bilingual-stacked,610 x 601,5446,72b5d6499fc1c145f9bdc5b23c980cd543512865616e4fecdd47f7cc305c7275,resvg-js 2.6.2 + sharp 0.34.3 (WebP),rendered-assets-v1.5.0/dist/brand/monogram/athar-monogram-light.svg (<- Athar_Package 02 Logo/SVG/Athar_Logo_Monogram.svg) | rendered-assets-v1.5.0/dist/brand/wordmark/athar-wordmark-light.svg (<- Athar_Package 02 Logo/SVG/Athar_Logo_Horizontal.svg wordmark),2026-09-30T01:19:12Z,PASS,,navy,sand,1,webp,v1.5.1 (carried),,,
dist/brand/lockups/athar-lockup-bilingual-stacked-navy-on-sand@2x.png,1 primary-lockups,bilingual-stacked,1220 x 1202,34699,f4b1f9bc6006db514ae53161e26445c55678b3d165692e1d06b4f8cb40d634a2,resvg-js 2.6.2 (resvg 0.40.0) + sharp 0.34.3/libvips 8.17.1,rendered-assets-v1.5.0/dist/brand/monogram/athar-monogram-light.svg (<- Athar_Package 02 Logo/SVG/Athar_Logo_Monogram.svg) | rendered-assets-v1.5.0/dist/brand/wordmark/athar-wordmark-light.svg (<- Athar_Package 02 Logo/SVG/Athar_Logo_Horizontal.svg wordmark),2026-09-30T01:19:12Z,PASS,,navy,sand,2,png,v1.5.1 (carried),,,
dist/brand/lockups/athar-lockup-bilingual-stacked-navy-on-sand@2x.webp,1 primary-lockups,bilingual-stacked,1220 x 1202,10750,508dc5f87d9ab3aed795fff88942ee9d239079723e0c9e26409c2add69869666,resvg-js 2.6.2 + sharp 0.34.3 (WebP),rendered-assets-v1.5.0/dist/brand/monogram/athar-monogram-light.svg (<- Athar_Package 02 Logo/SVG/Athar_Logo_Monogram.svg) | rendered-assets-v1.5.0/dist/brand/wordmark/athar-wordmark-light.svg (<- Athar_Package 02 Logo/SVG/Athar_Logo_Horizontal.svg wordmark),2026-09-30T01:19:13Z,PASS,,navy,sand,2,webp,v1.5.1 (carried),,,
dist/brand/lockups/athar-lockup-bilingual-stacked-navy-on-sand@3x.png,1 primary-lockups,bilingual-stacked,1830 x 1803,56954,dcbe0ba1c062de73f974d85730a9d4deef04ba93f7f6c562234fadf12a1f613f,resvg-js 2.6.2 (resvg 0.40.0) + sharp 0.34.3/libvips 8.17.1,rendered-assets-v1.5.0/dist/brand/monogram/athar-monogram-light.svg (<- Athar_Package 02 Logo/SVG/Athar_Logo_Monogram.svg) | rendered-assets-v1.5.0/dist/brand/wordmark/athar-wordmark-light.svg (<- Athar_Package 02 Logo/SVG/Athar_Logo_Horizontal.svg wordmark),2026-09-30T01:19:13Z,PASS,,navy,sand,3,png,v1.5.1 (carried),,,
dist/brand/lockups/athar-lockup-bilingual-stacked-navy-on-sand@3x.webp,1 primary-lockups,bilingual-stacked,1830 x 1803,16174,9d7934d203906904f6b2b495c0e1c495b550ad3f69bb8f3b6aada635417b1353,resvg-js 2.6.2 + sharp 0.34.3 (WebP),rendered-assets-v1.5.0/dist/brand/monogram/athar-monogram-light.svg (<- Athar_Package 02 Logo/SVG/Athar_Logo_Monogram.svg) | rendered-assets-v1.5.0/dist/brand/wordmark/athar-wordmark-light.svg (<- Athar_Package 02 Logo/SVG/Athar_Logo_Horizontal.svg wordmark),2026-09-30T01:19:13Z,PASS,,navy,sand,3,webp,v1.5.1 (carried),,,
dist/brand/lockups/athar-lockup-bilingual-stacked-navy-on-sand.svg,1 primary-lockups,bilingual-stacked,610 x 601,8425,b068a1cc8e19d4dc078f06307a23bdd2a41d266be31855c762833129319fcf82,svgo 4.1.0 (safe config),rendered-assets-v1.5.0/dist/brand/monogram/athar-monogram-light.svg (<- Athar_Package 02 Logo/SVG/Athar_Logo_Monogram.svg) | rendered-assets-v1.5.0/dist/brand/wordmark/athar-wordmark-light.svg (<- Athar_Package 02 Logo/SVG/Athar_Logo_Horizontal.svg wordmark),2026-09-30T01:19:49Z,PASS,,navy,sand,1,svg,v1.5.1 (carried),,,
dist/brand/lockups/athar-lockup-bilingual-stacked-navy-on-sand.pdf,1 primary-lockups,bilingual-stacked,610 x 601,7288,e28e7e4f70d3d8242d3cbbfbaf19367897b89152da81375a206e025b07a5c72e,PyMuPDF 1.28.2 (MuPDF SVG->PDF),rendered-assets-v1.5.0/dist/brand/monogram/athar-monogram-light.svg (<- Athar_Package 02 Logo/SVG/Athar_Logo_Monogram.svg) | rendered-assets-v1.5.0/dist/brand/wordmark/athar-wordmark-light.svg (<- Athar_Package 02 Logo/SVG/Athar_Logo_Horizontal.svg wordmark),2026-09-30T01:19:49Z,PASS,,navy,sand,1,pdf,v1.5.1 (carried),,,
dist/brand/lockups/athar-lockup-bilingual-stacked-reversed-on-transparent@1x.png,1 primary-lockups,bilingual-stacked,610 x 601,15679,bc8072e8363dc9caea75d07aae45274a67e89f2d09edf93b47be651308b73725,resvg-js 2.6.2 (resvg 0.40.0) + sharp 0.34.3/libvips 8.17.1,rendered-assets-v1.5.0/dist/brand/monogram/athar-monogram-light.svg (<- Athar_Package 02 Logo/SVG/Athar_Logo_Monogram.svg) | rendered-assets-v1.5.0/dist/brand/wordmark/athar-wordmark-light.svg (<- Athar_Package 02 Logo/SVG/Athar_Logo_Horizontal.svg wordmark),2026-09-30T01:19:13Z,PASS,,reversed,transparent,1,png,v1.5.1 (carried),,,
dist/brand/lockups/athar-lockup-bilingual-stacked-reversed-on-transparent@1x.webp,1 primary-lockups,bilingual-stacked,610 x 601,5666,d3482a425404a9cef9c0d3d4f8701805ceb9b86748b456811c820f071344b0cd,resvg-js 2.6.2 + sharp 0.34.3 (WebP),rendered-assets-v1.5.0/dist/brand/monogram/athar-monogram-light.svg (<- Athar_Package 02 Logo/SVG/Athar_Logo_Monogram.svg) | rendered-assets-v1.5.0/dist/brand/wordmark/athar-wordmark-light.svg (<- Athar_Package 02 Logo/SVG/Athar_Logo_Horizontal.svg wordmark),2026-09-30T01:19:13Z,PASS,,reversed,transparent,1,webp,v1.5.1 (carried),,,
dist/brand/lockups/athar-lockup-bilingual-stacked-reversed-on-transparent@2x.png,1 primary-lockups,bilingual-stacked,1220 x 1202,35431,4406b9ac431d184413bb74394152dc82475a11207a839b179dcae036c0fd62bc,resvg-js 2.6.2 (resvg 0.40.0) + sharp 0.34.3/libvips 8.17.1,rendered-assets-v1.5.0/dist/brand/monogram/athar-monogram-light.svg (<- Athar_Package 02 Logo/SVG/Athar_Logo_Monogram.svg) | rendered-assets-v1.5.0/dist/brand/wordmark/athar-wordmark-light.svg (<- Athar_Package 02 Logo/SVG/Athar_Logo_Horizontal.svg wordmark),2026-09-30T01:19:13Z,PASS,,reversed,transparent,2,png,v1.5.1 (carried),,,
dist/brand/lockups/athar-lockup-bilingual-stacked-reversed-on-transparent@2x.webp,1 primary-lockups,bilingual-stacked,1220 x 1202,11368,db12250f59432fedc2d929a790c6dbb63b38cbda2efbdc0528b9743f53ab1ffb,resvg-js 2.6.2 + sharp 0.34.3 (WebP),rendered-assets-v1.5.0/dist/brand/monogram/athar-monogram-light.svg (<- Athar_Package 02 Logo/SVG/Athar_Logo_Monogram.svg) | rendered-assets-v1.5.0/dist/brand/wordmark/athar-wordmark-light.svg (<- Athar_Package 02 Logo/SVG/Athar_Logo_Horizontal.svg wordmark),2026-09-30T01:19:13Z,PASS,,reversed,transparent,2,webp,v1.5.1 (carried),,,
dist/brand/lockups/athar-lockup-bilingual-stacked-reversed-on-transparent@3x.png,1 primary-lockups,bilingual-stacked,1830 x 1803,58288,e7748a1a2a6790637e24b16333d0b308d032a745b762e95d913e66dbc0cb5beb,resvg-js 2.6.2 (resvg 0.40.0) + sharp 0.34.3/libvips 8.17.1,rendered-assets-v1.5.0/dist/brand/monogram/athar-monogram-light.svg (<- Athar_Package 02 Logo/SVG/Athar_Logo_Monogram.svg) | rendered-assets-v1.5.0/dist/brand/wordmark/athar-wordmark-light.svg (<- Athar_Package 02 Logo/SVG/Athar_Logo_Horizontal.svg wordmark),2026-09-30T01:19:14Z,PASS,,reversed,transparent,3,png,v1.5.1 (carried),,,
dist/brand/lockups/athar-lockup-bilingual-stacked-reversed-on-transparent@3x.webp,1 primary-lockups,bilingual-stacked,1830 x 1803,16540,f2bd3659e422276beac36458eaaaa6c46e2c7cc9ce91726ae8ec685c98ef3ae8,resvg-js 2.6.2 + sharp 0.34.3 (WebP),rendered-assets-v1.5.0/dist/brand/monogram/athar-monogram-light.svg (<- Athar_Package 02 Logo/SVG/Athar_Logo_Monogram.svg) | rendered-assets-v1.5.0/dist/brand/wordmark/athar-wordmark-light.svg (<- Athar_Package 02 Logo/SVG/Athar_Logo_Horizontal.svg wordmark),2026-09-30T01:19:14Z,PASS,,reversed,transparent,3,webp,v1.5.1 (carried),,,
dist/brand/lockups/athar-lockup-bilingual-stacked-reversed-on-transparent.svg,1 primary-lockups,bilingual-stacked,610 x 601,8358,7d808042159a9e1fae2de11075f3868f01bd07b2b7f5010568d431b7f9f7f325,svgo 4.1.0 (safe config),rendered-assets-v1.5.0/dist/brand/monogram/athar-monogram-light.svg (<- Athar_Package 02 Logo/SVG/Athar_Logo_Monogram.svg) | rendered-assets-v1.5.0/dist/brand/wordmark/athar-wordmark-light.svg (<- Athar_Package 02 Logo/SVG/Athar_Logo_Horizontal.svg wordmark),2026-09-30T01:19:49Z,PASS,,reversed,transparent,1,svg,v1.5.1 (carried),,,
dist/brand/lockups/athar-lockup-bilingual-stacked-reversed-on-transparent.pdf,1 primary-lockups,bilingual-stacked,610 x 601,7247,8538d9e781b2314b8201f61e16c357e1d3c2a95047c3c71903a3b3e77ffab6fb,PyMuPDF 1.28.2 (MuPDF SVG->PDF),rendered-assets-v1.5.0/dist/brand/monogram/athar-monogram-light.svg (<- Athar_Package 02 Logo/SVG/Athar_Logo_Monogram.svg) | rendered-assets-v1.5.0/dist/brand/wordmark/athar-wordmark-light.svg (<- Athar_Package 02 Logo/SVG/Athar_Logo_Horizontal.svg wordmark),2026-09-30T01:19:49Z,PASS,,reversed,transparent,1,pdf,v1.5.1 (carried),,,
dist/brand/lockups/athar-lockup-bilingual-stacked-reversed-on-deep_ocean@1x.png,1 primary-lockups,bilingual-stacked,610 x 601,15184,207bd5bb265d00ac343879e1039fcbed81ac6c91cd707f6ee6f90de81c321658,resvg-js 2.6.2 (resvg 0.40.0) + sharp 0.34.3/libvips 8.17.1,rendered-assets-v1.5.0/dist/brand/monogram/athar-monogram-light.svg (<- Athar_Package 02 Logo/SVG/Athar_Logo_Monogram.svg) | rendered-assets-v1.5.0/dist/brand/wordmark/athar-wordmark-light.svg (<- Athar_Package 02 Logo/SVG/Athar_Logo_Horizontal.svg wordmark),2026-09-30T01:19:14Z,PASS,,reversed,deep_ocean,1,png,v1.5.1 (carried),,,
dist/brand/lockups/athar-lockup-bilingual-stacked-reversed-on-deep_ocean@1x.webp,1 primary-lockups,bilingual-stacked,610 x 601,5658,2209ff1dc3f0e4d6b1704b82304a8acbe424abaf3cdfd7ca543909d3a9b77de0,resvg-js 2.6.2 + sharp 0.34.3 (WebP),rendered-assets-v1.5.0/dist/brand/monogram/athar-monogram-light.svg (<- Athar_Package 02 Logo/SVG/Athar_Logo_Monogram.svg) | rendered-assets-v1.5.0/dist/brand/wordmark/athar-wordmark-light.svg (<- Athar_Package 02 Logo/SVG/Athar_Logo_Horizontal.svg wordmark),2026-09-30T01:19:14Z,PASS,,reversed,deep_ocean,1,webp,v1.5.1 (carried),,,
dist/brand/lockups/athar-lockup-bilingual-stacked-reversed-on-deep_ocean@2x.png,1 primary-lockups,bilingual-stacked,1220 x 1202,34490,7698efc63a271b99006afe627714c8b5eeb6ed5310232e74a70b0b6a5db2a1f7,resvg-js 2.6.2 (resvg 0.40.0) + sharp 0.34.3/libvips 8.17.1,rendered-assets-v1.5.0/dist/brand/monogram/athar-monogram-light.svg (<- Athar_Package 02 Logo/SVG/Athar_Logo_Monogram.svg) | rendered-assets-v1.5.0/dist/brand/wordmark/athar-wordmark-light.svg (<- Athar_Package 02 Logo/SVG/Athar_Logo_Horizontal.svg wordmark),2026-09-30T01:19:14Z,PASS,,reversed,deep_ocean,2,png,v1.5.1 (carried),,,
dist/brand/lockups/athar-lockup-bilingual-stacked-reversed-on-deep_ocean@2x.webp,1 primary-lockups,bilingual-stacked,1220 x 1202,11210,49266f6385b14499d045d815dbfd06a481de84f27480e19928a409cba198e4e2,resvg-js 2.6.2 + sharp 0.34.3 (WebP),rendered-assets-v1.5.0/dist/brand/monogram/athar-monogram-light.svg (<- Athar_Package 02 Logo/SVG/Athar_Logo_Monogram.svg) | rendered-assets-v1.5.0/dist/brand/wordmark/athar-wordmark-light.svg (<- Athar_Package 02 Logo/SVG/Athar_Logo_Horizontal.svg wordmark),2026-09-30T01:19:14Z,PASS,,reversed,deep_ocean,2,webp,v1.5.1 (carried),,,
dist/brand/lockups/athar-lockup-bilingual-stacked-reversed-on-deep_ocean@3x.png,1 primary-lockups,bilingual-stacked,1830 x 1803,56790,4cc8fcc53a0d961afa236fa08935fb459904ca361348b27b3662e29c2c232916,resvg-js 2.6.2 (resvg 0.40.0) + sharp 0.34.3/libvips 8.17.1,rendered-assets-v1.5.0/dist/brand/monogram/athar-monogram-light.svg (<- Athar_Package 02 Logo/SVG/Athar_Logo_Monogram.svg) | rendered-assets-v1.5.0/dist/brand/wordmark/athar-wordmark-light.svg (<- Athar_Package 02 Logo/SVG/Athar_Logo_Horizontal.svg wordmark),2026-09-30T01:19:14Z,PASS,,reversed,deep_ocean,3,png,v1.5.1 (carried),,,
dist/brand/lockups/athar-lockup-bilingual-stacked-reversed-on-deep_ocean@3x.webp,1 primary-lockups,bilingual-stacked,1830 x 1803,16498,9e166902e9ce7ecf2140bde2f3a0e87229ba7edf32ff2427fae76bced3cd2747,resvg-js 2.6.2 + sharp 0.34.3 (WebP),rendered-assets-v1.5.0/dist/brand/monogram/athar-monogram-light.svg (<- Athar_Package 02 Logo/SVG/Athar_Logo_Monogram.svg) | rendered-assets-v1.5.0/dist/brand/wordmark/athar-wordmark-light.svg (<- Athar_Package 02 Logo/SVG/Athar_Logo_Horizontal.svg wordmark),2026-09-30T01:19:15Z,PASS,,reversed,deep_ocean,3,webp,v1.5.1 (carried),,,
dist/brand/lockups/athar-lockup-bilingual-stacked-reversed-on-deep_ocean.svg,1 primary-lockups,bilingual-stacked,610 x 601,8435,1d8e40ea949ef954edb3bcfa8bbebffed236c98213cacc4a6e89d5c7550c45c7,svgo 4.1.0 (safe config),rendered-assets-v1.5.0/dist/brand/monogram/athar-monogram-light.svg (<- Athar_Package 02 Logo/SVG/Athar_Logo_Monogram.svg) | rendered-assets-v1.5.0/dist/brand/wordmark/athar-wordmark-light.svg (<- Athar_Package 02 Logo/SVG/Athar_Logo_Horizontal.svg wordmark),2026-09-30T01:19:50Z,PASS,,reversed,deep_ocean,1,svg,v1.5.1 (carried),,,
dist/brand/lockups/athar-lockup-bilingual-stacked-reversed-on-deep_ocean.pdf,1 primary-lockups,bilingual-stacked,610 x 601,7312,6663cbb268d5e39d98a5a40c0fb1852c1e5f5070369e216e6d6254bbb8844eca,PyMuPDF 1.28.2 (MuPDF SVG->PDF),rendered-assets-v1.5.0/dist/brand/monogram/athar-monogram-light.svg (<- Athar_Package 02 Logo/SVG/Athar_Logo_Monogram.svg) | rendered-assets-v1.5.0/dist/brand/wordmark/athar-wordmark-light.svg (<- Athar_Package 02 Logo/SVG/Athar_Logo_Horizontal.svg wordmark),2026-09-30T01:19:50Z,PASS,,reversed,deep_ocean,1,pdf,v1.5.1 (carried),,,
dist/brand/lockups/athar-lockup-bilingual-stacked-mono-black-on-transparent@1x.png,1 primary-lockups,bilingual-stacked,610 x 601,9707,380fb5533deebc2b44fcfeb3575447eb1258ca9546f4ada573a4575a1a4b8a1b,resvg-js 2.6.2 (resvg 0.40.0) + sharp 0.34.3/libvips 8.17.1,rendered-assets-v1.5.0/dist/brand/monogram/athar-monogram-light.svg (<- Athar_Package 02 Logo/SVG/Athar_Logo_Monogram.svg) | rendered-assets-v1.5.0/dist/brand/wordmark/athar-wordmark-light.svg (<- Athar_Package 02 Logo/SVG/Athar_Logo_Horizontal.svg wordmark),2026-09-30T01:19:15Z,PASS,,mono-black,transparent,1,png,v1.5.1 (carried),,,
dist/brand/lockups/athar-lockup-bilingual-stacked-mono-black-on-transparent@1x.webp,1 primary-lockups,bilingual-stacked,610 x 601,5440,07eacde1ea7ad1a792545d0cdd6662f482c45395aa3d99df736044e8c3f907f2,resvg-js 2.6.2 + sharp 0.34.3 (WebP),rendered-assets-v1.5.0/dist/brand/monogram/athar-monogram-light.svg (<- Athar_Package 02 Logo/SVG/Athar_Logo_Monogram.svg) | rendered-assets-v1.5.0/dist/brand/wordmark/athar-wordmark-light.svg (<- Athar_Package 02 Logo/SVG/Athar_Logo_Horizontal.svg wordmark),2026-09-30T01:19:15Z,PASS,,mono-black,transparent,1,webp,v1.5.1 (carried),,,
dist/brand/lockups/athar-lockup-bilingual-stacked-mono-black-on-transparent@2x.png,1 primary-lockups,bilingual-stacked,1220 x 1202,22814,560ea6cb19c88889c357700cf6efbb065faecdb4f16650cdfe6ba17c04dbf6e4,resvg-js 2.6.2 (resvg 0.40.0) + sharp 0.34.3/libvips 8.17.1,rendered-assets-v1.5.0/dist/brand/monogram/athar-monogram-light.svg (<- Athar_Package 02 Logo/SVG/Athar_Logo_Monogram.svg) | rendered-assets-v1.5.0/dist/brand/wordmark/athar-wordmark-light.svg (<- Athar_Package 02 Logo/SVG/Athar_Logo_Horizontal.svg wordmark),2026-09-30T01:19:15Z,PASS,,mono-black,transparent,2,png,v1.5.1 (carried),,,
dist/brand/lockups/athar-lockup-bilingual-stacked-mono-black-on-transparent@2x.webp,1 primary-lockups,bilingual-stacked,1220 x 1202,10756,2691a74acd39d26b851d40df35f4cf649fcd6cfbbf66a09332513e5cf716083c,resvg-js 2.6.2 + sharp 0.34.3 (WebP),rendered-assets-v1.5.0/dist/brand/monogram/athar-monogram-light.svg (<- Athar_Package 02 Logo/SVG/Athar_Logo_Monogram.svg) | rendered-assets-v1.5.0/dist/brand/wordmark/athar-wordmark-light.svg (<- Athar_Package 02 Logo/SVG/Athar_Logo_Horizontal.svg wordmark),2026-09-30T01:19:15Z,PASS,,mono-black,transparent,2,webp,v1.5.1 (carried),,,
dist/brand/lockups/athar-lockup-bilingual-stacked-mono-black-on-transparent@3x.png,1 primary-lockups,bilingual-stacked,1830 x 1803,38785,da209e4e2b826f673865e231066b742637cf6803f8858ee9e99c1c0034f56a03,resvg-js 2.6.2 (resvg 0.40.0) + sharp 0.34.3/libvips 8.17.1,rendered-assets-v1.5.0/dist/brand/monogram/athar-monogram-light.svg (<- Athar_Package 02 Logo/SVG/Athar_Logo_Monogram.svg) | rendered-assets-v1.5.0/dist/brand/wordmark/athar-wordmark-light.svg (<- Athar_Package 02 Logo/SVG/Athar_Logo_Horizontal.svg wordmark),2026-09-30T01:19:15Z,PASS,,mono-black,transparent,3,png,v1.5.1 (carried),,,
dist/brand/lockups/athar-lockup-bilingual-stacked-mono-black-on-transparent@3x.webp,1 primary-lockups,bilingual-stacked,1830 x 1803,16192,142cd413d61b1f3a90ee690dc36acb7f3b62fafeb9c4af92e51ed6b692f3c8b8,resvg-js 2.6.2 + sharp 0.34.3 (WebP),rendered-assets-v1.5.0/dist/brand/monogram/athar-monogram-light.svg (<- Athar_Package 02 Logo/SVG/Athar_Logo_Monogram.svg) | rendered-assets-v1.5.0/dist/brand/wordmark/athar-wordmark-light.svg (<- Athar_Package 02 Logo/SVG/Athar_Logo_Horizontal.svg wordmark),2026-09-30T01:19:15Z,PASS,,mono-black,transparent,3,webp,v1.5.1 (carried),,,
dist/brand/lockups/athar-lockup-bilingual-stacked-mono-black-on-transparent.svg,1 primary-lockups,bilingual-stacked,610 x 601,8330,0d581b3f8a151ecaf6b47460b4067b0def58d3175705085c5be6d0d03e57399d,svgo 4.1.0 (safe config),rendered-assets-v1.5.0/dist/brand/monogram/athar-monogram-light.svg (<- Athar_Package 02 Logo/SVG/Athar_Logo_Monogram.svg) | rendered-assets-v1.5.0/dist/brand/wordmark/athar-wordmark-light.svg (<- Athar_Package 02 Logo/SVG/Athar_Logo_Horizontal.svg wordmark),2026-09-30T01:19:50Z,PASS,,mono-black,transparent,1,svg,v1.5.1 (carried),,,
dist/brand/lockups/athar-lockup-bilingual-stacked-mono-black-on-transparent.pdf,1 primary-lockups,bilingual-stacked,610 x 601,7216,5a1205e9a314d671dbba781d87cfc7f360b7006a349d1baa65f83a4c22cd5aa4,PyMuPDF 1.28.2 (MuPDF SVG->PDF),rendered-assets-v1.5.0/dist/brand/monogram/athar-monogram-light.svg (<- Athar_Package 02 Logo/SVG/Athar_Logo_Monogram.svg) | rendered-assets-v1.5.0/dist/brand/wordmark/athar-wordmark-light.svg (<- Athar_Package 02 Logo/SVG/Athar_Logo_Horizontal.svg wordmark),2026-09-30T01:19:50Z,PASS,,mono-black,transparent,1,pdf,v1.5.1 (carried),,,
dist/brand/lockups/athar-lockup-bilingual-stacked-mono-black-on-ivory@1x.png,1 primary-lockups,bilingual-stacked,610 x 601,15376,03c9c9d15d893682fd428312d534718235b7d27d5c8cb2f466b719bf840c8ca7,resvg-js 2.6.2 (resvg 0.40.0) + sharp 0.34.3/libvips 8.17.1,rendered-assets-v1.5.0/dist/brand/monogram/athar-monogram-light.svg (<- Athar_Package 02 Logo/SVG/Athar_Logo_Monogram.svg) | rendered-assets-v1.5.0/dist/brand/wordmark/athar-wordmark-light.svg (<- Athar_Package 02 Logo/SVG/Athar_Logo_Horizontal.svg wordmark),2026-09-30T01:19:15Z,PASS,,mono-black,ivory,1,png,v1.5.1 (carried),,,
dist/brand/lockups/athar-lockup-bilingual-stacked-mono-black-on-ivory@1x.webp,1 primary-lockups,bilingual-stacked,610 x 601,5478,5f558eee4f3312633e1110855517e69884ccaf44c6b036df719b832d57774284,resvg-js 2.6.2 + sharp 0.34.3 (WebP),rendered-assets-v1.5.0/dist/brand/monogram/athar-monogram-light.svg (<- Athar_Package 02 Logo/SVG/Athar_Logo_Monogram.svg) | rendered-assets-v1.5.0/dist/brand/wordmark/athar-wordmark-light.svg (<- Athar_Package 02 Logo/SVG/Athar_Logo_Horizontal.svg wordmark),2026-09-30T01:19:16Z,PASS,,mono-black,ivory,1,webp,v1.5.1 (carried),,,
dist/brand/lockups/athar-lockup-bilingual-stacked-mono-black-on-ivory@2x.png,1 primary-lockups,bilingual-stacked,1220 x 1202,34984,e953be8e53a4714745e9ab9c4ff6c0f45129ea21bc5a2b52d3d664d5d8cd5553,resvg-js 2.6.2 (resvg 0.40.0) + sharp 0.34.3/libvips 8.17.1,rendered-assets-v1.5.0/dist/brand/monogram/athar-monogram-light.svg (<- Athar_Package 02 Logo/SVG/Athar_Logo_Monogram.svg) | rendered-assets-v1.5.0/dist/brand/wordmark/athar-wordmark-light.svg (<- Athar_Package 02 Logo/SVG/Athar_Logo_Horizontal.svg wordmark),2026-09-30T01:19:16Z,PASS,,mono-black,ivory,2,png,v1.5.1 (carried),,,
dist/brand/lockups/athar-lockup-bilingual-stacked-mono-black-on-ivory@2x.webp,1 primary-lockups,bilingual-stacked,1220 x 1202,10794,13e8247c87a0d7a6a1c30f9e974be0bf8d220c9e87a0cf4cea31ca0821a48a83,resvg-js 2.6.2 + sharp 0.34.3 (WebP),rendered-assets-v1.5.0/dist/brand/monogram/athar-monogram-light.svg (<- Athar_Package 02 Logo/SVG/Athar_Logo_Monogram.svg) | rendered-assets-v1.5.0/dist/brand/wordmark/athar-wordmark-light.svg (<- Athar_Package 02 Logo/SVG/Athar_Logo_Horizontal.svg wordmark),2026-09-30T01:19:16Z,PASS,,mono-black,ivory,2,webp,v1.5.1 (carried),,,
dist/brand/lockups/athar-lockup-bilingual-stacked-mono-black-on-ivory@3x.png,1 primary-lockups,bilingual-stacked,1830 x 1803,57288,19dca22a08531111bb8a394fdf5b530be867330c46b403acc4abb347286eca1f,resvg-js 2.6.2 (resvg 0.40.0) + sharp 0.34.3/libvips 8.17.1,rendered-assets-v1.5.0/dist/brand/monogram/athar-monogram-light.svg (<- Athar_Package 02 Logo/SVG/Athar_Logo_Monogram.svg) | rendered-assets-v1.5.0/dist/brand/wordmark/athar-wordmark-light.svg (<- Athar_Package 02 Logo/SVG/Athar_Logo_Horizontal.svg wordmark),2026-09-30T01:19:16Z,PASS,,mono-black,ivory,3,png,v1.5.1 (carried),,,
dist/brand/lockups/athar-lockup-bilingual-stacked-mono-black-on-ivory@3x.webp,1 primary-lockups,bilingual-stacked,1830 x 1803,16236,da04f2cf1a3b7e7ce65e86c64b1df5e4cdf5ca19e80d691f68fd8a3975d43178,resvg-js 2.6.2 + sharp 0.34.3 (WebP),rendered-assets-v1.5.0/dist/brand/monogram/athar-monogram-light.svg (<- Athar_Package 02 Logo/SVG/Athar_Logo_Monogram.svg) | rendered-assets-v1.5.0/dist/brand/wordmark/athar-wordmark-light.svg (<- Athar_Package 02 Logo/SVG/Athar_Logo_Horizontal.svg wordmark),2026-09-30T01:19:16Z,PASS,,mono-black,ivory,3,webp,v1.5.1 (carried),,,
dist/brand/lockups/athar-lockup-bilingual-stacked-mono-black-on-ivory.svg,1 primary-lockups,bilingual-stacked,610 x 601,8402,5f301fe258b6a53ef48f1126d8720edde0f5dc2d60a0703fe8e613c0a468c392,svgo 4.1.0 (safe config),rendered-assets-v1.5.0/dist/brand/monogram/athar-monogram-light.svg (<- Athar_Package 02 Logo/SVG/Athar_Logo_Monogram.svg) | rendered-assets-v1.5.0/dist/brand/wordmark/athar-wordmark-light.svg (<- Athar_Package 02 Logo/SVG/Athar_Logo_Horizontal.svg wordmark),2026-09-30T01:19:50Z,PASS,,mono-black,ivory,1,svg,v1.5.1 (carried),,,
dist/brand/lockups/athar-lockup-bilingual-stacked-mono-black-on-ivory.pdf,1 primary-lockups,bilingual-stacked,610 x 601,7279,1d5684a60d37575bbb3288f2c0e3e952cd7bb979878b5087f78bf21bf4ff12a4,PyMuPDF 1.28.2 (MuPDF SVG->PDF),rendered-assets-v1.5.0/dist/brand/monogram/athar-monogram-light.svg (<- Athar_Package 02 Logo/SVG/Athar_Logo_Monogram.svg) | rendered-assets-v1.5.0/dist/brand/wordmark/athar-wordmark-light.svg (<- Athar_Package 02 Logo/SVG/Athar_Logo_Horizontal.svg wordmark),2026-09-30T01:19:50Z,PASS,,mono-black,ivory,1,pdf,v1.5.1 (carried),,,
dist/brand/lockups/athar-lockup-bilingual-stacked-mono-black-on-sand@1x.png,1 primary-lockups,bilingual-stacked,610 x 601,15326,3a1465de51c39ef95f5dc70577e925bbe212543ad488e562211ac7769a852717,resvg-js 2.6.2 (resvg 0.40.0) + sharp 0.34.3/libvips 8.17.1,rendered-assets-v1.5.0/dist/brand/monogram/athar-monogram-light.svg (<- Athar_Package 02 Logo/SVG/Athar_Logo_Monogram.svg) | rendered-assets-v1.5.0/dist/brand/wordmark/athar-wordmark-light.svg (<- Athar_Package 02 Logo/SVG/Athar_Logo_Horizontal.svg wordmark),2026-09-30T01:19:16Z,PASS,,mono-black,sand,1,png,v1.5.1 (carried),,,
dist/brand/lockups/athar-lockup-bilingual-stacked-mono-black-on-sand@1x.webp,1 primary-lockups,bilingual-stacked,610 x 601,5470,6f2d5907cf685aa227f63380cdf77f4e892aab720bf8a5f9f686e422857eb2bd,resvg-js 2.6.2 + sharp 0.34.3 (WebP),rendered-assets-v1.5.0/dist/brand/monogram/athar-monogram-light.svg (<- Athar_Package 02 Logo/SVG/Athar_Logo_Monogram.svg) | rendered-assets-v1.5.0/dist/brand/wordmark/athar-wordmark-light.svg (<- Athar_Package 02 Logo/SVG/Athar_Logo_Horizontal.svg wordmark),2026-09-30T01:19:16Z,PASS,,mono-black,sand,1,webp,v1.5.1 (carried),,,
dist/brand/lockups/athar-lockup-bilingual-stacked-mono-black-on-sand@2x.png,1 primary-lockups,bilingual-stacked,1220 x 1202,35269,ebfadfcc080a7983b317e3e4297928f2b3f7a3500314a68ca9d972ddcf046d14,resvg-js 2.6.2 (resvg 0.40.0) + sharp 0.34.3/libvips 8.17.1,rendered-assets-v1.5.0/dist/brand/monogram/athar-monogram-light.svg (<- Athar_Package 02 Logo/SVG/Athar_Logo_Monogram.svg) | rendered-assets-v1.5.0/dist/brand/wordmark/athar-wordmark-light.svg (<- Athar_Package 02 Logo/SVG/Athar_Logo_Horizontal.svg wordmark),2026-09-30T01:19:16Z,PASS,,mono-black,sand,2,png,v1.5.1 (carried),,,
dist/brand/lockups/athar-lockup-bilingual-stacked-mono-black-on-sand@2x.webp,1 primary-lockups,bilingual-stacked,1220 x 1202,10788,9254a838f8e1e9243405ba5a24d6a4c70715478babf3d28f98ea5816ddbeb0f8,resvg-js 2.6.2 + sharp 0.34.3 (WebP),rendered-assets-v1.5.0/dist/brand/monogram/athar-monogram-light.svg (<- Athar_Package 02 Logo/SVG/Athar_Logo_Monogram.svg) | rendered-assets-v1.5.0/dist/brand/wordmark/athar-wordmark-light.svg (<- Athar_Package 02 Logo/SVG/Athar_Logo_Horizontal.svg wordmark),2026-09-30T01:19:17Z,PASS,,mono-black,sand,2,webp,v1.5.1 (carried),,,
dist/brand/lockups/athar-lockup-bilingual-stacked-mono-black-on-sand@3x.png,1 primary-lockups,bilingual-stacked,1830 x 1803,58059,c4afaab14255fbdd9a0a9ec15bda77b7fe07808db58152fb444e7175ef707e68,resvg-js 2.6.2 (resvg 0.40.0) + sharp 0.34.3/libvips 8.17.1,rendered-assets-v1.5.0/dist/brand/monogram/athar-monogram-light.svg (<- Athar_Package 02 Logo/SVG/Athar_Logo_Monogram.svg) | rendered-assets-v1.5.0/dist/brand/wordmark/athar-wordmark-light.svg (<- Athar_Package 02 Logo/SVG/Athar_Logo_Horizontal.svg wordmark),2026-09-30T01:19:17Z,PASS,,mono-black,sand,3,png,v1.5.1 (carried),,,
dist/brand/lockups/athar-lockup-bilingual-stacked-mono-black-on-sand@3x.webp,1 primary-lockups,bilingual-stacked,1830 x 1803,16234,e8e7e818298e798a8b375e60ad9d991bcdba97514971ac4ffc1f2b4809c31fe2,resvg-js 2.6.2 + sharp 0.34.3 (WebP),rendered-assets-v1.5.0/dist/brand/monogram/athar-monogram-light.svg (<- Athar_Package 02 Logo/SVG/Athar_Logo_Monogram.svg) | rendered-assets-v1.5.0/dist/brand/wordmark/athar-wordmark-light.svg (<- Athar_Package 02 Logo/SVG/Athar_Logo_Horizontal.svg wordmark),2026-09-30T01:19:17Z,PASS,,mono-black,sand,3,webp,v1.5.1 (carried),,,
dist/brand/lockups/athar-lockup-bilingual-stacked-mono-black-on-sand.svg,1 primary-lockups,bilingual-stacked,610 x 601,8401,78d2762df1e52b09689d3d295001412e8b372314de53cace9812cc388d6223d0,svgo 4.1.0 (safe config),rendered-assets-v1.5.0/dist/brand/monogram/athar-monogram-light.svg (<- Athar_Package 02 Logo/SVG/Athar_Logo_Monogram.svg) | rendered-assets-v1.5.0/dist/brand/wordmark/athar-wordmark-light.svg (<- Athar_Package 02 Logo/SVG/Athar_Logo_Horizontal.svg wordmark),2026-09-30T01:19:50Z,PASS,,mono-black,sand,1,svg,v1.5.1 (carried),,,
dist/brand/lockups/athar-lockup-bilingual-stacked-mono-black-on-sand.pdf,1 primary-lockups,bilingual-stacked,610 x 601,7281,6d5e698bf6147b27dc7213b45aa2b1f04da60bb12dd648b7d1d6c131f511489a,PyMuPDF 1.28.2 (MuPDF SVG->PDF),rendered-assets-v1.5.0/dist/brand/monogram/athar-monogram-light.svg (<- Athar_Package 02 Logo/SVG/Athar_Logo_Monogram.svg) | rendered-assets-v1.5.0/dist/brand/wordmark/athar-wordmark-light.svg (<- Athar_Package 02 Logo/SVG/Athar_Logo_Horizontal.svg wordmark),2026-09-30T01:19:50Z,PASS,,mono-black,sand,1,pdf,v1.5.1 (carried),,,
dist/brand/lockups/athar-lockup-bilingual-stacked-mono-white-on-transparent@1x.png,1 primary-lockups,bilingual-stacked,610 x 601,10432,d5c456a12bf8dfcc7abdc86472ac2ec1589682696ac6f598c97b6c2f4216cb45,resvg-js 2.6.2 (resvg 0.40.0) + sharp 0.34.3/libvips 8.17.1,rendered-assets-v1.5.0/dist/brand/monogram/athar-monogram-light.svg (<- Athar_Package 02 Logo/SVG/Athar_Logo_Monogram.svg) | rendered-assets-v1.5.0/dist/brand/wordmark/athar-wordmark-light.svg (<- Athar_Package 02 Logo/SVG/Athar_Logo_Horizontal.svg wordmark),2026-09-30T01:19:17Z,PASS,,mono-white,transparent,1,png,v1.5.1 (carried),,,
dist/brand/lockups/athar-lockup-bilingual-stacked-mono-white-on-transparent@1x.webp,1 primary-lockups,bilingual-stacked,610 x 601,5446,8c03dc6b2432647a6d7d31d931ffbff421a609f902b83f792688e6fd5b041c20,resvg-js 2.6.2 + sharp 0.34.3 (WebP),rendered-assets-v1.5.0/dist/brand/monogram/athar-monogram-light.svg (<- Athar_Package 02 Logo/SVG/Athar_Logo_Monogram.svg) | rendered-assets-v1.5.0/dist/brand/wordmark/athar-wordmark-light.svg (<- Athar_Package 02 Logo/SVG/Athar_Logo_Horizontal.svg wordmark),2026-09-30T01:19:17Z,PASS,,mono-white,transparent,1,webp,v1.5.1 (carried),,,
dist/brand/lockups/athar-lockup-bilingual-stacked-mono-white-on-transparent@2x.png,1 primary-lockups,bilingual-stacked,1220 x 1202,25063,93e6a84888c68a1de5e92476ea2698262265fd6b7cdbf7313fce44a3cb98b02b,resvg-js 2.6.2 (resvg 0.40.0) + sharp 0.34.3/libvips 8.17.1,rendered-assets-v1.5.0/dist/brand/monogram/athar-monogram-light.svg (<- Athar_Package 02 Logo/SVG/Athar_Logo_Monogram.svg) | rendered-assets-v1.5.0/dist/brand/wordmark/athar-wordmark-light.svg (<- Athar_Package 02 Logo/SVG/Athar_Logo_Horizontal.svg wordmark),2026-09-30T01:19:17Z,PASS,,mono-white,transparent,2,png,v1.5.1 (carried),,,
dist/brand/lockups/athar-lockup-bilingual-stacked-mono-white-on-transparent@2x.webp,1 primary-lockups,bilingual-stacked,1220 x 1202,10760,b4d7139b17cba382345c5fa0cbeb0c97a9ac3a77f56a624fa27f404fd88762a6,resvg-js 2.6.2 + sharp 0.34.3 (WebP),rendered-assets-v1.5.0/dist/brand/monogram/athar-monogram-light.svg (<- Athar_Package 02 Logo/SVG/Athar_Logo_Monogram.svg) | rendered-assets-v1.5.0/dist/brand/wordmark/athar-wordmark-light.svg (<- Athar_Package 02 Logo/SVG/Athar_Logo_Horizontal.svg wordmark),2026-09-30T01:19:17Z,PASS,,mono-white,transparent,2,webp,v1.5.1 (carried),,,
dist/brand/lockups/athar-lockup-bilingual-stacked-mono-white-on-transparent@3x.png,1 primary-lockups,bilingual-stacked,1830 x 1803,43337,ea1c03d440fc4dffe0b2f7b7d533a42799bf859b2d982c1e6eb84b14111e74f5,resvg-js 2.6.2 (resvg 0.40.0) + sharp 0.34.3/libvips 8.17.1,rendered-assets-v1.5.0/dist/brand/monogram/athar-monogram-light.svg (<- Athar_Package 02 Logo/SVG/Athar_Logo_Monogram.svg) | rendered-assets-v1.5.0/dist/brand/wordmark/athar-wordmark-light.svg (<- Athar_Package 02 Logo/SVG/Athar_Logo_Horizontal.svg wordmark),2026-09-30T01:19:18Z,PASS,,mono-white,transparent,3,png,v1.5.1 (carried),,,
dist/brand/lockups/athar-lockup-bilingual-stacked-mono-white-on-transparent@3x.webp,1 primary-lockups,bilingual-stacked,1830 x 1803,16198,00dda855667adfa147416f81c8fa6835aec0f58295f38357a3f5b54809f74230,resvg-js 2.6.2 + sharp 0.34.3 (WebP),rendered-assets-v1.5.0/dist/brand/monogram/athar-monogram-light.svg (<- Athar_Package 02 Logo/SVG/Athar_Logo_Monogram.svg) | rendered-assets-v1.5.0/dist/brand/wordmark/athar-wordmark-light.svg (<- Athar_Package 02 Logo/SVG/Athar_Logo_Horizontal.svg wordmark),2026-09-30T01:19:18Z,PASS,,mono-white,transparent,3,webp,v1.5.1 (carried),,,
dist/brand/lockups/athar-lockup-bilingual-stacked-mono-white-on-transparent.svg,1 primary-lockups,bilingual-stacked,610 x 601,8354,23e7df9385e11cd25da847fe7666ee7ae692a1e055d88b2df4be95455c5b229a,svgo 4.1.0 (safe config),rendered-assets-v1.5.0/dist/brand/monogram/athar-monogram-light.svg (<- Athar_Package 02 Logo/SVG/Athar_Logo_Monogram.svg) | rendered-assets-v1.5.0/dist/brand/wordmark/athar-wordmark-light.svg (<- Athar_Package 02 Logo/SVG/Athar_Logo_Horizontal.svg wordmark),2026-09-30T01:19:51Z,PASS,,mono-white,transparent,1,svg,v1.5.1 (carried),,,
dist/brand/lockups/athar-lockup-bilingual-stacked-mono-white-on-transparent.pdf,1 primary-lockups,bilingual-stacked,610 x 601,7215,60e2deec7c3860c00d5e06c243a9d7e874f36e0850731b5acca484b184bc8153,PyMuPDF 1.28.2 (MuPDF SVG->PDF),rendered-assets-v1.5.0/dist/brand/monogram/athar-monogram-light.svg (<- Athar_Package 02 Logo/SVG/Athar_Logo_Monogram.svg) | rendered-assets-v1.5.0/dist/brand/wordmark/athar-wordmark-light.svg (<- Athar_Package 02 Logo/SVG/Athar_Logo_Horizontal.svg wordmark),2026-09-30T01:19:51Z,PASS,,mono-white,transparent,1,pdf,v1.5.1 (carried),,,
dist/brand/lockups/athar-lockup-bilingual-stacked-mono-white-on-deep_ocean@1x.png,1 primary-lockups,bilingual-stacked,610 x 601,15625,17d63abdc34aab0c165f2e4cc46ca9f2f297ff4d6f8b0d7f9ec2965d043bce48,resvg-js 2.6.2 (resvg 0.40.0) + sharp 0.34.3/libvips 8.17.1,rendered-assets-v1.5.0/dist/brand/monogram/athar-monogram-light.svg (<- Athar_Package 02 Logo/SVG/Athar_Logo_Monogram.svg) | rendered-assets-v1.5.0/dist/brand/wordmark/athar-wordmark-light.svg (<- Athar_Package 02 Logo/SVG/Athar_Logo_Horizontal.svg wordmark),2026-09-30T01:19:18Z,PASS,,mono-white,deep_ocean,1,png,v1.5.1 (carried),,,
dist/brand/lockups/athar-lockup-bilingual-stacked-mono-white-on-deep_ocean@1x.webp,1 primary-lockups,bilingual-stacked,610 x 601,5480,f5eadb5001df7e45524551b5c206b78f139c50383f967efb8a9e3f4f7ae147fc,resvg-js 2.6.2 + sharp 0.34.3 (WebP),rendered-assets-v1.5.0/dist/brand/monogram/athar-monogram-light.svg (<- Athar_Package 02 Logo/SVG/Athar_Logo_Monogram.svg) | rendered-assets-v1.5.0/dist/brand/wordmark/athar-wordmark-light.svg (<- Athar_Package 02 Logo/SVG/Athar_Logo_Horizontal.svg wordmark),2026-09-30T01:19:18Z,PASS,,mono-white,deep_ocean,1,webp,v1.5.1 (carried),,,
dist/brand/lockups/athar-lockup-bilingual-stacked-mono-white-on-deep_ocean@2x.png,1 primary-lockups,bilingual-stacked,1220 x 1202,35601,9f36c16c5e65ad0ab191f095486ac155529034512f53c52069682a0cbd5af65b,resvg-js 2.6.2 (resvg 0.40.0) + sharp 0.34.3/libvips 8.17.1,rendered-assets-v1.5.0/dist/brand/monogram/athar-monogram-light.svg (<- Athar_Package 02 Logo/SVG/Athar_Logo_Monogram.svg) | rendered-assets-v1.5.0/dist/brand/wordmark/athar-wordmark-light.svg (<- Athar_Package 02 Logo/SVG/Athar_Logo_Horizontal.svg wordmark),2026-09-30T01:19:18Z,PASS,,mono-white,deep_ocean,2,png,v1.5.1 (carried),,,
dist/brand/lockups/athar-lockup-bilingual-stacked-mono-white-on-deep_ocean@2x.webp,1 primary-lockups,bilingual-stacked,1220 x 1202,10796,82bd31276e8f8b4e11ccaaeaf058f89c3975e40df4ee596a557b03824a23a389,resvg-js 2.6.2 + sharp 0.34.3 (WebP),rendered-assets-v1.5.0/dist/brand/monogram/athar-monogram-light.svg (<- Athar_Package 02 Logo/SVG/Athar_Logo_Monogram.svg) | rendered-assets-v1.5.0/dist/brand/wordmark/athar-wordmark-light.svg (<- Athar_Package 02 Logo/SVG/Athar_Logo_Horizontal.svg wordmark),2026-09-30T01:19:18Z,PASS,,mono-white,deep_ocean,2,webp,v1.5.1 (carried),,,
dist/brand/lockups/athar-lockup-bilingual-stacked-mono-white-on-deep_ocean@3x.png,1 primary-lockups,bilingual-stacked,1830 x 1803,58897,5a76b1556b702dadbf804693199958c518c2a1662a1ee2fedd81357e335e9d32,resvg-js 2.6.2 (resvg 0.40.0) + sharp 0.34.3/libvips 8.17.1,rendered-assets-v1.5.0/dist/brand/monogram/athar-monogram-light.svg (<- Athar_Package 02 Logo/SVG/Athar_Logo_Monogram.svg) | rendered-assets-v1.5.0/dist/brand/wordmark/athar-wordmark-light.svg (<- Athar_Package 02 Logo/SVG/Athar_Logo_Horizontal.svg wordmark),2026-09-30T01:19:19Z,PASS,,mono-white,deep_ocean,3,png,v1.5.1 (carried),,,
dist/brand/lockups/athar-lockup-bilingual-stacked-mono-white-on-deep_ocean@3x.webp,1 primary-lockups,bilingual-stacked,1830 x 1803,16234,d06d64c2da464f2811710d7329d19ccdc42161710a07da5543949cd1ce2832c6,resvg-js 2.6.2 + sharp 0.34.3 (WebP),rendered-assets-v1.5.0/dist/brand/monogram/athar-monogram-light.svg (<- Athar_Package 02 Logo/SVG/Athar_Logo_Monogram.svg) | rendered-assets-v1.5.0/dist/brand/wordmark/athar-wordmark-light.svg (<- Athar_Package 02 Logo/SVG/Athar_Logo_Horizontal.svg wordmark),2026-09-30T01:19:19Z,PASS,,mono-white,deep_ocean,3,webp,v1.5.1 (carried),,,
dist/brand/lockups/athar-lockup-bilingual-stacked-mono-white-on-deep_ocean.svg,1 primary-lockups,bilingual-stacked,610 x 601,8431,c583d17de0f1335d4855a7e2541ef4d6f08182190e4e1eb63a36fe3a93e4bec8,svgo 4.1.0 (safe config),rendered-assets-v1.5.0/dist/brand/monogram/athar-monogram-light.svg (<- Athar_Package 02 Logo/SVG/Athar_Logo_Monogram.svg) | rendered-assets-v1.5.0/dist/brand/wordmark/athar-wordmark-light.svg (<- Athar_Package 02 Logo/SVG/Athar_Logo_Horizontal.svg wordmark),2026-09-30T01:19:51Z,PASS,,mono-white,deep_ocean,1,svg,v1.5.1 (carried),,,
dist/brand/lockups/athar-lockup-bilingual-stacked-mono-white-on-deep_ocean.pdf,1 primary-lockups,bilingual-stacked,610 x 601,7287,a9235810497c333dd98b5c89038f5b21624a197634bc0977c30f891c6df5bc7b,PyMuPDF 1.28.2 (MuPDF SVG->PDF),rendered-assets-v1.5.0/dist/brand/monogram/athar-monogram-light.svg (<- Athar_Package 02 Logo/SVG/Athar_Logo_Monogram.svg) | rendered-assets-v1.5.0/dist/brand/wordmark/athar-wordmark-light.svg (<- Athar_Package 02 Logo/SVG/Athar_Logo_Horizontal.svg wordmark),2026-09-30T01:19:51Z,PASS,,mono-white,deep_ocean,1,pdf,v1.5.1 (carried),,,
dist/brand/lockups/athar-lockup-bilingual-stacked-mono-white-on-emerald@1x.png,1 primary-lockups,bilingual-stacked,610 x 601,14883,bc2dafe6f55d4fd0e970cdab1a1adf5675ecb965a82595d7904c73ff91d33040,resvg-js 2.6.2 (resvg 0.40.0) + sharp 0.34.3/libvips 8.17.1,rendered-assets-v1.5.0/dist/brand/monogram/athar-monogram-light.svg (<- Athar_Package 02 Logo/SVG/Athar_Logo_Monogram.svg) | rendered-assets-v1.5.0/dist/brand/wordmark/athar-wordmark-light.svg (<- Athar_Package 02 Logo/SVG/Athar_Logo_Horizontal.svg wordmark),2026-09-30T01:19:19Z,PASS,,mono-white,emerald,1,png,v1.5.1 (carried),,,
dist/brand/lockups/athar-lockup-bilingual-stacked-mono-white-on-emerald@1x.webp,1 primary-lockups,bilingual-stacked,610 x 601,5478,6db542566aed06858839caa7f1c3b988f9585247000db094455a08aa5b368b0b,resvg-js 2.6.2 + sharp 0.34.3 (WebP),rendered-assets-v1.5.0/dist/brand/monogram/athar-monogram-light.svg (<- Athar_Package 02 Logo/SVG/Athar_Logo_Monogram.svg) | rendered-assets-v1.5.0/dist/brand/wordmark/athar-wordmark-light.svg (<- Athar_Package 02 Logo/SVG/Athar_Logo_Horizontal.svg wordmark),2026-09-30T01:19:19Z,PASS,,mono-white,emerald,1,webp,v1.5.1 (carried),,,
dist/brand/lockups/athar-lockup-bilingual-stacked-mono-white-on-emerald@2x.png,1 primary-lockups,bilingual-stacked,1220 x 1202,34283,d2379c2b410a22aa27e62f8399820c6d8a9dca8d94e627565ad735fa81ba4d0f,resvg-js 2.6.2 (resvg 0.40.0) + sharp 0.34.3/libvips 8.17.1,rendered-assets-v1.5.0/dist/brand/monogram/athar-monogram-light.svg (<- Athar_Package 02 Logo/SVG/Athar_Logo_Monogram.svg) | rendered-assets-v1.5.0/dist/brand/wordmark/athar-wordmark-light.svg (<- Athar_Package 02 Logo/SVG/Athar_Logo_Horizontal.svg wordmark),2026-09-30T01:19:19Z,PASS,,mono-white,emerald,2,png,v1.5.1 (carried),,,
dist/brand/lockups/athar-lockup-bilingual-stacked-mono-white-on-emerald@2x.webp,1 primary-lockups,bilingual-stacked,1220 x 1202,10756,bc0218e5bfbe0e29cf9cf0cb91e97af95e6784082beb06c20c02bb118e45559f,resvg-js 2.6.2 + sharp 0.34.3 (WebP),rendered-assets-v1.5.0/dist/brand/monogram/athar-monogram-light.svg (<- Athar_Package 02 Logo/SVG/Athar_Logo_Monogram.svg) | rendered-assets-v1.5.0/dist/brand/wordmark/athar-wordmark-light.svg (<- Athar_Package 02 Logo/SVG/Athar_Logo_Horizontal.svg wordmark),2026-09-30T01:19:19Z,PASS,,mono-white,emerald,2,webp,v1.5.1 (carried),,,
dist/brand/lockups/athar-lockup-bilingual-stacked-mono-white-on-emerald@3x.png,1 primary-lockups,bilingual-stacked,1830 x 1803,56110,c38c9f9a72bdaf09599a2f270341561c47609f81a6a5038dbf424443bd683aa9,resvg-js 2.6.2 (resvg 0.40.0) + sharp 0.34.3/libvips 8.17.1,rendered-assets-v1.5.0/dist/brand/monogram/athar-monogram-light.svg (<- Athar_Package 02 Logo/SVG/Athar_Logo_Monogram.svg) | rendered-assets-v1.5.0/dist/brand/wordmark/athar-wordmark-light.svg (<- Athar_Package 02 Logo/SVG/Athar_Logo_Horizontal.svg wordmark),2026-09-30T01:19:19Z,PASS,,mono-white,emerald,3,png,v1.5.1 (carried),,,
dist/brand/lockups/athar-lockup-bilingual-stacked-mono-white-on-emerald@3x.webp,1 primary-lockups,bilingual-stacked,1830 x 1803,16168,2417f5d1b814e3635880e8ea4df450f196832c8a44e4aada0aa5721a6feb50ab,resvg-js 2.6.2 + sharp 0.34.3 (WebP),rendered-assets-v1.5.0/dist/brand/monogram/athar-monogram-light.svg (<- Athar_Package 02 Logo/SVG/Athar_Logo_Monogram.svg) | rendered-assets-v1.5.0/dist/brand/wordmark/athar-wordmark-light.svg (<- Athar_Package 02 Logo/SVG/Athar_Logo_Horizontal.svg wordmark),2026-09-30T01:19:19Z,PASS,,mono-white,emerald,3,webp,v1.5.1 (carried),,,
dist/brand/lockups/athar-lockup-bilingual-stacked-mono-white-on-emerald.svg,1 primary-lockups,bilingual-stacked,610 x 601,8428,ac9f8af2b61343f931cd625a0157c49bfeb97495bba523642fc4e3e100ff7154,svgo 4.1.0 (safe config),rendered-assets-v1.5.0/dist/brand/monogram/athar-monogram-light.svg (<- Athar_Package 02 Logo/SVG/Athar_Logo_Monogram.svg) | rendered-assets-v1.5.0/dist/brand/wordmark/athar-wordmark-light.svg (<- Athar_Package 02 Logo/SVG/Athar_Logo_Horizontal.svg wordmark),2026-09-30T01:19:51Z,PASS,,mono-white,emerald,1,svg,v1.5.1 (carried),,,
dist/brand/lockups/athar-lockup-bilingual-stacked-mono-white-on-emerald.pdf,1 primary-lockups,bilingual-stacked,610 x 601,7282,8b2d146f2f2cc5dbbe2ba6b34157cd2ee85f10075410518d910488c6fb4e01db,PyMuPDF 1.28.2 (MuPDF SVG->PDF),rendered-assets-v1.5.0/dist/brand/monogram/athar-monogram-light.svg (<- Athar_Package 02 Logo/SVG/Athar_Logo_Monogram.svg) | rendered-assets-v1.5.0/dist/brand/wordmark/athar-wordmark-light.svg (<- Athar_Package 02 Logo/SVG/Athar_Logo_Horizontal.svg wordmark),2026-09-30T01:19:51Z,PASS,,mono-white,emerald,1,pdf,v1.5.1 (carried),,,
dist/brand/lockups/athar-lockup-bilingual-stacked-ivory-on-emerald-on-emerald@1x.png,1 primary-lockups,bilingual-stacked,610 x 601,15265,b273327af31b70d1bb150c49f7746b59839fa01877b3a5adb499601175bc4406,resvg-js 2.6.2 (resvg 0.40.0) + sharp 0.34.3/libvips 8.17.1,rendered-assets-v1.5.0/dist/brand/monogram/athar-monogram-light.svg (<- Athar_Package 02 Logo/SVG/Athar_Logo_Monogram.svg) | rendered-assets-v1.5.0/dist/brand/wordmark/athar-wordmark-light.svg (<- Athar_Package 02 Logo/SVG/Athar_Logo_Horizontal.svg wordmark),2026-09-30T01:19:19Z,PASS,,ivory-on-emerald,emerald,1,png,v1.5.1 (carried),,,
dist/brand/lockups/athar-lockup-bilingual-stacked-ivory-on-emerald-on-emerald@1x.webp,1 primary-lockups,bilingual-stacked,610 x 601,5458,bcb7fc15ed1be1f435fb717216e4ce311b64a1d994e5c2bd7041bf007a7c8d37,resvg-js 2.6.2 + sharp 0.34.3 (WebP),rendered-assets-v1.5.0/dist/brand/monogram/athar-monogram-light.svg (<- Athar_Package 02 Logo/SVG/Athar_Logo_Monogram.svg) | rendered-assets-v1.5.0/dist/brand/wordmark/athar-wordmark-light.svg (<- Athar_Package 02 Logo/SVG/Athar_Logo_Horizontal.svg wordmark),2026-09-30T01:19:19Z,PASS,,ivory-on-emerald,emerald,1,webp,v1.5.1 (carried),,,
dist/brand/lockups/athar-lockup-bilingual-stacked-ivory-on-emerald-on-emerald@2x.png,1 primary-lockups,bilingual-stacked,1220 x 1202,35015,1fd21b6beb1608afbd44c38571c24342effbfd55b67325b4028018b8fc427d4a,resvg-js 2.6.2 (resvg 0.40.0) + sharp 0.34.3/libvips 8.17.1,rendered-assets-v1.5.0/dist/brand/monogram/athar-monogram-light.svg (<- Athar_Package 02 Logo/SVG/Athar_Logo_Monogram.svg) | rendered-assets-v1.5.0/dist/brand/wordmark/athar-wordmark-light.svg (<- Athar_Package 02 Logo/SVG/Athar_Logo_Horizontal.svg wordmark),2026-09-30T01:19:20Z,PASS,,ivory-on-emerald,emerald,2,png,v1.5.1 (carried),,,
dist/brand/lockups/athar-lockup-bilingual-stacked-ivory-on-emerald-on-emerald@2x.webp,1 primary-lockups,bilingual-stacked,1220 x 1202,10764,42181d1bd243ec5f9e58957ff7c0c8fe5c8161cb4130f518ab179c7430631c2b,resvg-js 2.6.2 + sharp 0.34.3 (WebP),rendered-assets-v1.5.0/dist/brand/monogram/athar-monogram-light.svg (<- Athar_Package 02 Logo/SVG/Athar_Logo_Monogram.svg) | rendered-assets-v1.5.0/dist/brand/wordmark/athar-wordmark-light.svg (<- Athar_Package 02 Logo/SVG/Athar_Logo_Horizontal.svg wordmark),2026-09-30T01:19:20Z,PASS,,ivory-on-emerald,emerald,2,webp,v1.5.1 (carried),,,
dist/brand/lockups/athar-lockup-bilingual-stacked-ivory-on-emerald-on-emerald@3x.png,1 primary-lockups,bilingual-stacked,1830 x 1803,57448,70088ab6328775606524dc5511b719f1f52988a9cac658e9d43b616a3180c289,resvg-js 2.6.2 (resvg 0.40.0) + sharp 0.34.3/libvips 8.17.1,rendered-assets-v1.5.0/dist/brand/monogram/athar-monogram-light.svg (<- Athar_Package 02 Logo/SVG/Athar_Logo_Monogram.svg) | rendered-assets-v1.5.0/dist/brand/wordmark/athar-wordmark-light.svg (<- Athar_Package 02 Logo/SVG/Athar_Logo_Horizontal.svg wordmark),2026-09-30T01:19:20Z,PASS,,ivory-on-emerald,emerald,3,png,v1.5.1 (carried),,,
dist/brand/lockups/athar-lockup-bilingual-stacked-ivory-on-emerald-on-emerald@3x.webp,1 primary-lockups,bilingual-stacked,1830 x 1803,16180,780c6f5587ee92e1c4321cf7f02dabbbbb6b50229823face03548380632af974,resvg-js 2.6.2 + sharp 0.34.3 (WebP),rendered-assets-v1.5.0/dist/brand/monogram/athar-monogram-light.svg (<- Athar_Package 02 Logo/SVG/Athar_Logo_Monogram.svg) | rendered-assets-v1.5.0/dist/brand/wordmark/athar-wordmark-light.svg (<- Athar_Package 02 Logo/SVG/Athar_Logo_Horizontal.svg wordmark),2026-09-30T01:19:20Z,PASS,,ivory-on-emerald,emerald,3,webp,v1.5.1 (carried),,,
dist/brand/lockups/athar-lockup-bilingual-stacked-ivory-on-emerald-on-emerald.svg,1 primary-lockups,bilingual-stacked,610 x 601,8440,eab10e4feea6c3049a1528a4b7e5975461a15e106586045fb23584f1029ead4a,svgo 4.1.0 (safe config),rendered-assets-v1.5.0/dist/brand/monogram/athar-monogram-light.svg (<- Athar_Package 02 Logo/SVG/Athar_Logo_Monogram.svg) | rendered-assets-v1.5.0/dist/brand/wordmark/athar-wordmark-light.svg (<- Athar_Package 02 Logo/SVG/Athar_Logo_Horizontal.svg wordmark),2026-09-30T01:19:52Z,PASS,,ivory-on-emerald,emerald,1,svg,v1.5.1 (carried),,,
dist/brand/lockups/athar-lockup-bilingual-stacked-ivory-on-emerald-on-emerald.pdf,1 primary-lockups,bilingual-stacked,610 x 601,7299,8ff39e7fe3e420a7c0a89b6172a45ef88e7c2c9004e6122038c5e156c8870b0b,PyMuPDF 1.28.2 (MuPDF SVG->PDF),rendered-assets-v1.5.0/dist/brand/monogram/athar-monogram-light.svg (<- Athar_Package 02 Logo/SVG/Athar_Logo_Monogram.svg) | rendered-assets-v1.5.0/dist/brand/wordmark/athar-wordmark-light.svg (<- Athar_Package 02 Logo/SVG/Athar_Logo_Horizontal.svg wordmark),2026-09-30T01:19:52Z,PASS,,ivory-on-emerald,emerald,1,pdf,v1.5.1 (carried),,,
dist/brand/lockups/athar-lockup-bilingual-stacked-ivory-on-emerald-on-transparent@1x.png,1 primary-lockups,bilingual-stacked,610 x 601,15743,1e5c1e92a20d47c7479dc3b5a668e7bfd040947f6d110907c3662d35c6a6b38e,resvg-js 2.6.2 (resvg 0.40.0) + sharp 0.34.3/libvips 8.17.1,rendered-assets-v1.5.0/dist/brand/monogram/athar-monogram-light.svg (<- Athar_Package 02 Logo/SVG/Athar_Logo_Monogram.svg) | rendered-assets-v1.5.0/dist/brand/wordmark/athar-wordmark-light.svg (<- Athar_Package 02 Logo/SVG/Athar_Logo_Horizontal.svg wordmark),2026-09-30T01:19:20Z,PASS,,ivory-on-emerald,transparent,1,png,v1.5.1 (carried),,,
dist/brand/lockups/athar-lockup-bilingual-stacked-ivory-on-emerald-on-transparent@1x.webp,1 primary-lockups,bilingual-stacked,610 x 601,5474,192cce7c29dd96e6f00dc6fe7dbc0677b5f8e625710b8d1ec191022e0b5af4bf,resvg-js 2.6.2 + sharp 0.34.3 (WebP),rendered-assets-v1.5.0/dist/brand/monogram/athar-monogram-light.svg (<- Athar_Package 02 Logo/SVG/Athar_Logo_Monogram.svg) | rendered-assets-v1.5.0/dist/brand/wordmark/athar-wordmark-light.svg (<- Athar_Package 02 Logo/SVG/Athar_Logo_Horizontal.svg wordmark),2026-09-30T01:19:20Z,PASS,,ivory-on-emerald,transparent,1,webp,v1.5.1 (carried),,,
dist/brand/lockups/athar-lockup-bilingual-stacked-ivory-on-emerald-on-transparent@2x.png,1 primary-lockups,bilingual-stacked,1220 x 1202,35747,56c87460a48b92b1d30a32cb16086cecdefc29fd8cfcdadad012c37d040c9283,resvg-js 2.6.2 (resvg 0.40.0) + sharp 0.34.3/libvips 8.17.1,rendered-assets-v1.5.0/dist/brand/monogram/athar-monogram-light.svg (<- Athar_Package 02 Logo/SVG/Athar_Logo_Monogram.svg) | rendered-assets-v1.5.0/dist/brand/wordmark/athar-wordmark-light.svg (<- Athar_Package 02 Logo/SVG/Athar_Logo_Horizontal.svg wordmark),2026-09-30T01:19:20Z,PASS,,ivory-on-emerald,transparent,2,png,v1.5.1 (carried),,,
dist/brand/lockups/athar-lockup-bilingual-stacked-ivory-on-emerald-on-transparent@2x.webp,1 primary-lockups,bilingual-stacked,1220 x 1202,10802,cfc3a45ceb58dee79e7511a0b70005d151f7db08e91b0ba13d99ff24e2c5356f,resvg-js 2.6.2 + sharp 0.34.3 (WebP),rendered-assets-v1.5.0/dist/brand/monogram/athar-monogram-light.svg (<- Athar_Package 02 Logo/SVG/Athar_Logo_Monogram.svg) | rendered-assets-v1.5.0/dist/brand/wordmark/athar-wordmark-light.svg (<- Athar_Package 02 Logo/SVG/Athar_Logo_Horizontal.svg wordmark),2026-09-30T01:19:21Z,PASS,,ivory-on-emerald,transparent,2,webp,v1.5.1 (carried),,,
dist/brand/lockups/athar-lockup-bilingual-stacked-ivory-on-emerald-on-transparent@3x.png,1 primary-lockups,bilingual-stacked,1830 x 1803,58681,fda65ca5d5a1362b816281f1f1cf7952947958d6639d4ddb5eaed6ba455a4ae1,resvg-js 2.6.2 (resvg 0.40.0) + sharp 0.34.3/libvips 8.17.1,rendered-assets-v1.5.0/dist/brand/monogram/athar-monogram-light.svg (<- Athar_Package 02 Logo/SVG/Athar_Logo_Monogram.svg) | rendered-assets-v1.5.0/dist/brand/wordmark/athar-wordmark-light.svg (<- Athar_Package 02 Logo/SVG/Athar_Logo_Horizontal.svg wordmark),2026-09-30T01:19:21Z,PASS,,ivory-on-emerald,transparent,3,png,v1.5.1 (carried),,,
dist/brand/lockups/athar-lockup-bilingual-stacked-ivory-on-emerald-on-transparent@3x.webp,1 primary-lockups,bilingual-stacked,1830 x 1803,16236,2009e939f9f21aa26f822c36690b1670d3d23b6bc81e44588872b979d7877751,resvg-js 2.6.2 + sharp 0.34.3 (WebP),rendered-assets-v1.5.0/dist/brand/monogram/athar-monogram-light.svg (<- Athar_Package 02 Logo/SVG/Athar_Logo_Monogram.svg) | rendered-assets-v1.5.0/dist/brand/wordmark/athar-wordmark-light.svg (<- Athar_Package 02 Logo/SVG/Athar_Logo_Horizontal.svg wordmark),2026-09-30T01:19:21Z,PASS,,ivory-on-emerald,transparent,3,webp,v1.5.1 (carried),,,
dist/brand/lockups/athar-lockup-bilingual-stacked-ivory-on-emerald-on-transparent.svg,1 primary-lockups,bilingual-stacked,610 x 601,8366,37f0ac3b79d9032ac2e34fe4fc492350c486c1c803e4069b59597ba21ca0c804,svgo 4.1.0 (safe config),rendered-assets-v1.5.0/dist/brand/monogram/athar-monogram-light.svg (<- Athar_Package 02 Logo/SVG/Athar_Logo_Monogram.svg) | rendered-assets-v1.5.0/dist/brand/wordmark/athar-wordmark-light.svg (<- Athar_Package 02 Logo/SVG/Athar_Logo_Horizontal.svg wordmark),2026-09-30T01:19:52Z,PASS,,ivory-on-emerald,transparent,1,svg,v1.5.1 (carried),,,
dist/brand/lockups/athar-lockup-bilingual-stacked-ivory-on-emerald-on-transparent.pdf,1 primary-lockups,bilingual-stacked,610 x 601,7235,dcd06227c5724940b43ba5be162b9c385cf7d5601c800b31764a70cb447523d5,PyMuPDF 1.28.2 (MuPDF SVG->PDF),rendered-assets-v1.5.0/dist/brand/monogram/athar-monogram-light.svg (<- Athar_Package 02 Logo/SVG/Athar_Logo_Monogram.svg) | rendered-assets-v1.5.0/dist/brand/wordmark/athar-wordmark-light.svg (<- Athar_Package 02 Logo/SVG/Athar_Logo_Horizontal.svg wordmark),2026-09-30T01:19:52Z,PASS,,ivory-on-emerald,transparent,1,pdf,v1.5.1 (carried),,,
dist/brand/lockups/athar-lockup-bilingual-stacked-signage-gold-on-deep_ocean@1x.png,1 primary-lockups,bilingual-stacked,610 x 601,15166,6969d7b4219d13384fde51a06a4e697e1a8b4181dd57d78c4f4e5640d5499c26,resvg-js 2.6.2 (resvg 0.40.0) + sharp 0.34.3/libvips 8.17.1,rendered-assets-v1.5.0/dist/brand/monogram/athar-monogram-light.svg (<- Athar_Package 02 Logo/SVG/Athar_Logo_Monogram.svg) | rendered-assets-v1.5.0/dist/brand/wordmark/athar-wordmark-light.svg (<- Athar_Package 02 Logo/SVG/Athar_Logo_Horizontal.svg wordmark),2026-09-30T01:19:21Z,PASS,,signage-gold,deep_ocean,1,png,v1.5.1 (carried),,,
dist/brand/lockups/athar-lockup-bilingual-stacked-signage-gold-on-deep_ocean@1x.webp,1 primary-lockups,bilingual-stacked,610 x 601,5418,ea8764a5bc47283652ded19a08e58c45489fe64ea6c4c47386b3c01cd6ca96eb,resvg-js 2.6.2 + sharp 0.34.3 (WebP),rendered-assets-v1.5.0/dist/brand/monogram/athar-monogram-light.svg (<- Athar_Package 02 Logo/SVG/Athar_Logo_Monogram.svg) | rendered-assets-v1.5.0/dist/brand/wordmark/athar-wordmark-light.svg (<- Athar_Package 02 Logo/SVG/Athar_Logo_Horizontal.svg wordmark),2026-09-30T01:19:21Z,PASS,,signage-gold,deep_ocean,1,webp,v1.5.1 (carried),,,
dist/brand/lockups/athar-lockup-bilingual-stacked-signage-gold-on-deep_ocean@2x.png,1 primary-lockups,bilingual-stacked,1220 x 1202,35065,5152d0b3c2e86aa5c2f91374f6e6a32f3be31ce4cecd98936b46b82f5c4c0ba0,resvg-js 2.6.2 (resvg 0.40.0) + sharp 0.34.3/libvips 8.17.1,rendered-assets-v1.5.0/dist/brand/monogram/athar-monogram-light.svg (<- Athar_Package 02 Logo/SVG/Athar_Logo_Monogram.svg) | rendered-assets-v1.5.0/dist/brand/wordmark/athar-wordmark-light.svg (<- Athar_Package 02 Logo/SVG/Athar_Logo_Horizontal.svg wordmark),2026-09-30T01:19:21Z,PASS,,signage-gold,deep_ocean,2,png,v1.5.1 (carried),,,
dist/brand/lockups/athar-lockup-bilingual-stacked-signage-gold-on-deep_ocean@2x.webp,1 primary-lockups,bilingual-stacked,1220 x 1202,10686,789a97d6d6def155ea3ecfaddd8952aa2fd3f3abb9077833e10246f0f5d95f37,resvg-js 2.6.2 + sharp 0.34.3 (WebP),rendered-assets-v1.5.0/dist/brand/monogram/athar-monogram-light.svg (<- Athar_Package 02 Logo/SVG/Athar_Logo_Monogram.svg) | rendered-assets-v1.5.0/dist/brand/wordmark/athar-wordmark-light.svg (<- Athar_Package 02 Logo/SVG/Athar_Logo_Horizontal.svg wordmark),2026-09-30T01:19:21Z,PASS,,signage-gold,deep_ocean,2,webp,v1.5.1 (carried),,,
dist/brand/lockups/athar-lockup-bilingual-stacked-signage-gold-on-deep_ocean@3x.png,1 primary-lockups,bilingual-stacked,1830 x 1803,57367,288c85c5e034f259835638d550bdc02f0fbd304e059c8e5600f6f0d3a10ba104,resvg-js 2.6.2 (resvg 0.40.0) + sharp 0.34.3/libvips 8.17.1,rendered-assets-v1.5.0/dist/brand/monogram/athar-monogram-light.svg (<- Athar_Package 02 Logo/SVG/Athar_Logo_Monogram.svg) | rendered-assets-v1.5.0/dist/brand/wordmark/athar-wordmark-light.svg (<- Athar_Package 02 Logo/SVG/Athar_Logo_Horizontal.svg wordmark),2026-09-30T01:19:22Z,PASS,,signage-gold,deep_ocean,3,png,v1.5.1 (carried),,,
dist/brand/lockups/athar-lockup-bilingual-stacked-signage-gold-on-deep_ocean@3x.webp,1 primary-lockups,bilingual-stacked,1830 x 1803,16064,cf9baf3d965627eb1b460d2132493ce47a89b0eb3862d5e54783c1628fdb8d52,resvg-js 2.6.2 + sharp 0.34.3 (WebP),rendered-assets-v1.5.0/dist/brand/monogram/athar-monogram-light.svg (<- Athar_Package 02 Logo/SVG/Athar_Logo_Monogram.svg) | rendered-assets-v1.5.0/dist/brand/wordmark/athar-wordmark-light.svg (<- Athar_Package 02 Logo/SVG/Athar_Logo_Horizontal.svg wordmark),2026-09-30T01:19:22Z,PASS,,signage-gold,deep_ocean,3,webp,v1.5.1 (carried),,,
dist/brand/lockups/athar-lockup-bilingual-stacked-signage-gold-on-deep_ocean.svg,1 primary-lockups,bilingual-stacked,610 x 601,8439,ad386ff64167cd6dad662baa157529821b09a809e1b1ad6b0ac1977471bb4538,svgo 4.1.0 (safe config),rendered-assets-v1.5.0/dist/brand/monogram/athar-monogram-light.svg (<- Athar_Package 02 Logo/SVG/Athar_Logo_Monogram.svg) | rendered-assets-v1.5.0/dist/brand/wordmark/athar-wordmark-light.svg (<- Athar_Package 02 Logo/SVG/Athar_Logo_Horizontal.svg wordmark),2026-09-30T01:19:52Z,PASS,,signage-gold,deep_ocean,1,svg,v1.5.1 (carried),,,
dist/brand/lockups/athar-lockup-bilingual-stacked-signage-gold-on-deep_ocean.pdf,1 primary-lockups,bilingual-stacked,610 x 601,7302,9dd5c29878bfab14b1b55dc4dd2db3940744e92040f2fbbddeea7f1d9048577d,PyMuPDF 1.28.2 (MuPDF SVG->PDF),rendered-assets-v1.5.0/dist/brand/monogram/athar-monogram-light.svg (<- Athar_Package 02 Logo/SVG/Athar_Logo_Monogram.svg) | rendered-assets-v1.5.0/dist/brand/wordmark/athar-wordmark-light.svg (<- Athar_Package 02 Logo/SVG/Athar_Logo_Horizontal.svg wordmark),2026-09-30T01:19:52Z,PASS,,signage-gold,deep_ocean,1,pdf,v1.5.1 (carried),,,
dist/brand/lockups/athar-lockup-bilingual-stacked-signage-gold-on-transparent@1x.png,1 primary-lockups,bilingual-stacked,610 x 601,14969,68561d0c87b062fd8cc9f555e589a0d0fc9ab1b76b7bb1fe73c9c50733ad18b0,resvg-js 2.6.2 (resvg 0.40.0) + sharp 0.34.3/libvips 8.17.1,rendered-assets-v1.5.0/dist/brand/monogram/athar-monogram-light.svg (<- Athar_Package 02 Logo/SVG/Athar_Logo_Monogram.svg) | rendered-assets-v1.5.0/dist/brand/wordmark/athar-wordmark-light.svg (<- Athar_Package 02 Logo/SVG/Athar_Logo_Horizontal.svg wordmark),2026-09-30T01:19:22Z,PASS,,signage-gold,transparent,1,png,v1.5.1 (carried),,,
dist/brand/lockups/athar-lockup-bilingual-stacked-signage-gold-on-transparent@1x.webp,1 primary-lockups,bilingual-stacked,610 x 601,5506,850e5c3e201ce12b436b482cc34028a6fec2710e1fd15888b16ddaf50977e6bf,resvg-js 2.6.2 + sharp 0.34.3 (WebP),rendered-assets-v1.5.0/dist/brand/monogram/athar-monogram-light.svg (<- Athar_Package 02 Logo/SVG/Athar_Logo_Monogram.svg) | rendered-assets-v1.5.0/dist/brand/wordmark/athar-wordmark-light.svg (<- Athar_Package 02 Logo/SVG/Athar_Logo_Horizontal.svg wordmark),2026-09-30T01:19:22Z,PASS,,signage-gold,transparent,1,webp,v1.5.1 (carried),,,
dist/brand/lockups/athar-lockup-bilingual-stacked-signage-gold-on-transparent@2x.png,1 primary-lockups,bilingual-stacked,1220 x 1202,34044,5c2c7ef7251c1786441e8b1d601333253c4a17d1053f3cc514dbf2ba11ee675d,resvg-js 2.6.2 (resvg 0.40.0) + sharp 0.34.3/libvips 8.17.1,rendered-assets-v1.5.0/dist/brand/monogram/athar-monogram-light.svg (<- Athar_Package 02 Logo/SVG/Athar_Logo_Monogram.svg) | rendered-assets-v1.5.0/dist/brand/wordmark/athar-wordmark-light.svg (<- Athar_Package 02 Logo/SVG/Athar_Logo_Horizontal.svg wordmark),2026-09-30T01:19:22Z,PASS,,signage-gold,transparent,2,png,v1.5.1 (carried),,,
dist/brand/lockups/athar-lockup-bilingual-stacked-signage-gold-on-transparent@2x.webp,1 primary-lockups,bilingual-stacked,1220 x 1202,10808,0f9127df392cdf5c377f3a98fe7be946e43b99860bda8caa710d14f08bb20e18,resvg-js 2.6.2 + sharp 0.34.3 (WebP),rendered-assets-v1.5.0/dist/brand/monogram/athar-monogram-light.svg (<- Athar_Package 02 Logo/SVG/Athar_Logo_Monogram.svg) | rendered-assets-v1.5.0/dist/brand/wordmark/athar-wordmark-light.svg (<- Athar_Package 02 Logo/SVG/Athar_Logo_Horizontal.svg wordmark),2026-09-30T01:19:22Z,PASS,,signage-gold,transparent,2,webp,v1.5.1 (carried),,,
dist/brand/lockups/athar-lockup-bilingual-stacked-signage-gold-on-transparent@3x.png,1 primary-lockups,bilingual-stacked,1830 x 1803,55998,f3c3b5b2abf00c61c0809a41adfc6be890f21532626cfe49a35d9dbfe81dc8d4,resvg-js 2.6.2 (resvg 0.40.0) + sharp 0.34.3/libvips 8.17.1,rendered-assets-v1.5.0/dist/brand/monogram/athar-monogram-light.svg (<- Athar_Package 02 Logo/SVG/Athar_Logo_Monogram.svg) | rendered-assets-v1.5.0/dist/brand/wordmark/athar-wordmark-light.svg (<- Athar_Package 02 Logo/SVG/Athar_Logo_Horizontal.svg wordmark),2026-09-30T01:19:23Z,PASS,,signage-gold,transparent,3,png,v1.5.1 (carried),,,
dist/brand/lockups/athar-lockup-bilingual-stacked-signage-gold-on-transparent@3x.webp,1 primary-lockups,bilingual-stacked,1830 x 1803,16240,a755a3a735ade3852411b350d4fecfc893e8e69192f2ccff002ae457795dbae4,resvg-js 2.6.2 + sharp 0.34.3 (WebP),rendered-assets-v1.5.0/dist/brand/monogram/athar-monogram-light.svg (<- Athar_Package 02 Logo/SVG/Athar_Logo_Monogram.svg) | rendered-assets-v1.5.0/dist/brand/wordmark/athar-wordmark-light.svg (<- Athar_Package 02 Logo/SVG/Athar_Logo_Horizontal.svg wordmark),2026-09-30T01:19:23Z,PASS,,signage-gold,transparent,3,webp,v1.5.1 (carried),,,
dist/brand/lockups/athar-lockup-bilingual-stacked-signage-gold-on-transparent.svg,1 primary-lockups,bilingual-stacked,610 x 601,8362,0360411e5a818f74713a8d305f44fd4517028d4feac8f7ff69b43a66f678bfab,svgo 4.1.0 (safe config),rendered-assets-v1.5.0/dist/brand/monogram/athar-monogram-light.svg (<- Athar_Package 02 Logo/SVG/Athar_Logo_Monogram.svg) | rendered-assets-v1.5.0/dist/brand/wordmark/athar-wordmark-light.svg (<- Athar_Package 02 Logo/SVG/Athar_Logo_Horizontal.svg wordmark),2026-09-30T01:19:53Z,PASS,,signage-gold,transparent,1,svg,v1.5.1 (carried),,,
dist/brand/lockups/athar-lockup-bilingual-stacked-signage-gold-on-transparent.pdf,1 primary-lockups,bilingual-stacked,610 x 601,7234,1321ce28f9783fe88da9134777d473f2dad2603ac3cb0832bc6a6af3073a53cf,PyMuPDF 1.28.2 (MuPDF SVG->PDF),rendered-assets-v1.5.0/dist/brand/monogram/athar-monogram-light.svg (<- Athar_Package 02 Logo/SVG/Athar_Logo_Monogram.svg) | rendered-assets-v1.5.0/dist/brand/wordmark/athar-wordmark-light.svg (<- Athar_Package 02 Logo/SVG/Athar_Logo_Horizontal.svg wordmark),2026-09-30T01:19:53Z,PASS,,signage-gold,transparent,1,pdf,v1.5.1 (carried),,,
dist/brand/lockups/athar-lockup-primary-ar-navy-on-transparent@1x.png,1 primary-lockups,primary-ar,478 x 514,11824,d26409f933d9a157e9ba96751f46bdb62f9ad8f90d7def4f4761df031bb81494,resvg-js 2.6.2 (resvg 0.40.0) + sharp 0.34.3/libvips 8.17.1,rendered-assets-v1.5.0/dist/brand/monogram/athar-monogram-light.svg (<- Athar_Package 02 Logo/SVG/Athar_Logo_Monogram.svg) | rendered-assets-v1.5.0/dist/brand/wordmark/athar-wordmark-light.svg (<- Athar_Package 02 Logo/SVG/Athar_Logo_Horizontal.svg wordmark),2026-09-30T01:19:23Z,PASS,,navy,transparent,1,png,v1.5.1 (carried),,,
dist/brand/lockups/athar-lockup-primary-ar-navy-on-transparent@1x.webp,1 primary-lockups,primary-ar,478 x 514,4286,bedac40f5a3567a6054ea13389e34e547ca6c9fa68ca80effac27fbdf6dcae38,resvg-js 2.6.2 + sharp 0.34.3 (WebP),rendered-assets-v1.5.0/dist/brand/monogram/athar-monogram-light.svg (<- Athar_Package 02 Logo/SVG/Athar_Logo_Monogram.svg) | rendered-assets-v1.5.0/dist/brand/wordmark/athar-wordmark-light.svg (<- Athar_Package 02 Logo/SVG/Athar_Logo_Horizontal.svg wordmark),2026-09-30T01:19:23Z,PASS,,navy,transparent,1,webp,v1.5.1 (carried),,,
dist/brand/lockups/athar-lockup-primary-ar-navy-on-transparent@2x.png,1 primary-lockups,primary-ar,956 x 1028,26216,429d43b79494beb5f97e2d50c5ca8d46bfd2442c3e6c5a0deb389b238b8279b5,resvg-js 2.6.2 (resvg 0.40.0) + sharp 0.34.3/libvips 8.17.1,rendered-assets-v1.5.0/dist/brand/monogram/athar-monogram-light.svg (<- Athar_Package 02 Logo/SVG/Athar_Logo_Monogram.svg) | rendered-assets-v1.5.0/dist/brand/wordmark/athar-wordmark-light.svg (<- Athar_Package 02 Logo/SVG/Athar_Logo_Horizontal.svg wordmark),2026-09-30T01:19:23Z,PASS,,navy,transparent,2,png,v1.5.1 (carried),,,
dist/brand/lockups/athar-lockup-primary-ar-navy-on-transparent@2x.webp,1 primary-lockups,primary-ar,956 x 1028,8336,d16775781c71f5bd9d4b1170000df47d535cab18ddeb0cf805a2f5f72c8c8c75,resvg-js 2.6.2 + sharp 0.34.3 (WebP),rendered-assets-v1.5.0/dist/brand/monogram/athar-monogram-light.svg (<- Athar_Package 02 Logo/SVG/Athar_Logo_Monogram.svg) | rendered-assets-v1.5.0/dist/brand/wordmark/athar-wordmark-light.svg (<- Athar_Package 02 Logo/SVG/Athar_Logo_Horizontal.svg wordmark),2026-09-30T01:19:23Z,PASS,,navy,transparent,2,webp,v1.5.1 (carried),,,
dist/brand/lockups/athar-lockup-primary-ar-navy-on-transparent@3x.png,1 primary-lockups,primary-ar,1434 x 1542,43930,1192fcdd87dcfdef81d21f7700db6dbc826fb9bdd82a1b95673edb511b976ad6,resvg-js 2.6.2 (resvg 0.40.0) + sharp 0.34.3/libvips 8.17.1,rendered-assets-v1.5.0/dist/brand/monogram/athar-monogram-light.svg (<- Athar_Package 02 Logo/SVG/Athar_Logo_Monogram.svg) | rendered-assets-v1.5.0/dist/brand/wordmark/athar-wordmark-light.svg (<- Athar_Package 02 Logo/SVG/Athar_Logo_Horizontal.svg wordmark),2026-09-30T01:19:23Z,PASS,,navy,transparent,3,png,v1.5.1 (carried),,,
dist/brand/lockups/athar-lockup-primary-ar-navy-on-transparent@3x.webp,1 primary-lockups,primary-ar,1434 x 1542,12502,1ce0d08619cbb2a4a71cf58eb0823cfcd324e17376be71ecd1cb6cd4d6e1a8d3,resvg-js 2.6.2 + sharp 0.34.3 (WebP),rendered-assets-v1.5.0/dist/brand/monogram/athar-monogram-light.svg (<- Athar_Package 02 Logo/SVG/Athar_Logo_Monogram.svg) | rendered-assets-v1.5.0/dist/brand/wordmark/athar-wordmark-light.svg (<- Athar_Package 02 Logo/SVG/Athar_Logo_Horizontal.svg wordmark),2026-09-30T01:19:23Z,PASS,,navy,transparent,3,webp,v1.5.1 (carried),,,
dist/brand/lockups/athar-lockup-primary-ar-navy-on-transparent.svg,1 primary-lockups,primary-ar,478 x 514,6567,a1eb96fee8575ad2e1d0a939481619e5781bcf9313fb3fa423a4e745f1a908c5,svgo 4.1.0 (safe config),rendered-assets-v1.5.0/dist/brand/monogram/athar-monogram-light.svg (<- Athar_Package 02 Logo/SVG/Athar_Logo_Monogram.svg) | rendered-assets-v1.5.0/dist/brand/wordmark/athar-wordmark-light.svg (<- Athar_Package 02 Logo/SVG/Athar_Logo_Horizontal.svg wordmark),2026-09-30T01:19:53Z,PASS,,navy,transparent,1,svg,v1.5.1 (carried),,,
dist/brand/lockups/athar-lockup-primary-ar-navy-on-transparent.pdf,1 primary-lockups,primary-ar,478 x 514,6012,96f655a56818bfb11cceac345a71646e039828b7baa29a49c0ebd713f77be258,PyMuPDF 1.28.2 (MuPDF SVG->PDF),rendered-assets-v1.5.0/dist/brand/monogram/athar-monogram-light.svg (<- Athar_Package 02 Logo/SVG/Athar_Logo_Monogram.svg) | rendered-assets-v1.5.0/dist/brand/wordmark/athar-wordmark-light.svg (<- Athar_Package 02 Logo/SVG/Athar_Logo_Horizontal.svg wordmark),2026-09-30T01:19:53Z,PASS,,navy,transparent,1,pdf,v1.5.1 (carried),,,
dist/brand/lockups/athar-lockup-primary-ar-navy-on-ivory@1x.png,1 primary-lockups,primary-ar,478 x 514,11145,6e33c5edab1f16c571d34b90c91dbcd1dd86d1c3d8d5aec87c311a4d4222c09e,resvg-js 2.6.2 (resvg 0.40.0) + sharp 0.34.3/libvips 8.17.1,rendered-assets-v1.5.0/dist/brand/monogram/athar-monogram-light.svg (<- Athar_Package 02 Logo/SVG/Athar_Logo_Monogram.svg) | rendered-assets-v1.5.0/dist/brand/wordmark/athar-wordmark-light.svg (<- Athar_Package 02 Logo/SVG/Athar_Logo_Horizontal.svg wordmark),2026-09-30T01:19:23Z,PASS,,navy,ivory,1,png,v1.5.1 (carried),,,
dist/brand/lockups/athar-lockup-primary-ar-navy-on-ivory@1x.webp,1 primary-lockups,primary-ar,478 x 514,4292,16148e6cd68340ea2c28e5eb6ab22d97d5915f59de99abc771ee63ed06cb8fc8,resvg-js 2.6.2 + sharp 0.34.3 (WebP),rendered-assets-v1.5.0/dist/brand/monogram/athar-monogram-light.svg (<- Athar_Package 02 Logo/SVG/Athar_Logo_Monogram.svg) | rendered-assets-v1.5.0/dist/brand/wordmark/athar-wordmark-light.svg (<- Athar_Package 02 Logo/SVG/Athar_Logo_Horizontal.svg wordmark),2026-09-30T01:19:23Z,PASS,,navy,ivory,1,webp,v1.5.1 (carried),,,
dist/brand/lockups/athar-lockup-primary-ar-navy-on-ivory@2x.png,1 primary-lockups,primary-ar,956 x 1028,24413,8a4c2f383fede09d602b9d30ad4ac92c9d9c2bd5147e48ba1b337189ba084fe9,resvg-js 2.6.2 (resvg 0.40.0) + sharp 0.34.3/libvips 8.17.1,rendered-assets-v1.5.0/dist/brand/monogram/athar-monogram-light.svg (<- Athar_Package 02 Logo/SVG/Athar_Logo_Monogram.svg) | rendered-assets-v1.5.0/dist/brand/wordmark/athar-wordmark-light.svg (<- Athar_Package 02 Logo/SVG/Athar_Logo_Horizontal.svg wordmark),2026-09-30T01:19:23Z,PASS,,navy,ivory,2,png,v1.5.1 (carried),,,
dist/brand/lockups/athar-lockup-primary-ar-navy-on-ivory@2x.webp,1 primary-lockups,primary-ar,956 x 1028,8304,cf88c094af93642fc2853543b2210c2ba3205b89d9e7bc2ae92d1f4c4b9a292a,resvg-js 2.6.2 + sharp 0.34.3 (WebP),rendered-assets-v1.5.0/dist/brand/monogram/athar-monogram-light.svg (<- Athar_Package 02 Logo/SVG/Athar_Logo_Monogram.svg) | rendered-assets-v1.5.0/dist/brand/wordmark/athar-wordmark-light.svg (<- Athar_Package 02 Logo/SVG/Athar_Logo_Horizontal.svg wordmark),2026-09-30T01:19:24Z,PASS,,navy,ivory,2,webp,v1.5.1 (carried),,,
dist/brand/lockups/athar-lockup-primary-ar-navy-on-ivory@3x.png,1 primary-lockups,primary-ar,1434 x 1542,41664,7635ed853400de317d79dd1331a21901e588a3238c62020261dced3f1e4d36d3,resvg-js 2.6.2 (resvg 0.40.0) + sharp 0.34.3/libvips 8.17.1,rendered-assets-v1.5.0/dist/brand/monogram/athar-monogram-light.svg (<- Athar_Package 02 Logo/SVG/Athar_Logo_Monogram.svg) | rendered-assets-v1.5.0/dist/brand/wordmark/athar-wordmark-light.svg (<- Athar_Package 02 Logo/SVG/Athar_Logo_Horizontal.svg wordmark),2026-09-30T01:19:24Z,PASS,,navy,ivory,3,png,v1.5.1 (carried),,,
dist/brand/lockups/athar-lockup-primary-ar-navy-on-ivory@3x.webp,1 primary-lockups,primary-ar,1434 x 1542,12492,a183bd157219d238c7011b698b24bbfd221af1eda2099f40aa105b7b8c72b35f,resvg-js 2.6.2 + sharp 0.34.3 (WebP),rendered-assets-v1.5.0/dist/brand/monogram/athar-monogram-light.svg (<- Athar_Package 02 Logo/SVG/Athar_Logo_Monogram.svg) | rendered-assets-v1.5.0/dist/brand/wordmark/athar-wordmark-light.svg (<- Athar_Package 02 Logo/SVG/Athar_Logo_Horizontal.svg wordmark),2026-09-30T01:19:24Z,PASS,,navy,ivory,3,webp,v1.5.1 (carried),,,
dist/brand/lockups/athar-lockup-primary-ar-navy-on-ivory.svg,1 primary-lockups,primary-ar,478 x 514,6638,4680bab2b4924f7aebac80de676e6f916c58eb81c9978045353493293654e0af,svgo 4.1.0 (safe config),rendered-assets-v1.5.0/dist/brand/monogram/athar-monogram-light.svg (<- Athar_Package 02 Logo/SVG/Athar_Logo_Monogram.svg) | rendered-assets-v1.5.0/dist/brand/wordmark/athar-wordmark-light.svg (<- Athar_Package 02 Logo/SVG/Athar_Logo_Horizontal.svg wordmark),2026-09-30T01:19:53Z,PASS,,navy,ivory,1,svg,v1.5.1 (carried),,,
dist/brand/lockups/athar-lockup-primary-ar-navy-on-ivory.pdf,1 primary-lockups,primary-ar,478 x 514,6054,a6f7e0d940e7af70e76a92dfb132a2f7395d90a8b1d9ca9c387d9b925c1577e8,PyMuPDF 1.28.2 (MuPDF SVG->PDF),rendered-assets-v1.5.0/dist/brand/monogram/athar-monogram-light.svg (<- Athar_Package 02 Logo/SVG/Athar_Logo_Monogram.svg) | rendered-assets-v1.5.0/dist/brand/wordmark/athar-wordmark-light.svg (<- Athar_Package 02 Logo/SVG/Athar_Logo_Horizontal.svg wordmark),2026-09-30T01:19:53Z,PASS,,navy,ivory,1,pdf,v1.5.1 (carried),,,
dist/brand/lockups/athar-lockup-primary-ar-navy-on-sand@1x.png,1 primary-lockups,primary-ar,478 x 514,11455,eb6d591b12119dfbe6f6959b42d3139fcd1cd358c00b680fb44c9cbc07f51834,resvg-js 2.6.2 (resvg 0.40.0) + sharp 0.34.3/libvips 8.17.1,rendered-assets-v1.5.0/dist/brand/monogram/athar-monogram-light.svg (<- Athar_Package 02 Logo/SVG/Athar_Logo_Monogram.svg) | rendered-assets-v1.5.0/dist/brand/wordmark/athar-wordmark-light.svg (<- Athar_Package 02 Logo/SVG/Athar_Logo_Horizontal.svg wordmark),2026-09-30T01:19:24Z,PASS,,navy,sand,1,png,v1.5.1 (carried),,,
dist/brand/lockups/athar-lockup-primary-ar-navy-on-sand@1x.webp,1 primary-lockups,primary-ar,478 x 514,4276,9d0e463451bd39c9b25a988030bce879eb56e7a6497d928707b8cef119b5a160,resvg-js 2.6.2 + sharp 0.34.3 (WebP),rendered-assets-v1.5.0/dist/brand/monogram/athar-monogram-light.svg (<- Athar_Package 02 Logo/SVG/Athar_Logo_Monogram.svg) | rendered-assets-v1.5.0/dist/brand/wordmark/athar-wordmark-light.svg (<- Athar_Package 02 Logo/SVG/Athar_Logo_Horizontal.svg wordmark),2026-09-30T01:19:24Z,PASS,,navy,sand,1,webp,v1.5.1 (carried),,,
dist/brand/lockups/athar-lockup-primary-ar-navy-on-sand@2x.png,1 primary-lockups,primary-ar,956 x 1028,25199,ae73d40e0e9057337c657edb905a8b93101d08a83d0d91016a99735fe7696e92,resvg-js 2.6.2 (resvg 0.40.0) + sharp 0.34.3/libvips 8.17.1,rendered-assets-v1.5.0/dist/brand/monogram/athar-monogram-light.svg (<- Athar_Package 02 Logo/SVG/Athar_Logo_Monogram.svg) | rendered-assets-v1.5.0/dist/brand/wordmark/athar-wordmark-light.svg (<- Athar_Package 02 Logo/SVG/Athar_Logo_Horizontal.svg wordmark),2026-09-30T01:19:24Z,PASS,,navy,sand,2,png,v1.5.1 (carried),,,
dist/brand/lockups/athar-lockup-primary-ar-navy-on-sand@2x.webp,1 primary-lockups,primary-ar,956 x 1028,8284,6b58bb8ff6380b61e1050d0ef2a294cc3edf769bc8e53762f5f1ae3f401f7afe,resvg-js 2.6.2 + sharp 0.34.3 (WebP),rendered-assets-v1.5.0/dist/brand/monogram/athar-monogram-light.svg (<- Athar_Package 02 Logo/SVG/Athar_Logo_Monogram.svg) | rendered-assets-v1.5.0/dist/brand/wordmark/athar-wordmark-light.svg (<- Athar_Package 02 Logo/SVG/Athar_Logo_Horizontal.svg wordmark),2026-09-30T01:19:24Z,PASS,,navy,sand,2,webp,v1.5.1 (carried),,,
dist/brand/lockups/athar-lockup-primary-ar-navy-on-sand@3x.png,1 primary-lockups,primary-ar,1434 x 1542,42552,495635384003a26697a85c42bc41ceeb8741405dd44fbbf48c013b585aae7be9,resvg-js 2.6.2 (resvg 0.40.0) + sharp 0.34.3/libvips 8.17.1,rendered-assets-v1.5.0/dist/brand/monogram/athar-monogram-light.svg (<- Athar_Package 02 Logo/SVG/Athar_Logo_Monogram.svg) | rendered-assets-v1.5.0/dist/brand/wordmark/athar-wordmark-light.svg (<- Athar_Package 02 Logo/SVG/Athar_Logo_Horizontal.svg wordmark),2026-09-30T01:19:24Z,PASS,,navy,sand,3,png,v1.5.1 (carried),,,
dist/brand/lockups/athar-lockup-primary-ar-navy-on-sand@3x.webp,1 primary-lockups,primary-ar,1434 x 1542,12468,1fb26f31ec6c0e94ab7b4d454e22e5a7658f58f6fd4d7dd2a0e886dc59c62aae,resvg-js 2.6.2 + sharp 0.34.3 (WebP),rendered-assets-v1.5.0/dist/brand/monogram/athar-monogram-light.svg (<- Athar_Package 02 Logo/SVG/Athar_Logo_Monogram.svg) | rendered-assets-v1.5.0/dist/brand/wordmark/athar-wordmark-light.svg (<- Athar_Package 02 Logo/SVG/Athar_Logo_Horizontal.svg wordmark),2026-09-30T01:19:24Z,PASS,,navy,sand,3,webp,v1.5.1 (carried),,,
dist/brand/lockups/athar-lockup-primary-ar-navy-on-sand.svg,1 primary-lockups,primary-ar,478 x 514,6637,ac934cc3cde41c2564fe025ef01f047325eb108f6342325ce76beb3f8a597e08,svgo 4.1.0 (safe config),rendered-assets-v1.5.0/dist/brand/monogram/athar-monogram-light.svg (<- Athar_Package 02 Logo/SVG/Athar_Logo_Monogram.svg) | rendered-assets-v1.5.0/dist/brand/wordmark/athar-wordmark-light.svg (<- Athar_Package 02 Logo/SVG/Athar_Logo_Horizontal.svg wordmark),2026-09-30T01:19:54Z,PASS,,navy,sand,1,svg,v1.5.1 (carried),,,
dist/brand/lockups/athar-lockup-primary-ar-navy-on-sand.pdf,1 primary-lockups,primary-ar,478 x 514,6059,9c3626f62b538ec793d4c0bdfa391e654c9ba248bb65dd25c64b7d8f5c96bdab,PyMuPDF 1.28.2 (MuPDF SVG->PDF),rendered-assets-v1.5.0/dist/brand/monogram/athar-monogram-light.svg (<- Athar_Package 02 Logo/SVG/Athar_Logo_Monogram.svg) | rendered-assets-v1.5.0/dist/brand/wordmark/athar-wordmark-light.svg (<- Athar_Package 02 Logo/SVG/Athar_Logo_Horizontal.svg wordmark),2026-09-30T01:19:54Z,PASS,,navy,sand,1,pdf,v1.5.1 (carried),,,
dist/brand/lockups/athar-lockup-primary-ar-reversed-on-transparent@1x.png,1 primary-lockups,primary-ar,478 x 514,11949,ba00bddc66efba05f94ea00ea892c18475bcca2cd786f35f17e5c89a1f971fad,resvg-js 2.6.2 (resvg 0.40.0) + sharp 0.34.3/libvips 8.17.1,rendered-assets-v1.5.0/dist/brand/monogram/athar-monogram-light.svg (<- Athar_Package 02 Logo/SVG/Athar_Logo_Monogram.svg) | rendered-assets-v1.5.0/dist/brand/wordmark/athar-wordmark-light.svg (<- Athar_Package 02 Logo/SVG/Athar_Logo_Horizontal.svg wordmark),2026-09-30T01:19:25Z,PASS,,reversed,transparent,1,png,v1.5.1 (carried),,,
dist/brand/lockups/athar-lockup-primary-ar-reversed-on-transparent@1x.webp,1 primary-lockups,primary-ar,478 x 514,4296,633a0f9d3f66721e1f34e7933b6c243d7be323d5a24204ff0ef62cb73cf7b0a8,resvg-js 2.6.2 + sharp 0.34.3 (WebP),rendered-assets-v1.5.0/dist/brand/monogram/athar-monogram-light.svg (<- Athar_Package 02 Logo/SVG/Athar_Logo_Monogram.svg) | rendered-assets-v1.5.0/dist/brand/wordmark/athar-wordmark-light.svg (<- Athar_Package 02 Logo/SVG/Athar_Logo_Horizontal.svg wordmark),2026-09-30T01:19:25Z,PASS,,reversed,transparent,1,webp,v1.5.1 (carried),,,
dist/brand/lockups/athar-lockup-primary-ar-reversed-on-transparent@2x.png,1 primary-lockups,primary-ar,956 x 1028,26515,ea800358db6a07e16e473f3f0d51d0148ae9a66e252a64140e3addd38649ebea,resvg-js 2.6.2 (resvg 0.40.0) + sharp 0.34.3/libvips 8.17.1,rendered-assets-v1.5.0/dist/brand/monogram/athar-monogram-light.svg (<- Athar_Package 02 Logo/SVG/Athar_Logo_Monogram.svg) | rendered-assets-v1.5.0/dist/brand/wordmark/athar-wordmark-light.svg (<- Athar_Package 02 Logo/SVG/Athar_Logo_Horizontal.svg wordmark),2026-09-30T01:19:25Z,PASS,,reversed,transparent,2,png,v1.5.1 (carried),,,
dist/brand/lockups/athar-lockup-primary-ar-reversed-on-transparent@2x.webp,1 primary-lockups,primary-ar,956 x 1028,8340,cae2f5e8caaed77d7f8cb2bf3bb4321c406bc04d4116fc27c225f1ab697f730e,resvg-js 2.6.2 + sharp 0.34.3 (WebP),rendered-assets-v1.5.0/dist/brand/monogram/athar-monogram-light.svg (<- Athar_Package 02 Logo/SVG/Athar_Logo_Monogram.svg) | rendered-assets-v1.5.0/dist/brand/wordmark/athar-wordmark-light.svg (<- Athar_Package 02 Logo/SVG/Athar_Logo_Horizontal.svg wordmark),2026-09-30T01:19:25Z,PASS,,reversed,transparent,2,webp,v1.5.1 (carried),,,
dist/brand/lockups/athar-lockup-primary-ar-reversed-on-transparent@3x.png,1 primary-lockups,primary-ar,1434 x 1542,44323,c1c97c877a0eb328436f52a2b74744ae204e86c9291bc14d16eeacca7e9d55ee,resvg-js 2.6.2 (resvg 0.40.0) + sharp 0.34.3/libvips 8.17.1,rendered-assets-v1.5.0/dist/brand/monogram/athar-monogram-light.svg (<- Athar_Package 02 Logo/SVG/Athar_Logo_Monogram.svg) | rendered-assets-v1.5.0/dist/brand/wordmark/athar-wordmark-light.svg (<- Athar_Package 02 Logo/SVG/Athar_Logo_Horizontal.svg wordmark),2026-09-30T01:19:25Z,PASS,,reversed,transparent,3,png,v1.5.1 (carried),,,
dist/brand/lockups/athar-lockup-primary-ar-reversed-on-transparent@3x.webp,1 primary-lockups,primary-ar,1434 x 1542,12506,a4402631de7f720a475cb435c577f7b3e742b6641ada30e76c81679666c4f669,resvg-js 2.6.2 + sharp 0.34.3 (WebP),rendered-assets-v1.5.0/dist/brand/monogram/athar-monogram-light.svg (<- Athar_Package 02 Logo/SVG/Athar_Logo_Monogram.svg) | rendered-assets-v1.5.0/dist/brand/wordmark/athar-wordmark-light.svg (<- Athar_Package 02 Logo/SVG/Athar_Logo_Horizontal.svg wordmark),2026-09-30T01:19:25Z,PASS,,reversed,transparent,3,webp,v1.5.1 (carried),,,
dist/brand/lockups/athar-lockup-primary-ar-reversed-on-transparent.svg,1 primary-lockups,primary-ar,478 x 514,6571,38d927b733ed8d5bf3da744d0a4fa1feb8c414c27ee9138749abe83fec399bb5,svgo 4.1.0 (safe config),rendered-assets-v1.5.0/dist/brand/monogram/athar-monogram-light.svg (<- Athar_Package 02 Logo/SVG/Athar_Logo_Monogram.svg) | rendered-assets-v1.5.0/dist/brand/wordmark/athar-wordmark-light.svg (<- Athar_Package 02 Logo/SVG/Athar_Logo_Horizontal.svg wordmark),2026-09-30T01:19:54Z,PASS,,reversed,transparent,1,svg,v1.5.1 (carried),,,
dist/brand/lockups/athar-lockup-primary-ar-reversed-on-transparent.pdf,1 primary-lockups,primary-ar,478 x 514,6013,8261002a936bd5ad623750e0ef018db8ecc20b5816c90680d482a0167d2082f9,PyMuPDF 1.28.2 (MuPDF SVG->PDF),rendered-assets-v1.5.0/dist/brand/monogram/athar-monogram-light.svg (<- Athar_Package 02 Logo/SVG/Athar_Logo_Monogram.svg) | rendered-assets-v1.5.0/dist/brand/wordmark/athar-wordmark-light.svg (<- Athar_Package 02 Logo/SVG/Athar_Logo_Horizontal.svg wordmark),2026-09-30T01:19:54Z,PASS,,reversed,transparent,1,pdf,v1.5.1 (carried),,,
dist/brand/lockups/athar-lockup-primary-ar-reversed-on-deep_ocean@1x.png,1 primary-lockups,primary-ar,478 x 514,11267,14bb116ba8da8d60f9755b256d8055aae9bd8794a000cc683b61bf9fb0f5992c,resvg-js 2.6.2 (resvg 0.40.0) + sharp 0.34.3/libvips 8.17.1,rendered-assets-v1.5.0/dist/brand/monogram/athar-monogram-light.svg (<- Athar_Package 02 Logo/SVG/Athar_Logo_Monogram.svg) | rendered-assets-v1.5.0/dist/brand/wordmark/athar-wordmark-light.svg (<- Athar_Package 02 Logo/SVG/Athar_Logo_Horizontal.svg wordmark),2026-09-30T01:19:25Z,PASS,,reversed,deep_ocean,1,png,v1.5.1 (carried),,,
dist/brand/lockups/athar-lockup-primary-ar-reversed-on-deep_ocean@1x.webp,1 primary-lockups,primary-ar,478 x 514,4284,b85f95ef1842cd6b06f800a833cb3c0e8bb7d9aa949f0459793891c0443b8df9,resvg-js 2.6.2 + sharp 0.34.3 (WebP),rendered-assets-v1.5.0/dist/brand/monogram/athar-monogram-light.svg (<- Athar_Package 02 Logo/SVG/Athar_Logo_Monogram.svg) | rendered-assets-v1.5.0/dist/brand/wordmark/athar-wordmark-light.svg (<- Athar_Package 02 Logo/SVG/Athar_Logo_Horizontal.svg wordmark),2026-09-30T01:19:25Z,PASS,,reversed,deep_ocean,1,webp,v1.5.1 (carried),,,
dist/brand/lockups/athar-lockup-primary-ar-reversed-on-deep_ocean@2x.png,1 primary-lockups,primary-ar,956 x 1028,24596,0f4a58749e2d7ef1e683fd4bca88237c9bf12d57f47ce872f5096caceaff300d,resvg-js 2.6.2 (resvg 0.40.0) + sharp 0.34.3/libvips 8.17.1,rendered-assets-v1.5.0/dist/brand/monogram/athar-monogram-light.svg (<- Athar_Package 02 Logo/SVG/Athar_Logo_Monogram.svg) | rendered-assets-v1.5.0/dist/brand/wordmark/athar-wordmark-light.svg (<- Athar_Package 02 Logo/SVG/Athar_Logo_Horizontal.svg wordmark),2026-09-30T01:19:25Z,PASS,,reversed,deep_ocean,2,png,v1.5.1 (carried),,,
dist/brand/lockups/athar-lockup-primary-ar-reversed-on-deep_ocean@2x.webp,1 primary-lockups,primary-ar,956 x 1028,8304,67c4aef9cdb1f8e9151603554ad89702f32f604a6358830aef7b6ae32049323f,resvg-js 2.6.2 + sharp 0.34.3 (WebP),rendered-assets-v1.5.0/dist/brand/monogram/athar-monogram-light.svg (<- Athar_Package 02 Logo/SVG/Athar_Logo_Monogram.svg) | rendered-assets-v1.5.0/dist/brand/wordmark/athar-wordmark-light.svg (<- Athar_Package 02 Logo/SVG/Athar_Logo_Horizontal.svg wordmark),2026-09-30T01:19:25Z,PASS,,reversed,deep_ocean,2,webp,v1.5.1 (carried),,,
dist/brand/lockups/athar-lockup-primary-ar-reversed-on-deep_ocean@3x.png,1 primary-lockups,primary-ar,1434 x 1542,42040,04eeb263209b0315611cadf92cb5b3f8f060daba7c8a58c3c5e5cc9ae5ad1439,resvg-js 2.6.2 (resvg 0.40.0) + sharp 0.34.3/libvips 8.17.1,rendered-assets-v1.5.0/dist/brand/monogram/athar-monogram-light.svg (<- Athar_Package 02 Logo/SVG/Athar_Logo_Monogram.svg) | rendered-assets-v1.5.0/dist/brand/wordmark/athar-wordmark-light.svg (<- Athar_Package 02 Logo/SVG/Athar_Logo_Horizontal.svg wordmark),2026-09-30T01:19:26Z,PASS,,reversed,deep_ocean,3,png,v1.5.1 (carried),,,
dist/brand/lockups/athar-lockup-primary-ar-reversed-on-deep_ocean@3x.webp,1 primary-lockups,primary-ar,1434 x 1542,12480,2a6f1789d7ba1163d3812a66ecbcd3ba528342f3c15b6ea91bf58383b646896f,resvg-js 2.6.2 + sharp 0.34.3 (WebP),rendered-assets-v1.5.0/dist/brand/monogram/athar-monogram-light.svg (<- Athar_Package 02 Logo/SVG/Athar_Logo_Monogram.svg) | rendered-assets-v1.5.0/dist/brand/wordmark/athar-wordmark-light.svg (<- Athar_Package 02 Logo/SVG/Athar_Logo_Horizontal.svg wordmark),2026-09-30T01:19:26Z,PASS,,reversed,deep_ocean,3,webp,v1.5.1 (carried),,,
dist/brand/lockups/athar-lockup-primary-ar-reversed-on-deep_ocean.svg,1 primary-lockups,primary-ar,478 x 514,6647,15e4d8ee0fd6391d64ff2083baa6620c9e0d3f02a8b27f31369efb606a0b6938,svgo 4.1.0 (safe config),rendered-assets-v1.5.0/dist/brand/monogram/athar-monogram-light.svg (<- Athar_Package 02 Logo/SVG/Athar_Logo_Monogram.svg) | rendered-assets-v1.5.0/dist/brand/wordmark/athar-wordmark-light.svg (<- Athar_Package 02 Logo/SVG/Athar_Logo_Horizontal.svg wordmark),2026-09-30T01:19:54Z,PASS,,reversed,deep_ocean,1,svg,v1.5.1 (carried),,,
dist/brand/lockups/athar-lockup-primary-ar-reversed-on-deep_ocean.pdf,1 primary-lockups,primary-ar,478 x 514,6065,326b6bd0736f9c8564bebcc1bbc1e6d1389591a8559102c73b0f7edcf3b9dfd7,PyMuPDF 1.28.2 (MuPDF SVG->PDF),rendered-assets-v1.5.0/dist/brand/monogram/athar-monogram-light.svg (<- Athar_Package 02 Logo/SVG/Athar_Logo_Monogram.svg) | rendered-assets-v1.5.0/dist/brand/wordmark/athar-wordmark-light.svg (<- Athar_Package 02 Logo/SVG/Athar_Logo_Horizontal.svg wordmark),2026-09-30T01:19:54Z,PASS,,reversed,deep_ocean,1,pdf,v1.5.1 (carried),,,
dist/brand/lockups/athar-lockup-primary-ar-mono-black-on-transparent@1x.png,1 primary-lockups,primary-ar,478 x 514,7111,9f35445302f169d0b88edd29c88221dd801bccf713185dbf965b802fd8c8aa0c,resvg-js 2.6.2 (resvg 0.40.0) + sharp 0.34.3/libvips 8.17.1,rendered-assets-v1.5.0/dist/brand/monogram/athar-monogram-light.svg (<- Athar_Package 02 Logo/SVG/Athar_Logo_Monogram.svg) | rendered-assets-v1.5.0/dist/brand/wordmark/athar-wordmark-light.svg (<- Athar_Package 02 Logo/SVG/Athar_Logo_Horizontal.svg wordmark),2026-09-30T01:19:26Z,PASS,,mono-black,transparent,1,png,v1.5.1 (carried),,,
dist/brand/lockups/athar-lockup-primary-ar-mono-black-on-transparent@1x.webp,1 primary-lockups,primary-ar,478 x 514,4252,384344aa2baaa402efa5cba01e76cdec3891c876171dc6dc5c3ca97c08d3b027,resvg-js 2.6.2 + sharp 0.34.3 (WebP),rendered-assets-v1.5.0/dist/brand/monogram/athar-monogram-light.svg (<- Athar_Package 02 Logo/SVG/Athar_Logo_Monogram.svg) | rendered-assets-v1.5.0/dist/brand/wordmark/athar-wordmark-light.svg (<- Athar_Package 02 Logo/SVG/Athar_Logo_Horizontal.svg wordmark),2026-09-30T01:19:26Z,PASS,,mono-black,transparent,1,webp,v1.5.1 (carried),,,
dist/brand/lockups/athar-lockup-primary-ar-mono-black-on-transparent@2x.png,1 primary-lockups,primary-ar,956 x 1028,16194,952cef942bfb27b77efe9aa2010a1c93000a93274f25d6132aa917f56c9b2836,resvg-js 2.6.2 (resvg 0.40.0) + sharp 0.34.3/libvips 8.17.1,rendered-assets-v1.5.0/dist/brand/monogram/athar-monogram-light.svg (<- Athar_Package 02 Logo/SVG/Athar_Logo_Monogram.svg) | rendered-assets-v1.5.0/dist/brand/wordmark/athar-wordmark-light.svg (<- Athar_Package 02 Logo/SVG/Athar_Logo_Horizontal.svg wordmark),2026-09-30T01:19:26Z,PASS,,mono-black,transparent,2,png,v1.5.1 (carried),,,
dist/brand/lockups/athar-lockup-primary-ar-mono-black-on-transparent@2x.webp,1 primary-lockups,primary-ar,956 x 1028,8298,a76c2c7028f3176da99877472c0e275c61131f0177c6b4757be8c87b32f712e4,resvg-js 2.6.2 + sharp 0.34.3 (WebP),rendered-assets-v1.5.0/dist/brand/monogram/athar-monogram-light.svg (<- Athar_Package 02 Logo/SVG/Athar_Logo_Monogram.svg) | rendered-assets-v1.5.0/dist/brand/wordmark/athar-wordmark-light.svg (<- Athar_Package 02 Logo/SVG/Athar_Logo_Horizontal.svg wordmark),2026-09-30T01:19:26Z,PASS,,mono-black,transparent,2,webp,v1.5.1 (carried),,,
dist/brand/lockups/athar-lockup-primary-ar-mono-black-on-transparent@3x.png,1 primary-lockups,primary-ar,1434 x 1542,28065,7bf5848be5d78b3a296e671102a4286f2ca499240f80b40f0871f798326a3b1a,resvg-js 2.6.2 (resvg 0.40.0) + sharp 0.34.3/libvips 8.17.1,rendered-assets-v1.5.0/dist/brand/monogram/athar-monogram-light.svg (<- Athar_Package 02 Logo/SVG/Athar_Logo_Monogram.svg) | rendered-assets-v1.5.0/dist/brand/wordmark/athar-wordmark-light.svg (<- Athar_Package 02 Logo/SVG/Athar_Logo_Horizontal.svg wordmark),2026-09-30T01:19:26Z,PASS,,mono-black,transparent,3,png,v1.5.1 (carried),,,
dist/brand/lockups/athar-lockup-primary-ar-mono-black-on-transparent@3x.webp,1 primary-lockups,primary-ar,1434 x 1542,12464,bd9be0ab9a7682ff7938c14a6b82ea7bfba981359bd4d7a7b41d0c8fdeedf712,resvg-js 2.6.2 + sharp 0.34.3 (WebP),rendered-assets-v1.5.0/dist/brand/monogram/athar-monogram-light.svg (<- Athar_Package 02 Logo/SVG/Athar_Logo_Monogram.svg) | rendered-assets-v1.5.0/dist/brand/wordmark/athar-wordmark-light.svg (<- Athar_Package 02 Logo/SVG/Athar_Logo_Horizontal.svg wordmark),2026-09-30T01:19:26Z,PASS,,mono-black,transparent,3,webp,v1.5.1 (carried),,,
dist/brand/lockups/athar-lockup-primary-ar-mono-black-on-transparent.svg,1 primary-lockups,primary-ar,478 x 514,6558,0411112c5e0ed849b3d306eb73da24382094951abc35d599bd8c21203bbb94e9,svgo 4.1.0 (safe config),rendered-assets-v1.5.0/dist/brand/monogram/athar-monogram-light.svg (<- Athar_Package 02 Logo/SVG/Athar_Logo_Monogram.svg) | rendered-assets-v1.5.0/dist/brand/wordmark/athar-wordmark-light.svg (<- Athar_Package 02 Logo/SVG/Athar_Logo_Horizontal.svg wordmark),2026-09-30T01:19:54Z,PASS,,mono-black,transparent,1,svg,v1.5.1 (carried),,,
dist/brand/lockups/athar-lockup-primary-ar-mono-black-on-transparent.pdf,1 primary-lockups,primary-ar,478 x 514,6001,ddcd4565062239bb5c6f6d33cdf2d9935b62cb5a918de69a56ff3cf0041b0b01,PyMuPDF 1.28.2 (MuPDF SVG->PDF),rendered-assets-v1.5.0/dist/brand/monogram/athar-monogram-light.svg (<- Athar_Package 02 Logo/SVG/Athar_Logo_Monogram.svg) | rendered-assets-v1.5.0/dist/brand/wordmark/athar-wordmark-light.svg (<- Athar_Package 02 Logo/SVG/Athar_Logo_Horizontal.svg wordmark),2026-09-30T01:19:54Z,PASS,,mono-black,transparent,1,pdf,v1.5.1 (carried),,,
dist/brand/lockups/athar-lockup-primary-ar-mono-black-on-ivory@1x.png,1 primary-lockups,primary-ar,478 x 514,11699,97d846089d647acc25bb0e328b1f4b167408c3d05fa615a8da492cddc089fcd6,resvg-js 2.6.2 (resvg 0.40.0) + sharp 0.34.3/libvips 8.17.1,rendered-assets-v1.5.0/dist/brand/monogram/athar-monogram-light.svg (<- Athar_Package 02 Logo/SVG/Athar_Logo_Monogram.svg) | rendered-assets-v1.5.0/dist/brand/wordmark/athar-wordmark-light.svg (<- Athar_Package 02 Logo/SVG/Athar_Logo_Horizontal.svg wordmark),2026-09-30T01:19:26Z,PASS,,mono-black,ivory,1,png,v1.5.1 (carried),,,
dist/brand/lockups/athar-lockup-primary-ar-mono-black-on-ivory@1x.webp,1 primary-lockups,primary-ar,478 x 514,4296,70fa181fcb4aa6764904053298da19ab68942f8c17eb322d7c61c2dfcd72b10a,resvg-js 2.6.2 + sharp 0.34.3 (WebP),rendered-assets-v1.5.0/dist/brand/monogram/athar-monogram-light.svg (<- Athar_Package 02 Logo/SVG/Athar_Logo_Monogram.svg) | rendered-assets-v1.5.0/dist/brand/wordmark/athar-wordmark-light.svg (<- Athar_Package 02 Logo/SVG/Athar_Logo_Horizontal.svg wordmark),2026-09-30T01:19:26Z,PASS,,mono-black,ivory,1,webp,v1.5.1 (carried),,,
dist/brand/lockups/athar-lockup-primary-ar-mono-black-on-ivory@2x.png,1 primary-lockups,primary-ar,956 x 1028,25549,22404c528327b0783916673c17a8acc535aa4f2c07bf79921bab8e2732274f15,resvg-js 2.6.2 (resvg 0.40.0) + sharp 0.34.3/libvips 8.17.1,rendered-assets-v1.5.0/dist/brand/monogram/athar-monogram-light.svg (<- Athar_Package 02 Logo/SVG/Athar_Logo_Monogram.svg) | rendered-assets-v1.5.0/dist/brand/wordmark/athar-wordmark-light.svg (<- Athar_Package 02 Logo/SVG/Athar_Logo_Horizontal.svg wordmark),2026-09-30T01:19:26Z,PASS,,mono-black,ivory,2,png,v1.5.1 (carried),,,
dist/brand/lockups/athar-lockup-primary-ar-mono-black-on-ivory@2x.webp,1 primary-lockups,primary-ar,956 x 1028,8320,221152ab2ad33df174b55dfe563883bbe36634e6f9389ea9e9edef0803525044,resvg-js 2.6.2 + sharp 0.34.3 (WebP),rendered-assets-v1.5.0/dist/brand/monogram/athar-monogram-light.svg (<- Athar_Package 02 Logo/SVG/Athar_Logo_Monogram.svg) | rendered-assets-v1.5.0/dist/brand/wordmark/athar-wordmark-light.svg (<- Athar_Package 02 Logo/SVG/Athar_Logo_Horizontal.svg wordmark),2026-09-30T01:19:26Z,PASS,,mono-black,ivory,2,webp,v1.5.1 (carried),,,
dist/brand/lockups/athar-lockup-primary-ar-mono-black-on-ivory@3x.png,1 primary-lockups,primary-ar,1434 x 1542,43261,c6a521ef7ce5b92df051c21207efa2edab8715bb9273940106bddf5d33339b22,resvg-js 2.6.2 (resvg 0.40.0) + sharp 0.34.3/libvips 8.17.1,rendered-assets-v1.5.0/dist/brand/monogram/athar-monogram-light.svg (<- Athar_Package 02 Logo/SVG/Athar_Logo_Monogram.svg) | rendered-assets-v1.5.0/dist/brand/wordmark/athar-wordmark-light.svg (<- Athar_Package 02 Logo/SVG/Athar_Logo_Horizontal.svg wordmark),2026-09-30T01:19:27Z,PASS,,mono-black,ivory,3,png,v1.5.1 (carried),,,
dist/brand/lockups/athar-lockup-primary-ar-mono-black-on-ivory@3x.webp,1 primary-lockups,primary-ar,1434 x 1542,12506,ea95ab72a6d19aa12ce7ae6316140272d9db0d0176e047b0177249c8b3a5a6d2,resvg-js 2.6.2 + sharp 0.34.3 (WebP),rendered-assets-v1.5.0/dist/brand/monogram/athar-monogram-light.svg (<- Athar_Package 02 Logo/SVG/Athar_Logo_Monogram.svg) | rendered-assets-v1.5.0/dist/brand/wordmark/athar-wordmark-light.svg (<- Athar_Package 02 Logo/SVG/Athar_Logo_Horizontal.svg wordmark),2026-09-30T01:19:27Z,PASS,,mono-black,ivory,3,webp,v1.5.1 (carried),,,
dist/brand/lockups/athar-lockup-primary-ar-mono-black-on-ivory.svg,1 primary-lockups,primary-ar,478 x 514,6629,fc715e83b1b9ec613dff11a49a27416256372445c9c575634e1744f67c60acc5,svgo 4.1.0 (safe config),rendered-assets-v1.5.0/dist/brand/monogram/athar-monogram-light.svg (<- Athar_Package 02 Logo/SVG/Athar_Logo_Monogram.svg) | rendered-assets-v1.5.0/dist/brand/wordmark/athar-wordmark-light.svg (<- Athar_Package 02 Logo/SVG/Athar_Logo_Horizontal.svg wordmark),2026-09-30T01:19:55Z,PASS,,mono-black,ivory,1,svg,v1.5.1 (carried),,,
dist/brand/lockups/athar-lockup-primary-ar-mono-black-on-ivory.pdf,1 primary-lockups,primary-ar,478 x 514,6048,36dd41f0b9ce32bf1dfc8febb0167753657586bf3c01a56a41ebfc45a2adc8ab,PyMuPDF 1.28.2 (MuPDF SVG->PDF),rendered-assets-v1.5.0/dist/brand/monogram/athar-monogram-light.svg (<- Athar_Package 02 Logo/SVG/Athar_Logo_Monogram.svg) | rendered-assets-v1.5.0/dist/brand/wordmark/athar-wordmark-light.svg (<- Athar_Package 02 Logo/SVG/Athar_Logo_Horizontal.svg wordmark),2026-09-30T01:19:55Z,PASS,,mono-black,ivory,1,pdf,v1.5.1 (carried),,,
dist/brand/lockups/athar-lockup-primary-ar-mono-black-on-sand@1x.png,1 primary-lockups,primary-ar,478 x 514,11691,6c9febd1b928d195e5fd444726e13ee41650ad0c878a80b0eac1b8dab5839576,resvg-js 2.6.2 (resvg 0.40.0) + sharp 0.34.3/libvips 8.17.1,rendered-assets-v1.5.0/dist/brand/monogram/athar-monogram-light.svg (<- Athar_Package 02 Logo/SVG/Athar_Logo_Monogram.svg) | rendered-assets-v1.5.0/dist/brand/wordmark/athar-wordmark-light.svg (<- Athar_Package 02 Logo/SVG/Athar_Logo_Horizontal.svg wordmark),2026-09-30T01:19:27Z,PASS,,mono-black,sand,1,png,v1.5.1 (carried),,,
dist/brand/lockups/athar-lockup-primary-ar-mono-black-on-sand@1x.webp,1 primary-lockups,primary-ar,478 x 514,4288,e0979f8445c02adc8f3cc52c2bcb0e58df7de36e9c455158c4cbc49920041464,resvg-js 2.6.2 + sharp 0.34.3 (WebP),rendered-assets-v1.5.0/dist/brand/monogram/athar-monogram-light.svg (<- Athar_Package 02 Logo/SVG/Athar_Logo_Monogram.svg) | rendered-assets-v1.5.0/dist/brand/wordmark/athar-wordmark-light.svg (<- Athar_Package 02 Logo/SVG/Athar_Logo_Horizontal.svg wordmark),2026-09-30T01:19:27Z,PASS,,mono-black,sand,1,webp,v1.5.1 (carried),,,
dist/brand/lockups/athar-lockup-primary-ar-mono-black-on-sand@2x.png,1 primary-lockups,primary-ar,956 x 1028,25665,7b2083ae29aa239787c9620eb8f4586461f4cb11849aeb62a0076641393baa66,resvg-js 2.6.2 (resvg 0.40.0) + sharp 0.34.3/libvips 8.17.1,rendered-assets-v1.5.0/dist/brand/monogram/athar-monogram-light.svg (<- Athar_Package 02 Logo/SVG/Athar_Logo_Monogram.svg) | rendered-assets-v1.5.0/dist/brand/wordmark/athar-wordmark-light.svg (<- Athar_Package 02 Logo/SVG/Athar_Logo_Horizontal.svg wordmark),2026-09-30T01:19:27Z,PASS,,mono-black,sand,2,png,v1.5.1 (carried),,,
dist/brand/lockups/athar-lockup-primary-ar-mono-black-on-sand@2x.webp,1 primary-lockups,primary-ar,956 x 1028,8312,4ab7ad0366974dc091c979812ed67ec27d7e8416bb435ff17bca92fe424fe6a7,resvg-js 2.6.2 + sharp 0.34.3 (WebP),rendered-assets-v1.5.0/dist/brand/monogram/athar-monogram-light.svg (<- Athar_Package 02 Logo/SVG/Athar_Logo_Monogram.svg) | rendered-assets-v1.5.0/dist/brand/wordmark/athar-wordmark-light.svg (<- Athar_Package 02 Logo/SVG/Athar_Logo_Horizontal.svg wordmark),2026-09-30T01:19:27Z,PASS,,mono-black,sand,2,webp,v1.5.1 (carried),,,
dist/brand/lockups/athar-lockup-primary-ar-mono-black-on-sand@3x.png,1 primary-lockups,primary-ar,1434 x 1542,43545,51568df613e77da5b5c3ad2f886f6b129b46bdbc6b65effb3600ac8629d98c8d,resvg-js 2.6.2 (resvg 0.40.0) + sharp 0.34.3/libvips 8.17.1,rendered-assets-v1.5.0/dist/brand/monogram/athar-monogram-light.svg (<- Athar_Package 02 Logo/SVG/Athar_Logo_Monogram.svg) | rendered-assets-v1.5.0/dist/brand/wordmark/athar-wordmark-light.svg (<- Athar_Package 02 Logo/SVG/Athar_Logo_Horizontal.svg wordmark),2026-09-30T01:19:27Z,PASS,,mono-black,sand,3,png,v1.5.1 (carried),,,
dist/brand/lockups/athar-lockup-primary-ar-mono-black-on-sand@3x.webp,1 primary-lockups,primary-ar,1434 x 1542,12506,b4f5ced421e3ccb0b72c14a32bcae04e46a01408a73d53fc6a0669a647d8e1d0,resvg-js 2.6.2 + sharp 0.34.3 (WebP),rendered-assets-v1.5.0/dist/brand/monogram/athar-monogram-light.svg (<- Athar_Package 02 Logo/SVG/Athar_Logo_Monogram.svg) | rendered-assets-v1.5.0/dist/brand/wordmark/athar-wordmark-light.svg (<- Athar_Package 02 Logo/SVG/Athar_Logo_Horizontal.svg wordmark),2026-09-30T01:19:27Z,PASS,,mono-black,sand,3,webp,v1.5.1 (carried),,,
dist/brand/lockups/athar-lockup-primary-ar-mono-black-on-sand.svg,1 primary-lockups,primary-ar,478 x 514,6628,39529dcbd24057b14e61c8cbf77463c2f41841cd5ad50c14fccae24db1b9fd92,svgo 4.1.0 (safe config),rendered-assets-v1.5.0/dist/brand/monogram/athar-monogram-light.svg (<- Athar_Package 02 Logo/SVG/Athar_Logo_Monogram.svg) | rendered-assets-v1.5.0/dist/brand/wordmark/athar-wordmark-light.svg (<- Athar_Package 02 Logo/SVG/Athar_Logo_Horizontal.svg wordmark),2026-09-30T01:19:55Z,PASS,,mono-black,sand,1,svg,v1.5.1 (carried),,,
dist/brand/lockups/athar-lockup-primary-ar-mono-black-on-sand.pdf,1 primary-lockups,primary-ar,478 x 514,6051,a2c97596fa7997a1a3df77266f7d79d1a232e48a4e8e2a611540860b65007812,PyMuPDF 1.28.2 (MuPDF SVG->PDF),rendered-assets-v1.5.0/dist/brand/monogram/athar-monogram-light.svg (<- Athar_Package 02 Logo/SVG/Athar_Logo_Monogram.svg) | rendered-assets-v1.5.0/dist/brand/wordmark/athar-wordmark-light.svg (<- Athar_Package 02 Logo/SVG/Athar_Logo_Horizontal.svg wordmark),2026-09-30T01:19:55Z,PASS,,mono-black,sand,1,pdf,v1.5.1 (carried),,,
dist/brand/lockups/athar-lockup-primary-ar-mono-white-on-transparent@1x.png,1 primary-lockups,primary-ar,478 x 514,7604,7de1ebec3dfad775920b12c7b97f0b1277088cfaa4e6120a1afa539a6b794ae9,resvg-js 2.6.2 (resvg 0.40.0) + sharp 0.34.3/libvips 8.17.1,rendered-assets-v1.5.0/dist/brand/monogram/athar-monogram-light.svg (<- Athar_Package 02 Logo/SVG/Athar_Logo_Monogram.svg) | rendered-assets-v1.5.0/dist/brand/wordmark/athar-wordmark-light.svg (<- Athar_Package 02 Logo/SVG/Athar_Logo_Horizontal.svg wordmark),2026-09-30T01:19:27Z,PASS,,mono-white,transparent,1,png,v1.5.1 (carried),,,
dist/brand/lockups/athar-lockup-primary-ar-mono-white-on-transparent@1x.webp,1 primary-lockups,primary-ar,478 x 514,4258,53820f110b7bb8411307066a276509df9c908fed9bc203123bd39656cac5d2b6,resvg-js 2.6.2 + sharp 0.34.3 (WebP),rendered-assets-v1.5.0/dist/brand/monogram/athar-monogram-light.svg (<- Athar_Package 02 Logo/SVG/Athar_Logo_Monogram.svg) | rendered-assets-v1.5.0/dist/brand/wordmark/athar-wordmark-light.svg (<- Athar_Package 02 Logo/SVG/Athar_Logo_Horizontal.svg wordmark),2026-09-30T01:19:27Z,PASS,,mono-white,transparent,1,webp,v1.5.1 (carried),,,
dist/brand/lockups/athar-lockup-primary-ar-mono-white-on-transparent@2x.png,1 primary-lockups,primary-ar,956 x 1028,18077,f2c398140df4a0a4b7d6f95e4634973e240c18eb33d31e45416aabbc93d93b5c,resvg-js 2.6.2 (resvg 0.40.0) + sharp 0.34.3/libvips 8.17.1,rendered-assets-v1.5.0/dist/brand/monogram/athar-monogram-light.svg (<- Athar_Package 02 Logo/SVG/Athar_Logo_Monogram.svg) | rendered-assets-v1.5.0/dist/brand/wordmark/athar-wordmark-light.svg (<- Athar_Package 02 Logo/SVG/Athar_Logo_Horizontal.svg wordmark),2026-09-30T01:19:28Z,PASS,,mono-white,transparent,2,png,v1.5.1 (carried),,,
dist/brand/lockups/athar-lockup-primary-ar-mono-white-on-transparent@2x.webp,1 primary-lockups,primary-ar,956 x 1028,8304,9b9609c742e5d38b675722aaee4ace1f3543dc129b8d45972c59746e145e3e71,resvg-js 2.6.2 + sharp 0.34.3 (WebP),rendered-assets-v1.5.0/dist/brand/monogram/athar-monogram-light.svg (<- Athar_Package 02 Logo/SVG/Athar_Logo_Monogram.svg) | rendered-assets-v1.5.0/dist/brand/wordmark/athar-wordmark-light.svg (<- Athar_Package 02 Logo/SVG/Athar_Logo_Horizontal.svg wordmark),2026-09-30T01:19:28Z,PASS,,mono-white,transparent,2,webp,v1.5.1 (carried),,,
dist/brand/lockups/athar-lockup-primary-ar-mono-white-on-transparent@3x.png,1 primary-lockups,primary-ar,1434 x 1542,32016,7e48271dd26a9d131e97fd034e852f51fcb0905e80be9d94f0b3fc3bb9d5644d,resvg-js 2.6.2 (resvg 0.40.0) + sharp 0.34.3/libvips 8.17.1,rendered-assets-v1.5.0/dist/brand/monogram/athar-monogram-light.svg (<- Athar_Package 02 Logo/SVG/Athar_Logo_Monogram.svg) | rendered-assets-v1.5.0/dist/brand/wordmark/athar-wordmark-light.svg (<- Athar_Package 02 Logo/SVG/Athar_Logo_Horizontal.svg wordmark),2026-09-30T01:19:28Z,PASS,,mono-white,transparent,3,png,v1.5.1 (carried),,,
dist/brand/lockups/athar-lockup-primary-ar-mono-white-on-transparent@3x.webp,1 primary-lockups,primary-ar,1434 x 1542,12470,3fa946900ce2a69d902f6f31111b9740d1b787c4c4f9255d8a4b6d6da23ef93f,resvg-js 2.6.2 + sharp 0.34.3 (WebP),rendered-assets-v1.5.0/dist/brand/monogram/athar-monogram-light.svg (<- Athar_Package 02 Logo/SVG/Athar_Logo_Monogram.svg) | rendered-assets-v1.5.0/dist/brand/wordmark/athar-wordmark-light.svg (<- Athar_Package 02 Logo/SVG/Athar_Logo_Horizontal.svg wordmark),2026-09-30T01:19:28Z,PASS,,mono-white,transparent,3,webp,v1.5.1 (carried),,,
dist/brand/lockups/athar-lockup-primary-ar-mono-white-on-transparent.svg,1 primary-lockups,primary-ar,478 x 514,6570,a82adcdbf1bf59a2fa95aacd3278c05004ad2095f39fa01c0eee2ccdf8a6392b,svgo 4.1.0 (safe config),rendered-assets-v1.5.0/dist/brand/monogram/athar-monogram-light.svg (<- Athar_Package 02 Logo/SVG/Athar_Logo_Monogram.svg) | rendered-assets-v1.5.0/dist/brand/wordmark/athar-wordmark-light.svg (<- Athar_Package 02 Logo/SVG/Athar_Logo_Horizontal.svg wordmark),2026-09-30T01:19:55Z,PASS,,mono-white,transparent,1,svg,v1.5.1 (carried),,,
dist/brand/lockups/athar-lockup-primary-ar-mono-white-on-transparent.pdf,1 primary-lockups,primary-ar,478 x 514,6000,d7499582b6a77592230aebc300bb76158875b91bec9ccf611dd160f179df6a44,PyMuPDF 1.28.2 (MuPDF SVG->PDF),rendered-assets-v1.5.0/dist/brand/monogram/athar-monogram-light.svg (<- Athar_Package 02 Logo/SVG/Athar_Logo_Monogram.svg) | rendered-assets-v1.5.0/dist/brand/wordmark/athar-wordmark-light.svg (<- Athar_Package 02 Logo/SVG/Athar_Logo_Horizontal.svg wordmark),2026-09-30T01:19:55Z,PASS,,mono-white,transparent,1,pdf,v1.5.1 (carried),,,
dist/brand/lockups/athar-lockup-primary-ar-mono-white-on-deep_ocean@1x.png,1 primary-lockups,primary-ar,478 x 514,11876,3e103732434ac3fcfa7560229563be8a949dd5c1dd164b244a7a713c72c2d497,resvg-js 2.6.2 (resvg 0.40.0) + sharp 0.34.3/libvips 8.17.1,rendered-assets-v1.5.0/dist/brand/monogram/athar-monogram-light.svg (<- Athar_Package 02 Logo/SVG/Athar_Logo_Monogram.svg) | rendered-assets-v1.5.0/dist/brand/wordmark/athar-wordmark-light.svg (<- Athar_Package 02 Logo/SVG/Athar_Logo_Horizontal.svg wordmark),2026-09-30T01:19:28Z,PASS,,mono-white,deep_ocean,1,png,v1.5.1 (carried),,,
dist/brand/lockups/athar-lockup-primary-ar-mono-white-on-deep_ocean@1x.webp,1 primary-lockups,primary-ar,478 x 514,4298,a18ad8008b957d26bb93fa8ec7006b4ce1c0ab17f1e07e499bb41cbdec9de76b,resvg-js 2.6.2 + sharp 0.34.3 (WebP),rendered-assets-v1.5.0/dist/brand/monogram/athar-monogram-light.svg (<- Athar_Package 02 Logo/SVG/Athar_Logo_Monogram.svg) | rendered-assets-v1.5.0/dist/brand/wordmark/athar-wordmark-light.svg (<- Athar_Package 02 Logo/SVG/Athar_Logo_Horizontal.svg wordmark),2026-09-30T01:19:28Z,PASS,,mono-white,deep_ocean,1,webp,v1.5.1 (carried),,,
dist/brand/lockups/athar-lockup-primary-ar-mono-white-on-deep_ocean@2x.png,1 primary-lockups,primary-ar,956 x 1028,25900,847f8e2dee7c3be73f9a57db90125ef9686539235f9d59b0217ed63a66bf5205,resvg-js 2.6.2 (resvg 0.40.0) + sharp 0.34.3/libvips 8.17.1,rendered-assets-v1.5.0/dist/brand/monogram/athar-monogram-light.svg (<- Athar_Package 02 Logo/SVG/Athar_Logo_Monogram.svg) | rendered-assets-v1.5.0/dist/brand/wordmark/athar-wordmark-light.svg (<- Athar_Package 02 Logo/SVG/Athar_Logo_Horizontal.svg wordmark),2026-09-30T01:19:28Z,PASS,,mono-white,deep_ocean,2,png,v1.5.1 (carried),,,
dist/brand/lockups/athar-lockup-primary-ar-mono-white-on-deep_ocean@2x.webp,1 primary-lockups,primary-ar,956 x 1028,8322,41613c26cc5cbdadc9eaa6ee0fa40829dbbea962aa74281dc6a492c0685b0862,resvg-js 2.6.2 + sharp 0.34.3 (WebP),rendered-assets-v1.5.0/dist/brand/monogram/athar-monogram-light.svg (<- Athar_Package 02 Logo/SVG/Athar_Logo_Monogram.svg) | rendered-assets-v1.5.0/dist/brand/wordmark/athar-wordmark-light.svg (<- Athar_Package 02 Logo/SVG/Athar_Logo_Horizontal.svg wordmark),2026-09-30T01:19:28Z,PASS,,mono-white,deep_ocean,2,webp,v1.5.1 (carried),,,
dist/brand/lockups/athar-lockup-primary-ar-mono-white-on-deep_ocean@3x.png,1 primary-lockups,primary-ar,1434 x 1542,44157,539c10b0cf7403d9fc4b49e529c66c611a740c799e7abb3ebaeded0ece89c2da,resvg-js 2.6.2 (resvg 0.40.0) + sharp 0.34.3/libvips 8.17.1,rendered-assets-v1.5.0/dist/brand/monogram/athar-monogram-light.svg (<- Athar_Package 02 Logo/SVG/Athar_Logo_Monogram.svg) | rendered-assets-v1.5.0/dist/brand/wordmark/athar-wordmark-light.svg (<- Athar_Package 02 Logo/SVG/Athar_Logo_Horizontal.svg wordmark),2026-09-30T01:19:28Z,PASS,,mono-white,deep_ocean,3,png,v1.5.1 (carried),,,
dist/brand/lockups/athar-lockup-primary-ar-mono-white-on-deep_ocean@3x.webp,1 primary-lockups,primary-ar,1434 x 1542,12506,30fdbf838396a53b188b38c77a03aafc9e1463cff9dc50c966dccdd56d0fee7a,resvg-js 2.6.2 + sharp 0.34.3 (WebP),rendered-assets-v1.5.0/dist/brand/monogram/athar-monogram-light.svg (<- Athar_Package 02 Logo/SVG/Athar_Logo_Monogram.svg) | rendered-assets-v1.5.0/dist/brand/wordmark/athar-wordmark-light.svg (<- Athar_Package 02 Logo/SVG/Athar_Logo_Horizontal.svg wordmark),2026-09-30T01:19:29Z,PASS,,mono-white,deep_ocean,3,webp,v1.5.1 (carried),,,
dist/brand/lockups/athar-lockup-primary-ar-mono-white-on-deep_ocean.svg,1 primary-lockups,primary-ar,478 x 514,6646,0ba8e5a71ea2077d7df99083a7cc75ed9c1acf6c825f3af40b9980ed5ae11a91,svgo 4.1.0 (safe config),rendered-assets-v1.5.0/dist/brand/monogram/athar-monogram-light.svg (<- Athar_Package 02 Logo/SVG/Athar_Logo_Monogram.svg) | rendered-assets-v1.5.0/dist/brand/wordmark/athar-wordmark-light.svg (<- Athar_Package 02 Logo/SVG/Athar_Logo_Horizontal.svg wordmark),2026-09-30T01:19:56Z,PASS,,mono-white,deep_ocean,1,svg,v1.5.1 (carried),,,
dist/brand/lockups/athar-lockup-primary-ar-mono-white-on-deep_ocean.pdf,1 primary-lockups,primary-ar,478 x 514,6058,4952b622755d1a6dfc5e2c3a90e1bc52417c52139d00fb990557922e6e9561fb,PyMuPDF 1.28.2 (MuPDF SVG->PDF),rendered-assets-v1.5.0/dist/brand/monogram/athar-monogram-light.svg (<- Athar_Package 02 Logo/SVG/Athar_Logo_Monogram.svg) | rendered-assets-v1.5.0/dist/brand/wordmark/athar-wordmark-light.svg (<- Athar_Package 02 Logo/SVG/Athar_Logo_Horizontal.svg wordmark),2026-09-30T01:19:56Z,PASS,,mono-white,deep_ocean,1,pdf,v1.5.1 (carried),,,
dist/brand/lockups/athar-lockup-primary-ar-mono-white-on-emerald@1x.png,1 primary-lockups,primary-ar,478 x 514,11363,94da76c7bc0d4413f8a7660bdc5b9d5ad9c836c59daf42f9c768b7349a6b53a5,resvg-js 2.6.2 (resvg 0.40.0) + sharp 0.34.3/libvips 8.17.1,rendered-assets-v1.5.0/dist/brand/monogram/athar-monogram-light.svg (<- Athar_Package 02 Logo/SVG/Athar_Logo_Monogram.svg) | rendered-assets-v1.5.0/dist/brand/wordmark/athar-wordmark-light.svg (<- Athar_Package 02 Logo/SVG/Athar_Logo_Horizontal.svg wordmark),2026-09-30T01:19:29Z,PASS,,mono-white,emerald,1,png,v1.5.1 (carried),,,
dist/brand/lockups/athar-lockup-primary-ar-mono-white-on-emerald@1x.webp,1 primary-lockups,primary-ar,478 x 514,4280,4a8ac3f4c08028333a81f6adaa9897def30a86ff1b8322fd8010fcc030f7826b,resvg-js 2.6.2 + sharp 0.34.3 (WebP),rendered-assets-v1.5.0/dist/brand/monogram/athar-monogram-light.svg (<- Athar_Package 02 Logo/SVG/Athar_Logo_Monogram.svg) | rendered-assets-v1.5.0/dist/brand/wordmark/athar-wordmark-light.svg (<- Athar_Package 02 Logo/SVG/Athar_Logo_Horizontal.svg wordmark),2026-09-30T01:19:29Z,PASS,,mono-white,emerald,1,webp,v1.5.1 (carried),,,
dist/brand/lockups/athar-lockup-primary-ar-mono-white-on-emerald@2x.png,1 primary-lockups,primary-ar,956 x 1028,24800,9649f8c1a821d8ad28423b245c723efd437fa33d21d91a5b8b5ff456f3d321be,resvg-js 2.6.2 (resvg 0.40.0) + sharp 0.34.3/libvips 8.17.1,rendered-assets-v1.5.0/dist/brand/monogram/athar-monogram-light.svg (<- Athar_Package 02 Logo/SVG/Athar_Logo_Monogram.svg) | rendered-assets-v1.5.0/dist/brand/wordmark/athar-wordmark-light.svg (<- Athar_Package 02 Logo/SVG/Athar_Logo_Horizontal.svg wordmark),2026-09-30T01:19:29Z,PASS,,mono-white,emerald,2,png,v1.5.1 (carried),,,
dist/brand/lockups/athar-lockup-primary-ar-mono-white-on-emerald@2x.webp,1 primary-lockups,primary-ar,956 x 1028,8290,dc98cc69a43d1a62e60808fcf0f18b42d5b1e0c81f3b0512cbc65b69a70b40aa,resvg-js 2.6.2 + sharp 0.34.3 (WebP),rendered-assets-v1.5.0/dist/brand/monogram/athar-monogram-light.svg (<- Athar_Package 02 Logo/SVG/Athar_Logo_Monogram.svg) | rendered-assets-v1.5.0/dist/brand/wordmark/athar-wordmark-light.svg (<- Athar_Package 02 Logo/SVG/Athar_Logo_Horizontal.svg wordmark),2026-09-30T01:19:29Z,PASS,,mono-white,emerald,2,webp,v1.5.1 (carried),,,
dist/brand/lockups/athar-lockup-primary-ar-mono-white-on-emerald@3x.png,1 primary-lockups,primary-ar,1434 x 1542,42070,2628274a9acf22487ff0212759e4316616406426d8649a93c1b7e51520adb00f,resvg-js 2.6.2 (resvg 0.40.0) + sharp 0.34.3/libvips 8.17.1,rendered-assets-v1.5.0/dist/brand/monogram/athar-monogram-light.svg (<- Athar_Package 02 Logo/SVG/Athar_Logo_Monogram.svg) | rendered-assets-v1.5.0/dist/brand/wordmark/athar-wordmark-light.svg (<- Athar_Package 02 Logo/SVG/Athar_Logo_Horizontal.svg wordmark),2026-09-30T01:19:29Z,PASS,,mono-white,emerald,3,png,v1.5.1 (carried),,,
dist/brand/lockups/athar-lockup-primary-ar-mono-white-on-emerald@3x.webp,1 primary-lockups,primary-ar,1434 x 1542,12464,54c939eababe9f1c74af55c93affe6931a29b95401ecacc01b97f4614bf0b0dd,resvg-js 2.6.2 + sharp 0.34.3 (WebP),rendered-assets-v1.5.0/dist/brand/monogram/athar-monogram-light.svg (<- Athar_Package 02 Logo/SVG/Athar_Logo_Monogram.svg) | rendered-assets-v1.5.0/dist/brand/wordmark/athar-wordmark-light.svg (<- Athar_Package 02 Logo/SVG/Athar_Logo_Horizontal.svg wordmark),2026-09-30T01:19:29Z,PASS,,mono-white,emerald,3,webp,v1.5.1 (carried),,,
dist/brand/lockups/athar-lockup-primary-ar-mono-white-on-emerald.svg,1 primary-lockups,primary-ar,478 x 514,6643,eaff90035e94a90c32d2786ff6959a808a4e8e0bb73b784bda8b1d70a08f9f60,svgo 4.1.0 (safe config),rendered-assets-v1.5.0/dist/brand/monogram/athar-monogram-light.svg (<- Athar_Package 02 Logo/SVG/Athar_Logo_Monogram.svg) | rendered-assets-v1.5.0/dist/brand/wordmark/athar-wordmark-light.svg (<- Athar_Package 02 Logo/SVG/Athar_Logo_Horizontal.svg wordmark),2026-09-30T01:19:56Z,PASS,,mono-white,emerald,1,svg,v1.5.1 (carried),,,
dist/brand/lockups/athar-lockup-primary-ar-mono-white-on-emerald.pdf,1 primary-lockups,primary-ar,478 x 514,6052,14e7473409d0f1b12d730b32f94957213ec1d5a7ca51ab8fe9af4a69ce85f712,PyMuPDF 1.28.2 (MuPDF SVG->PDF),rendered-assets-v1.5.0/dist/brand/monogram/athar-monogram-light.svg (<- Athar_Package 02 Logo/SVG/Athar_Logo_Monogram.svg) | rendered-assets-v1.5.0/dist/brand/wordmark/athar-wordmark-light.svg (<- Athar_Package 02 Logo/SVG/Athar_Logo_Horizontal.svg wordmark),2026-09-30T01:19:56Z,PASS,,mono-white,emerald,1,pdf,v1.5.1 (carried),,,
dist/brand/lockups/athar-lockup-primary-ar-ivory-on-emerald-on-emerald@1x.png,1 primary-lockups,primary-ar,478 x 514,11665,4494b26764a7621f98dd0d9328931d8020682b0fe7e2cbfe958768b92aaa2059,resvg-js 2.6.2 (resvg 0.40.0) + sharp 0.34.3/libvips 8.17.1,rendered-assets-v1.5.0/dist/brand/monogram/athar-monogram-light.svg (<- Athar_Package 02 Logo/SVG/Athar_Logo_Monogram.svg) | rendered-assets-v1.5.0/dist/brand/wordmark/athar-wordmark-light.svg (<- Athar_Package 02 Logo/SVG/Athar_Logo_Horizontal.svg wordmark),2026-09-30T01:19:29Z,PASS,,ivory-on-emerald,emerald,1,png,v1.5.1 (carried),,,
dist/brand/lockups/athar-lockup-primary-ar-ivory-on-emerald-on-emerald@1x.webp,1 primary-lockups,primary-ar,478 x 514,4280,01a4630e0685b7f1dade38e3464ad5be467aea58bfea2aac66c2cc3a2682c9de,resvg-js 2.6.2 + sharp 0.34.3 (WebP),rendered-assets-v1.5.0/dist/brand/monogram/athar-monogram-light.svg (<- Athar_Package 02 Logo/SVG/Athar_Logo_Monogram.svg) | rendered-assets-v1.5.0/dist/brand/wordmark/athar-wordmark-light.svg (<- Athar_Package 02 Logo/SVG/Athar_Logo_Horizontal.svg wordmark),2026-09-30T01:19:29Z,PASS,,ivory-on-emerald,emerald,1,webp,v1.5.1 (carried),,,
dist/brand/lockups/athar-lockup-primary-ar-ivory-on-emerald-on-emerald@2x.png,1 primary-lockups,primary-ar,956 x 1028,25561,3623954280b68a00eec40c76ab030b96a6f9f66171c9284b3fc21aea9b6055c6,resvg-js 2.6.2 (resvg 0.40.0) + sharp 0.34.3/libvips 8.17.1,rendered-assets-v1.5.0/dist/brand/monogram/athar-monogram-light.svg (<- Athar_Package 02 Logo/SVG/Athar_Logo_Monogram.svg) | rendered-assets-v1.5.0/dist/brand/wordmark/athar-wordmark-light.svg (<- Athar_Package 02 Logo/SVG/Athar_Logo_Horizontal.svg wordmark),2026-09-30T01:19:29Z,PASS,,ivory-on-emerald,emerald,2,png,v1.5.1 (carried),,,
dist/brand/lockups/athar-lockup-primary-ar-ivory-on-emerald-on-emerald@2x.webp,1 primary-lockups,primary-ar,956 x 1028,8298,84d7258c76effb7690b88e6657b0f9a4c50220f4840fb9077c137f7256d76047,resvg-js 2.6.2 + sharp 0.34.3 (WebP),rendered-assets-v1.5.0/dist/brand/monogram/athar-monogram-light.svg (<- Athar_Package 02 Logo/SVG/Athar_Logo_Monogram.svg) | rendered-assets-v1.5.0/dist/brand/wordmark/athar-wordmark-light.svg (<- Athar_Package 02 Logo/SVG/Athar_Logo_Horizontal.svg wordmark),2026-09-30T01:19:29Z,PASS,,ivory-on-emerald,emerald,2,webp,v1.5.1 (carried),,,
dist/brand/lockups/athar-lockup-primary-ar-ivory-on-emerald-on-emerald@3x.png,1 primary-lockups,primary-ar,1434 x 1542,43158,7e3e1276d70c267a7ee7074d897d2db5933f6ffbbbc22241188182e984286e72,resvg-js 2.6.2 (resvg 0.40.0) + sharp 0.34.3/libvips 8.17.1,rendered-assets-v1.5.0/dist/brand/monogram/athar-monogram-light.svg (<- Athar_Package 02 Logo/SVG/Athar_Logo_Monogram.svg) | rendered-assets-v1.5.0/dist/brand/wordmark/athar-wordmark-light.svg (<- Athar_Package 02 Logo/SVG/Athar_Logo_Horizontal.svg wordmark),2026-09-30T01:19:30Z,PASS,,ivory-on-emerald,emerald,3,png,v1.5.1 (carried),,,
dist/brand/lockups/athar-lockup-primary-ar-ivory-on-emerald-on-emerald@3x.webp,1 primary-lockups,primary-ar,1434 x 1542,12472,e5cd8cef2c78c19b46979a45b3990936acc8e0bb150f20c298c65acab2b01738,resvg-js 2.6.2 + sharp 0.34.3 (WebP),rendered-assets-v1.5.0/dist/brand/monogram/athar-monogram-light.svg (<- Athar_Package 02 Logo/SVG/Athar_Logo_Monogram.svg) | rendered-assets-v1.5.0/dist/brand/wordmark/athar-wordmark-light.svg (<- Athar_Package 02 Logo/SVG/Athar_Logo_Horizontal.svg wordmark),2026-09-30T01:19:30Z,PASS,,ivory-on-emerald,emerald,3,webp,v1.5.1 (carried),,,
dist/brand/lockups/athar-lockup-primary-ar-ivory-on-emerald-on-emerald.svg,1 primary-lockups,primary-ar,478 x 514,6652,d458782a54e17e5668a4f99ffd91c93f711f9805d5b7b93a79df6e10aa7806f4,svgo 4.1.0 (safe config),rendered-assets-v1.5.0/dist/brand/monogram/athar-monogram-light.svg (<- Athar_Package 02 Logo/SVG/Athar_Logo_Monogram.svg) | rendered-assets-v1.5.0/dist/brand/wordmark/athar-wordmark-light.svg (<- Athar_Package 02 Logo/SVG/Athar_Logo_Horizontal.svg wordmark),2026-09-30T01:19:56Z,PASS,,ivory-on-emerald,emerald,1,svg,v1.5.1 (carried),,,
dist/brand/lockups/athar-lockup-primary-ar-ivory-on-emerald-on-emerald.pdf,1 primary-lockups,primary-ar,478 x 514,6070,4e809473d409f74965403b9e5ace29c88fb4cb6016070fa4aa2ab5128c9a5881,PyMuPDF 1.28.2 (MuPDF SVG->PDF),rendered-assets-v1.5.0/dist/brand/monogram/athar-monogram-light.svg (<- Athar_Package 02 Logo/SVG/Athar_Logo_Monogram.svg) | rendered-assets-v1.5.0/dist/brand/wordmark/athar-wordmark-light.svg (<- Athar_Package 02 Logo/SVG/Athar_Logo_Horizontal.svg wordmark),2026-09-30T01:19:56Z,PASS,,ivory-on-emerald,emerald,1,pdf,v1.5.1 (carried),,,
dist/brand/lockups/athar-lockup-primary-ar-ivory-on-emerald-on-transparent@1x.png,1 primary-lockups,primary-ar,478 x 514,11949,ba00bddc66efba05f94ea00ea892c18475bcca2cd786f35f17e5c89a1f971fad,resvg-js 2.6.2 (resvg 0.40.0) + sharp 0.34.3/libvips 8.17.1,rendered-assets-v1.5.0/dist/brand/monogram/athar-monogram-light.svg (<- Athar_Package 02 Logo/SVG/Athar_Logo_Monogram.svg) | rendered-assets-v1.5.0/dist/brand/wordmark/athar-wordmark-light.svg (<- Athar_Package 02 Logo/SVG/Athar_Logo_Horizontal.svg wordmark),2026-09-30T01:19:30Z,PASS,,ivory-on-emerald,transparent,1,png,v1.5.1 (carried),,,
dist/brand/lockups/athar-lockup-primary-ar-ivory-on-emerald-on-transparent@1x.webp,1 primary-lockups,primary-ar,478 x 514,4296,633a0f9d3f66721e1f34e7933b6c243d7be323d5a24204ff0ef62cb73cf7b0a8,resvg-js 2.6.2 + sharp 0.34.3 (WebP),rendered-assets-v1.5.0/dist/brand/monogram/athar-monogram-light.svg (<- Athar_Package 02 Logo/SVG/Athar_Logo_Monogram.svg) | rendered-assets-v1.5.0/dist/brand/wordmark/athar-wordmark-light.svg (<- Athar_Package 02 Logo/SVG/Athar_Logo_Horizontal.svg wordmark),2026-09-30T01:19:30Z,PASS,,ivory-on-emerald,transparent,1,webp,v1.5.1 (carried),,,
dist/brand/lockups/athar-lockup-primary-ar-ivory-on-emerald-on-transparent@2x.png,1 primary-lockups,primary-ar,956 x 1028,26515,ea800358db6a07e16e473f3f0d51d0148ae9a66e252a64140e3addd38649ebea,resvg-js 2.6.2 (resvg 0.40.0) + sharp 0.34.3/libvips 8.17.1,rendered-assets-v1.5.0/dist/brand/monogram/athar-monogram-light.svg (<- Athar_Package 02 Logo/SVG/Athar_Logo_Monogram.svg) | rendered-assets-v1.5.0/dist/brand/wordmark/athar-wordmark-light.svg (<- Athar_Package 02 Logo/SVG/Athar_Logo_Horizontal.svg wordmark),2026-09-30T01:19:30Z,PASS,,ivory-on-emerald,transparent,2,png,v1.5.1 (carried),,,
dist/brand/lockups/athar-lockup-primary-ar-ivory-on-emerald-on-transparent@2x.webp,1 primary-lockups,primary-ar,956 x 1028,8340,cae2f5e8caaed77d7f8cb2bf3bb4321c406bc04d4116fc27c225f1ab697f730e,resvg-js 2.6.2 + sharp 0.34.3 (WebP),rendered-assets-v1.5.0/dist/brand/monogram/athar-monogram-light.svg (<- Athar_Package 02 Logo/SVG/Athar_Logo_Monogram.svg) | rendered-assets-v1.5.0/dist/brand/wordmark/athar-wordmark-light.svg (<- Athar_Package 02 Logo/SVG/Athar_Logo_Horizontal.svg wordmark),2026-09-30T01:19:30Z,PASS,,ivory-on-emerald,transparent,2,webp,v1.5.1 (carried),,,
dist/brand/lockups/athar-lockup-primary-ar-ivory-on-emerald-on-transparent@3x.png,1 primary-lockups,primary-ar,1434 x 1542,44323,c1c97c877a0eb328436f52a2b74744ae204e86c9291bc14d16eeacca7e9d55ee,resvg-js 2.6.2 (resvg 0.40.0) + sharp 0.34.3/libvips 8.17.1,rendered-assets-v1.5.0/dist/brand/monogram/athar-monogram-light.svg (<- Athar_Package 02 Logo/SVG/Athar_Logo_Monogram.svg) | rendered-assets-v1.5.0/dist/brand/wordmark/athar-wordmark-light.svg (<- Athar_Package 02 Logo/SVG/Athar_Logo_Horizontal.svg wordmark),2026-09-30T01:19:30Z,PASS,,ivory-on-emerald,transparent,3,png,v1.5.1 (carried),,,
dist/brand/lockups/athar-lockup-primary-ar-ivory-on-emerald-on-transparent@3x.webp,1 primary-lockups,primary-ar,1434 x 1542,12506,a4402631de7f720a475cb435c577f7b3e742b6641ada30e76c81679666c4f669,resvg-js 2.6.2 + sharp 0.34.3 (WebP),rendered-assets-v1.5.0/dist/brand/monogram/athar-monogram-light.svg (<- Athar_Package 02 Logo/SVG/Athar_Logo_Monogram.svg) | rendered-assets-v1.5.0/dist/brand/wordmark/athar-wordmark-light.svg (<- Athar_Package 02 Logo/SVG/Athar_Logo_Horizontal.svg wordmark),2026-09-30T01:19:30Z,PASS,,ivory-on-emerald,transparent,3,webp,v1.5.1 (carried),,,
dist/brand/lockups/athar-lockup-primary-ar-ivory-on-emerald-on-transparent.svg,1 primary-lockups,primary-ar,478 x 514,6579,33a07f585edc0d6ca3ef9d79441b1c04f6dcfd6446cfe5d4940ca35c50b34d42,svgo 4.1.0 (safe config),rendered-assets-v1.5.0/dist/brand/monogram/athar-monogram-light.svg (<- Athar_Package 02 Logo/SVG/Athar_Logo_Monogram.svg) | rendered-assets-v1.5.0/dist/brand/wordmark/athar-wordmark-light.svg (<- Athar_Package 02 Logo/SVG/Athar_Logo_Horizontal.svg wordmark),2026-09-30T01:19:57Z,PASS,,ivory-on-emerald,transparent,1,svg,v1.5.1 (carried),,,
dist/brand/lockups/athar-lockup-primary-ar-ivory-on-emerald-on-transparent.pdf,1 primary-lockups,primary-ar,478 x 514,6021,5ae0b2b7892195247f54fe95fbff259de753a657fa50f7cc070368a20a028a82,PyMuPDF 1.28.2 (MuPDF SVG->PDF),rendered-assets-v1.5.0/dist/brand/monogram/athar-monogram-light.svg (<- Athar_Package 02 Logo/SVG/Athar_Logo_Monogram.svg) | rendered-assets-v1.5.0/dist/brand/wordmark/athar-wordmark-light.svg (<- Athar_Package 02 Logo/SVG/Athar_Logo_Horizontal.svg wordmark),2026-09-30T01:19:57Z,PASS,,ivory-on-emerald,transparent,1,pdf,v1.5.1 (carried),,,
dist/brand/lockups/athar-lockup-primary-ar-signage-gold-on-deep_ocean@1x.png,1 primary-lockups,primary-ar,478 x 514,11545,c77f4562638957239844e87af8ab698f52a8e15c9d927f0b049c71818185e9dd,resvg-js 2.6.2 (resvg 0.40.0) + sharp 0.34.3/libvips 8.17.1,rendered-assets-v1.5.0/dist/brand/monogram/athar-monogram-light.svg (<- Athar_Package 02 Logo/SVG/Athar_Logo_Monogram.svg) | rendered-assets-v1.5.0/dist/brand/wordmark/athar-wordmark-light.svg (<- Athar_Package 02 Logo/SVG/Athar_Logo_Horizontal.svg wordmark),2026-09-30T01:19:30Z,PASS,,signage-gold,deep_ocean,1,png,v1.5.1 (carried),,,
dist/brand/lockups/athar-lockup-primary-ar-signage-gold-on-deep_ocean@1x.webp,1 primary-lockups,primary-ar,478 x 514,4252,9550fada68901c3338cd4a69a6b495e999162846ba9cb0f2adfe6cc76008e09a,resvg-js 2.6.2 + sharp 0.34.3 (WebP),rendered-assets-v1.5.0/dist/brand/monogram/athar-monogram-light.svg (<- Athar_Package 02 Logo/SVG/Athar_Logo_Monogram.svg) | rendered-assets-v1.5.0/dist/brand/wordmark/athar-wordmark-light.svg (<- Athar_Package 02 Logo/SVG/Athar_Logo_Horizontal.svg wordmark),2026-09-30T01:19:30Z,PASS,,signage-gold,deep_ocean,1,webp,v1.5.1 (carried),,,
dist/brand/lockups/athar-lockup-primary-ar-signage-gold-on-deep_ocean@2x.png,1 primary-lockups,primary-ar,956 x 1028,25469,9f748afd71865ae0350b73f30aed1a1406cedfa120729bb1eea96308735e976f,resvg-js 2.6.2 (resvg 0.40.0) + sharp 0.34.3/libvips 8.17.1,rendered-assets-v1.5.0/dist/brand/monogram/athar-monogram-light.svg (<- Athar_Package 02 Logo/SVG/Athar_Logo_Monogram.svg) | rendered-assets-v1.5.0/dist/brand/wordmark/athar-wordmark-light.svg (<- Athar_Package 02 Logo/SVG/Athar_Logo_Horizontal.svg wordmark),2026-09-30T01:19:31Z,PASS,,signage-gold,deep_ocean,2,png,v1.5.1 (carried),,,
dist/brand/lockups/athar-lockup-primary-ar-signage-gold-on-deep_ocean@2x.webp,1 primary-lockups,primary-ar,956 x 1028,8236,c70017dd495568d613ab1bbb1551a4afcabf877f1ed08c133d75fff20b5fee77,resvg-js 2.6.2 + sharp 0.34.3 (WebP),rendered-assets-v1.5.0/dist/brand/monogram/athar-monogram-light.svg (<- Athar_Package 02 Logo/SVG/Athar_Logo_Monogram.svg) | rendered-assets-v1.5.0/dist/brand/wordmark/athar-wordmark-light.svg (<- Athar_Package 02 Logo/SVG/Athar_Logo_Horizontal.svg wordmark),2026-09-30T01:19:31Z,PASS,,signage-gold,deep_ocean,2,webp,v1.5.1 (carried),,,
dist/brand/lockups/athar-lockup-primary-ar-signage-gold-on-deep_ocean@3x.png,1 primary-lockups,primary-ar,1434 x 1542,42831,0e5e7ee69474071b09d1ef304ec4c96e880db8dbfec8eae04414ca3005f0f872,resvg-js 2.6.2 (resvg 0.40.0) + sharp 0.34.3/libvips 8.17.1,rendered-assets-v1.5.0/dist/brand/monogram/athar-monogram-light.svg (<- Athar_Package 02 Logo/SVG/Athar_Logo_Monogram.svg) | rendered-assets-v1.5.0/dist/brand/wordmark/athar-wordmark-light.svg (<- Athar_Package 02 Logo/SVG/Athar_Logo_Horizontal.svg wordmark),2026-09-30T01:19:31Z,PASS,,signage-gold,deep_ocean,3,png,v1.5.1 (carried),,,
dist/brand/lockups/athar-lockup-primary-ar-signage-gold-on-deep_ocean@3x.webp,1 primary-lockups,primary-ar,1434 x 1542,12372,51ff2824d3f4af67f3109d4ee30bc071db985d3dabd5ffb9844ac2dccb5cf3ec,resvg-js 2.6.2 + sharp 0.34.3 (WebP),rendered-assets-v1.5.0/dist/brand/monogram/athar-monogram-light.svg (<- Athar_Package 02 Logo/SVG/Athar_Logo_Monogram.svg) | rendered-assets-v1.5.0/dist/brand/wordmark/athar-wordmark-light.svg (<- Athar_Package 02 Logo/SVG/Athar_Logo_Horizontal.svg wordmark),2026-09-30T01:19:31Z,PASS,,signage-gold,deep_ocean,3,webp,v1.5.1 (carried),,,
dist/brand/lockups/athar-lockup-primary-ar-signage-gold-on-deep_ocean.svg,1 primary-lockups,primary-ar,478 x 514,6651,3b23cf70111bc63ab41658db2cc211313c65844be8303bb71b2199a07664d465,svgo 4.1.0 (safe config),rendered-assets-v1.5.0/dist/brand/monogram/athar-monogram-light.svg (<- Athar_Package 02 Logo/SVG/Athar_Logo_Monogram.svg) | rendered-assets-v1.5.0/dist/brand/wordmark/athar-wordmark-light.svg (<- Athar_Package 02 Logo/SVG/Athar_Logo_Horizontal.svg wordmark),2026-09-30T01:19:57Z,PASS,,signage-gold,deep_ocean,1,svg,v1.5.1 (carried),,,
dist/brand/lockups/athar-lockup-primary-ar-signage-gold-on-deep_ocean.pdf,1 primary-lockups,primary-ar,478 x 514,6072,581ecab0a62c5e3ea43495b3d52b4a375bde4e7b71fd0e495fda34e1d4f6568b,PyMuPDF 1.28.2 (MuPDF SVG->PDF),rendered-assets-v1.5.0/dist/brand/monogram/athar-monogram-light.svg (<- Athar_Package 02 Logo/SVG/Athar_Logo_Monogram.svg) | rendered-assets-v1.5.0/dist/brand/wordmark/athar-wordmark-light.svg (<- Athar_Package 02 Logo/SVG/Athar_Logo_Horizontal.svg wordmark),2026-09-30T01:19:57Z,PASS,,signage-gold,deep_ocean,1,pdf,v1.5.1 (carried),,,
dist/brand/lockups/athar-lockup-primary-ar-signage-gold-on-transparent@1x.png,1 primary-lockups,primary-ar,478 x 514,11280,efdcdc54555261e6b59af455ec94e345a99a1ba21a2ddf461683c5f80979808d,resvg-js 2.6.2 (resvg 0.40.0) + sharp 0.34.3/libvips 8.17.1,rendered-assets-v1.5.0/dist/brand/monogram/athar-monogram-light.svg (<- Athar_Package 02 Logo/SVG/Athar_Logo_Monogram.svg) | rendered-assets-v1.5.0/dist/brand/wordmark/athar-wordmark-light.svg (<- Athar_Package 02 Logo/SVG/Athar_Logo_Horizontal.svg wordmark),2026-09-30T01:19:31Z,PASS,,signage-gold,transparent,1,png,v1.5.1 (carried),,,
dist/brand/lockups/athar-lockup-primary-ar-signage-gold-on-transparent@1x.webp,1 primary-lockups,primary-ar,478 x 514,4308,a2d81c1351589ae5a1ccbf1520972b73c1450fc14b370d42073849853c1c01e2,resvg-js 2.6.2 + sharp 0.34.3 (WebP),rendered-assets-v1.5.0/dist/brand/monogram/athar-monogram-light.svg (<- Athar_Package 02 Logo/SVG/Athar_Logo_Monogram.svg) | rendered-assets-v1.5.0/dist/brand/wordmark/athar-wordmark-light.svg (<- Athar_Package 02 Logo/SVG/Athar_Logo_Horizontal.svg wordmark),2026-09-30T01:19:31Z,PASS,,signage-gold,transparent,1,webp,v1.5.1 (carried),,,
dist/brand/lockups/athar-lockup-primary-ar-signage-gold-on-transparent@2x.png,1 primary-lockups,primary-ar,956 x 1028,25049,35cf1ff3a06c9283d1ab9e6766e6546c22e840679d5b11fc1016acf948851f68,resvg-js 2.6.2 (resvg 0.40.0) + sharp 0.34.3/libvips 8.17.1,rendered-assets-v1.5.0/dist/brand/monogram/athar-monogram-light.svg (<- Athar_Package 02 Logo/SVG/Athar_Logo_Monogram.svg) | rendered-assets-v1.5.0/dist/brand/wordmark/athar-wordmark-light.svg (<- Athar_Package 02 Logo/SVG/Athar_Logo_Horizontal.svg wordmark),2026-09-30T01:19:31Z,PASS,,signage-gold,transparent,2,png,v1.5.1 (carried),,,
dist/brand/lockups/athar-lockup-primary-ar-signage-gold-on-transparent@2x.webp,1 primary-lockups,primary-ar,956 x 1028,8350,59454782be1b050c53136469e1c845a05867b1e3bb3e000971746590bed30269,resvg-js 2.6.2 + sharp 0.34.3 (WebP),rendered-assets-v1.5.0/dist/brand/monogram/athar-monogram-light.svg (<- Athar_Package 02 Logo/SVG/Athar_Logo_Monogram.svg) | rendered-assets-v1.5.0/dist/brand/wordmark/athar-wordmark-light.svg (<- Athar_Package 02 Logo/SVG/Athar_Logo_Horizontal.svg wordmark),2026-09-30T01:19:31Z,PASS,,signage-gold,transparent,2,webp,v1.5.1 (carried),,,
dist/brand/lockups/athar-lockup-primary-ar-signage-gold-on-transparent@3x.png,1 primary-lockups,primary-ar,1434 x 1542,42029,dbd7782bd5f456017e327de998ccc892900a33ef5378d8554f45b213dfe26288,resvg-js 2.6.2 (resvg 0.40.0) + sharp 0.34.3/libvips 8.17.1,rendered-assets-v1.5.0/dist/brand/monogram/athar-monogram-light.svg (<- Athar_Package 02 Logo/SVG/Athar_Logo_Monogram.svg) | rendered-assets-v1.5.0/dist/brand/wordmark/athar-wordmark-light.svg (<- Athar_Package 02 Logo/SVG/Athar_Logo_Horizontal.svg wordmark),2026-09-30T01:19:31Z,PASS,,signage-gold,transparent,3,png,v1.5.1 (carried),,,
dist/brand/lockups/athar-lockup-primary-ar-signage-gold-on-transparent@3x.webp,1 primary-lockups,primary-ar,1434 x 1542,12510,d8e95fbc0983dfa6bfa80d698090a377a5fc188630cb5c9e76d36e7210a0d172,resvg-js 2.6.2 + sharp 0.34.3 (WebP),rendered-assets-v1.5.0/dist/brand/monogram/athar-monogram-light.svg (<- Athar_Package 02 Logo/SVG/Athar_Logo_Monogram.svg) | rendered-assets-v1.5.0/dist/brand/wordmark/athar-wordmark-light.svg (<- Athar_Package 02 Logo/SVG/Athar_Logo_Horizontal.svg wordmark),2026-09-30T01:19:32Z,PASS,,signage-gold,transparent,3,webp,v1.5.1 (carried),,,
dist/brand/lockups/athar-lockup-primary-ar-signage-gold-on-transparent.svg,1 primary-lockups,primary-ar,478 x 514,6575,6842829a88849bd768aee3cf0a48bb6a61d8a67d0845d60223bb1b45b2b61299,svgo 4.1.0 (safe config),rendered-assets-v1.5.0/dist/brand/monogram/athar-monogram-light.svg (<- Athar_Package 02 Logo/SVG/Athar_Logo_Monogram.svg) | rendered-assets-v1.5.0/dist/brand/wordmark/athar-wordmark-light.svg (<- Athar_Package 02 Logo/SVG/Athar_Logo_Horizontal.svg wordmark),2026-09-30T01:19:57Z,PASS,,signage-gold,transparent,1,svg,v1.5.1 (carried),,,
dist/brand/lockups/athar-lockup-primary-ar-signage-gold-on-transparent.pdf,1 primary-lockups,primary-ar,478 x 514,6019,c1fcc35b67d11ae6585651b45e1ccfb77548b4c2f11d9563aa9c92bdf27328f4,PyMuPDF 1.28.2 (MuPDF SVG->PDF),rendered-assets-v1.5.0/dist/brand/monogram/athar-monogram-light.svg (<- Athar_Package 02 Logo/SVG/Athar_Logo_Monogram.svg) | rendered-assets-v1.5.0/dist/brand/wordmark/athar-wordmark-light.svg (<- Athar_Package 02 Logo/SVG/Athar_Logo_Horizontal.svg wordmark),2026-09-30T01:19:57Z,PASS,,signage-gold,transparent,1,pdf,v1.5.1 (carried),,,
dist/brand/lockups/athar-lockup-primary-en-navy-on-transparent@1x.png,1 primary-lockups,primary-en,1227 x 338,9790,33386f4605bd355ec82d08ef673ab8826420223647547c2dfa9a81cd4fc171dc,resvg-js 2.6.2 (resvg 0.40.0) + sharp 0.34.3/libvips 8.17.1,rendered-assets-v1.5.0/dist/brand/monogram/athar-monogram-light.svg (<- Athar_Package 02 Logo/SVG/Athar_Logo_Monogram.svg) | rendered-assets-v1.5.0/dist/brand/wordmark/athar-wordmark-light.svg (<- Athar_Package 02 Logo/SVG/Athar_Logo_Horizontal.svg wordmark),2026-09-30T01:19:32Z,PASS,,navy,transparent,1,png,v1.5.1 (carried),,,
dist/brand/lockups/athar-lockup-primary-en-navy-on-transparent@1x.webp,1 primary-lockups,primary-en,1227 x 338,3790,98a4dce2eee757a6cc551b992359e1cac85fba8b0b08945df63d15b7fdc99cb1,resvg-js 2.6.2 + sharp 0.34.3 (WebP),rendered-assets-v1.5.0/dist/brand/monogram/athar-monogram-light.svg (<- Athar_Package 02 Logo/SVG/Athar_Logo_Monogram.svg) | rendered-assets-v1.5.0/dist/brand/wordmark/athar-wordmark-light.svg (<- Athar_Package 02 Logo/SVG/Athar_Logo_Horizontal.svg wordmark),2026-09-30T01:19:32Z,PASS,,navy,transparent,1,webp,v1.5.1 (carried),,,
dist/brand/lockups/athar-lockup-primary-en-navy-on-transparent@2x.png,1 primary-lockups,primary-en,2454 x 676,22705,0c2ed488a317bc90921e26f3a2df6eceea6f31542eda73601025868fc8cfb48f,resvg-js 2.6.2 (resvg 0.40.0) + sharp 0.34.3/libvips 8.17.1,rendered-assets-v1.5.0/dist/brand/monogram/athar-monogram-light.svg (<- Athar_Package 02 Logo/SVG/Athar_Logo_Monogram.svg) | rendered-assets-v1.5.0/dist/brand/wordmark/athar-wordmark-light.svg (<- Athar_Package 02 Logo/SVG/Athar_Logo_Horizontal.svg wordmark),2026-09-30T01:19:32Z,PASS,,navy,transparent,2,png,v1.5.1 (carried),,,
dist/brand/lockups/athar-lockup-primary-en-navy-on-transparent@2x.webp,1 primary-lockups,primary-en,2454 x 676,7254,b9ee7404b0d281e94fe9a73b2fffcdb8ba38113facc0a9726a8bfb9b9a16721a,resvg-js 2.6.2 + sharp 0.34.3 (WebP),rendered-assets-v1.5.0/dist/brand/monogram/athar-monogram-light.svg (<- Athar_Package 02 Logo/SVG/Athar_Logo_Monogram.svg) | rendered-assets-v1.5.0/dist/brand/wordmark/athar-wordmark-light.svg (<- Athar_Package 02 Logo/SVG/Athar_Logo_Horizontal.svg wordmark),2026-09-30T01:19:32Z,PASS,,navy,transparent,2,webp,v1.5.1 (carried),,,
dist/brand/lockups/athar-lockup-primary-en-navy-on-transparent@3x.png,1 primary-lockups,primary-en,3681 x 1014,38855,5faf74bf089b6d48fa47b2d553f512d5c63cab2896cd3454dd63fe89fe6215e3,resvg-js 2.6.2 (resvg 0.40.0) + sharp 0.34.3/libvips 8.17.1,rendered-assets-v1.5.0/dist/brand/monogram/athar-monogram-light.svg (<- Athar_Package 02 Logo/SVG/Athar_Logo_Monogram.svg) | rendered-assets-v1.5.0/dist/brand/wordmark/athar-wordmark-light.svg (<- Athar_Package 02 Logo/SVG/Athar_Logo_Horizontal.svg wordmark),2026-09-30T01:19:32Z,PASS,,navy,transparent,3,png,v1.5.1 (carried),,,
dist/brand/lockups/athar-lockup-primary-en-navy-on-transparent@3x.webp,1 primary-lockups,primary-en,3681 x 1014,10916,335ad540ca44ceea5813fea74ae5b81a667d66c315f831e914eb0752b2012626,resvg-js 2.6.2 + sharp 0.34.3 (WebP),rendered-assets-v1.5.0/dist/brand/monogram/athar-monogram-light.svg (<- Athar_Package 02 Logo/SVG/Athar_Logo_Monogram.svg) | rendered-assets-v1.5.0/dist/brand/wordmark/athar-wordmark-light.svg (<- Athar_Package 02 Logo/SVG/Athar_Logo_Horizontal.svg wordmark),2026-09-30T01:19:32Z,PASS,,navy,transparent,3,webp,v1.5.1 (carried),,,
dist/brand/lockups/athar-lockup-primary-en-navy-on-transparent.svg,1 primary-lockups,primary-en,1227 x 338,1952,bfc31e542fd4238a1bffc56d644f4ea7cf7c402dbaa0110678e1e50b5c519647,svgo 4.1.0 (safe config),rendered-assets-v1.5.0/dist/brand/monogram/athar-monogram-light.svg (<- Athar_Package 02 Logo/SVG/Athar_Logo_Monogram.svg) | rendered-assets-v1.5.0/dist/brand/wordmark/athar-wordmark-light.svg (<- Athar_Package 02 Logo/SVG/Athar_Logo_Horizontal.svg wordmark),2026-09-30T01:19:57Z,PASS,,navy,transparent,1,svg,v1.5.1 (carried),,,
dist/brand/lockups/athar-lockup-primary-en-navy-on-transparent.pdf,1 primary-lockups,primary-en,1227 x 338,2004,e865dc659eb2128cee03bc020c08cbb681425d13dd4384dd5cbb2e3234e96507,PyMuPDF 1.28.2 (MuPDF SVG->PDF),rendered-assets-v1.5.0/dist/brand/monogram/athar-monogram-light.svg (<- Athar_Package 02 Logo/SVG/Athar_Logo_Monogram.svg) | rendered-assets-v1.5.0/dist/brand/wordmark/athar-wordmark-light.svg (<- Athar_Package 02 Logo/SVG/Athar_Logo_Horizontal.svg wordmark),2026-09-30T01:19:57Z,PASS,,navy,transparent,1,pdf,v1.5.1 (carried),,,
dist/brand/lockups/athar-lockup-primary-en-navy-on-ivory@1x.png,1 primary-lockups,primary-en,1227 x 338,9545,7d80199aa2d71e7bdabc5aa67338eb60302115c837fadad672461991e28bdce4,resvg-js 2.6.2 (resvg 0.40.0) + sharp 0.34.3/libvips 8.17.1,rendered-assets-v1.5.0/dist/brand/monogram/athar-monogram-light.svg (<- Athar_Package 02 Logo/SVG/Athar_Logo_Monogram.svg) | rendered-assets-v1.5.0/dist/brand/wordmark/athar-wordmark-light.svg (<- Athar_Package 02 Logo/SVG/Athar_Logo_Horizontal.svg wordmark),2026-09-30T01:19:32Z,PASS,,navy,ivory,1,png,v1.5.1 (carried),,,
dist/brand/lockups/athar-lockup-primary-en-navy-on-ivory@1x.webp,1 primary-lockups,primary-en,1227 x 338,3770,b198ad9aba7845504f95559c18f3e096abc3903afc7ec229f659d09be38a45d9,resvg-js 2.6.2 + sharp 0.34.3 (WebP),rendered-assets-v1.5.0/dist/brand/monogram/athar-monogram-light.svg (<- Athar_Package 02 Logo/SVG/Athar_Logo_Monogram.svg) | rendered-assets-v1.5.0/dist/brand/wordmark/athar-wordmark-light.svg (<- Athar_Package 02 Logo/SVG/Athar_Logo_Horizontal.svg wordmark),2026-09-30T01:19:32Z,PASS,,navy,ivory,1,webp,v1.5.1 (carried),,,
dist/brand/lockups/athar-lockup-primary-en-navy-on-ivory@2x.png,1 primary-lockups,primary-en,2454 x 676,22409,c1f808be1781ba2553f8e95f02fdf8d4b2bc0363d2b2eca1710c0e1a740bcc96,resvg-js 2.6.2 (resvg 0.40.0) + sharp 0.34.3/libvips 8.17.1,rendered-assets-v1.5.0/dist/brand/monogram/athar-monogram-light.svg (<- Athar_Package 02 Logo/SVG/Athar_Logo_Monogram.svg) | rendered-assets-v1.5.0/dist/brand/wordmark/athar-wordmark-light.svg (<- Athar_Package 02 Logo/SVG/Athar_Logo_Horizontal.svg wordmark),2026-09-30T01:19:33Z,PASS,,navy,ivory,2,png,v1.5.1 (carried),,,
dist/brand/lockups/athar-lockup-primary-en-navy-on-ivory@2x.webp,1 primary-lockups,primary-en,2454 x 676,7222,fd541bf3fcdd895127d2e39af3f165bc38445be27beb807d74eebc96d172754d,resvg-js 2.6.2 + sharp 0.34.3 (WebP),rendered-assets-v1.5.0/dist/brand/monogram/athar-monogram-light.svg (<- Athar_Package 02 Logo/SVG/Athar_Logo_Monogram.svg) | rendered-assets-v1.5.0/dist/brand/wordmark/athar-wordmark-light.svg (<- Athar_Package 02 Logo/SVG/Athar_Logo_Horizontal.svg wordmark),2026-09-30T01:19:33Z,PASS,,navy,ivory,2,webp,v1.5.1 (carried),,,
dist/brand/lockups/athar-lockup-primary-en-navy-on-ivory@3x.png,1 primary-lockups,primary-en,3681 x 1014,38627,5b9e4cb4b61d22b8e74abb56b7a9250c41c6e39b26f0db62be67ed51ed384af2,resvg-js 2.6.2 (resvg 0.40.0) + sharp 0.34.3/libvips 8.17.1,rendered-assets-v1.5.0/dist/brand/monogram/athar-monogram-light.svg (<- Athar_Package 02 Logo/SVG/Athar_Logo_Monogram.svg) | rendered-assets-v1.5.0/dist/brand/wordmark/athar-wordmark-light.svg (<- Athar_Package 02 Logo/SVG/Athar_Logo_Horizontal.svg wordmark),2026-09-30T01:19:33Z,PASS,,navy,ivory,3,png,v1.5.1 (carried),,,
dist/brand/lockups/athar-lockup-primary-en-navy-on-ivory@3x.webp,1 primary-lockups,primary-en,3681 x 1014,10888,bcb5cd0c02ebf8dfbd5138cfbcc6eabc426d9fac00763ed5abf4c49989aa2f24,resvg-js 2.6.2 + sharp 0.34.3 (WebP),rendered-assets-v1.5.0/dist/brand/monogram/athar-monogram-light.svg (<- Athar_Package 02 Logo/SVG/Athar_Logo_Monogram.svg) | rendered-assets-v1.5.0/dist/brand/wordmark/athar-wordmark-light.svg (<- Athar_Package 02 Logo/SVG/Athar_Logo_Horizontal.svg wordmark),2026-09-30T01:19:33Z,PASS,,navy,ivory,3,webp,v1.5.1 (carried),,,
dist/brand/lockups/athar-lockup-primary-en-navy-on-ivory.svg,1 primary-lockups,primary-en,1227 x 338,2024,6ab618de8355145f474a5415dd9ece50d8babf4b0e5d2b7cda8a6a2134696dac,svgo 4.1.0 (safe config),rendered-assets-v1.5.0/dist/brand/monogram/athar-monogram-light.svg (<- Athar_Package 02 Logo/SVG/Athar_Logo_Monogram.svg) | rendered-assets-v1.5.0/dist/brand/wordmark/athar-wordmark-light.svg (<- Athar_Package 02 Logo/SVG/Athar_Logo_Horizontal.svg wordmark),2026-09-30T01:19:58Z,PASS,,navy,ivory,1,svg,v1.5.1 (carried),,,
dist/brand/lockups/athar-lockup-primary-en-navy-on-ivory.pdf,1 primary-lockups,primary-en,1227 x 338,2050,86e2874fcd56cfca2189389557f4166757793b02cd0085a2a0edfe3e851022fd,PyMuPDF 1.28.2 (MuPDF SVG->PDF),rendered-assets-v1.5.0/dist/brand/monogram/athar-monogram-light.svg (<- Athar_Package 02 Logo/SVG/Athar_Logo_Monogram.svg) | rendered-assets-v1.5.0/dist/brand/wordmark/athar-wordmark-light.svg (<- Athar_Package 02 Logo/SVG/Athar_Logo_Horizontal.svg wordmark),2026-09-30T01:19:58Z,PASS,,navy,ivory,1,pdf,v1.5.1 (carried),,,
dist/brand/lockups/athar-lockup-primary-en-navy-on-sand@1x.png,1 primary-lockups,primary-en,1227 x 338,9759,175317cac2a031104cebed04b829ffa452a0d15882791e77013d470e28bdec56,resvg-js 2.6.2 (resvg 0.40.0) + sharp 0.34.3/libvips 8.17.1,rendered-assets-v1.5.0/dist/brand/monogram/athar-monogram-light.svg (<- Athar_Package 02 Logo/SVG/Athar_Logo_Monogram.svg) | rendered-assets-v1.5.0/dist/brand/wordmark/athar-wordmark-light.svg (<- Athar_Package 02 Logo/SVG/Athar_Logo_Horizontal.svg wordmark),2026-09-30T01:19:33Z,PASS,,navy,sand,1,png,v1.5.1 (carried),,,
dist/brand/lockups/athar-lockup-primary-en-navy-on-sand@1x.webp,1 primary-lockups,primary-en,1227 x 338,3764,fc5b2d45c97baee09bd73816c12949113b29539ae9f6da4067538e06c233a9f6,resvg-js 2.6.2 + sharp 0.34.3 (WebP),rendered-assets-v1.5.0/dist/brand/monogram/athar-monogram-light.svg (<- Athar_Package 02 Logo/SVG/Athar_Logo_Monogram.svg) | rendered-assets-v1.5.0/dist/brand/wordmark/athar-wordmark-light.svg (<- Athar_Package 02 Logo/SVG/Athar_Logo_Horizontal.svg wordmark),2026-09-30T01:19:33Z,PASS,,navy,sand,1,webp,v1.5.1 (carried),,,
dist/brand/lockups/athar-lockup-primary-en-navy-on-sand@2x.png,1 primary-lockups,primary-en,2454 x 676,22793,55e085e77de05a4601ed22e2e6a5e84c417a69058969d43a21b872b3d68f6e49,resvg-js 2.6.2 (resvg 0.40.0) + sharp 0.34.3/libvips 8.17.1,rendered-assets-v1.5.0/dist/brand/monogram/athar-monogram-light.svg (<- Athar_Package 02 Logo/SVG/Athar_Logo_Monogram.svg) | rendered-assets-v1.5.0/dist/brand/wordmark/athar-wordmark-light.svg (<- Athar_Package 02 Logo/SVG/Athar_Logo_Horizontal.svg wordmark),2026-09-30T01:19:33Z,PASS,,navy,sand,2,png,v1.5.1 (carried),,,
dist/brand/lockups/athar-lockup-primary-en-navy-on-sand@2x.webp,1 primary-lockups,primary-en,2454 x 676,7208,5799ee1fbad90bfc41df34fa92de2fba9d2aaea46f8713e9cbdb2eb2d0ddb533,resvg-js 2.6.2 + sharp 0.34.3 (WebP),rendered-assets-v1.5.0/dist/brand/monogram/athar-monogram-light.svg (<- Athar_Package 02 Logo/SVG/Athar_Logo_Monogram.svg) | rendered-assets-v1.5.0/dist/brand/wordmark/athar-wordmark-light.svg (<- Athar_Package 02 Logo/SVG/Athar_Logo_Horizontal.svg wordmark),2026-09-30T01:19:33Z,PASS,,navy,sand,2,webp,v1.5.1 (carried),,,
dist/brand/lockups/athar-lockup-primary-en-navy-on-sand@3x.png,1 primary-lockups,primary-en,3681 x 1014,39104,1a31086542b215e3b56087c27bcab95256c39cc23419df24808ea06a40d61af2,resvg-js 2.6.2 (resvg 0.40.0) + sharp 0.34.3/libvips 8.17.1,rendered-assets-v1.5.0/dist/brand/monogram/athar-monogram-light.svg (<- Athar_Package 02 Logo/SVG/Athar_Logo_Monogram.svg) | rendered-assets-v1.5.0/dist/brand/wordmark/athar-wordmark-light.svg (<- Athar_Package 02 Logo/SVG/Athar_Logo_Horizontal.svg wordmark),2026-09-30T01:19:34Z,PASS,,navy,sand,3,png,v1.5.1 (carried),,,
dist/brand/lockups/athar-lockup-primary-en-navy-on-sand@3x.webp,1 primary-lockups,primary-en,3681 x 1014,10860,f65d7be2321021e5b75e7b66dea998eeae9b8d3c19dcdcdc6ae65b31d4c06ec0,resvg-js 2.6.2 + sharp 0.34.3 (WebP),rendered-assets-v1.5.0/dist/brand/monogram/athar-monogram-light.svg (<- Athar_Package 02 Logo/SVG/Athar_Logo_Monogram.svg) | rendered-assets-v1.5.0/dist/brand/wordmark/athar-wordmark-light.svg (<- Athar_Package 02 Logo/SVG/Athar_Logo_Horizontal.svg wordmark),2026-09-30T01:19:34Z,PASS,,navy,sand,3,webp,v1.5.1 (carried),,,
dist/brand/lockups/athar-lockup-primary-en-navy-on-sand.svg,1 primary-lockups,primary-en,1227 x 338,2023,a143776dc326d2a4f00f002469dcbba97cd248fff1aecb65eb7051e4218952b9,svgo 4.1.0 (safe config),rendered-assets-v1.5.0/dist/brand/monogram/athar-monogram-light.svg (<- Athar_Package 02 Logo/SVG/Athar_Logo_Monogram.svg) | rendered-assets-v1.5.0/dist/brand/wordmark/athar-wordmark-light.svg (<- Athar_Package 02 Logo/SVG/Athar_Logo_Horizontal.svg wordmark),2026-09-30T01:19:58Z,PASS,,navy,sand,1,svg,v1.5.1 (carried),,,
dist/brand/lockups/athar-lockup-primary-en-navy-on-sand.pdf,1 primary-lockups,primary-en,1227 x 338,2054,e9113cb13fbd67ea53950a254b8f746fbecaefb2d2a8099935a6be64ee3782df,PyMuPDF 1.28.2 (MuPDF SVG->PDF),rendered-assets-v1.5.0/dist/brand/monogram/athar-monogram-light.svg (<- Athar_Package 02 Logo/SVG/Athar_Logo_Monogram.svg) | rendered-assets-v1.5.0/dist/brand/wordmark/athar-wordmark-light.svg (<- Athar_Package 02 Logo/SVG/Athar_Logo_Horizontal.svg wordmark),2026-09-30T01:19:58Z,PASS,,navy,sand,1,pdf,v1.5.1 (carried),,,
dist/brand/lockups/athar-lockup-primary-en-reversed-on-transparent@1x.png,1 primary-lockups,primary-en,1227 x 338,9419,b708309d02c0099649a625eb2238270e3ba49e0ce77bf56fbfdefce9ce77ae62,resvg-js 2.6.2 (resvg 0.40.0) + sharp 0.34.3/libvips 8.17.1,rendered-assets-v1.5.0/dist/brand/monogram/athar-monogram-light.svg (<- Athar_Package 02 Logo/SVG/Athar_Logo_Monogram.svg) | rendered-assets-v1.5.0/dist/brand/wordmark/athar-wordmark-light.svg (<- Athar_Package 02 Logo/SVG/Athar_Logo_Horizontal.svg wordmark),2026-09-30T01:19:34Z,PASS,,reversed,transparent,1,png,v1.5.1 (carried),,,
dist/brand/lockups/athar-lockup-primary-en-reversed-on-transparent@1x.webp,1 primary-lockups,primary-en,1227 x 338,3800,4a0a28c21d5dee3ff6bfe0769bf898a6191e57eac48f1e284c0339b95ad08c59,resvg-js 2.6.2 + sharp 0.34.3 (WebP),rendered-assets-v1.5.0/dist/brand/monogram/athar-monogram-light.svg (<- Athar_Package 02 Logo/SVG/Athar_Logo_Monogram.svg) | rendered-assets-v1.5.0/dist/brand/wordmark/athar-wordmark-light.svg (<- Athar_Package 02 Logo/SVG/Athar_Logo_Horizontal.svg wordmark),2026-09-30T01:19:34Z,PASS,,reversed,transparent,1,webp,v1.5.1 (carried),,,
dist/brand/lockups/athar-lockup-primary-en-reversed-on-transparent@2x.png,1 primary-lockups,primary-en,2454 x 676,21950,be77454cdd55d03ba930fa95bc76640b9f5e9f25ef617d844a84e1298c941dbc,resvg-js 2.6.2 (resvg 0.40.0) + sharp 0.34.3/libvips 8.17.1,rendered-assets-v1.5.0/dist/brand/monogram/athar-monogram-light.svg (<- Athar_Package 02 Logo/SVG/Athar_Logo_Monogram.svg) | rendered-assets-v1.5.0/dist/brand/wordmark/athar-wordmark-light.svg (<- Athar_Package 02 Logo/SVG/Athar_Logo_Horizontal.svg wordmark),2026-09-30T01:19:34Z,PASS,,reversed,transparent,2,png,v1.5.1 (carried),,,
dist/brand/lockups/athar-lockup-primary-en-reversed-on-transparent@2x.webp,1 primary-lockups,primary-en,2454 x 676,7264,41d6794060f53e8c1651c2d31ff95a10c72fc39a1514484bfa37c272068cc1a0,resvg-js 2.6.2 + sharp 0.34.3 (WebP),rendered-assets-v1.5.0/dist/brand/monogram/athar-monogram-light.svg (<- Athar_Package 02 Logo/SVG/Athar_Logo_Monogram.svg) | rendered-assets-v1.5.0/dist/brand/wordmark/athar-wordmark-light.svg (<- Athar_Package 02 Logo/SVG/Athar_Logo_Horizontal.svg wordmark),2026-09-30T01:19:34Z,PASS,,reversed,transparent,2,webp,v1.5.1 (carried),,,
dist/brand/lockups/athar-lockup-primary-en-reversed-on-transparent@3x.png,1 primary-lockups,primary-en,3681 x 1014,37881,cede51f4f6b956287240d8910ea653fba03958f6c390e28b34888579ecc10a1e,resvg-js 2.6.2 (resvg 0.40.0) + sharp 0.34.3/libvips 8.17.1,rendered-assets-v1.5.0/dist/brand/monogram/athar-monogram-light.svg (<- Athar_Package 02 Logo/SVG/Athar_Logo_Monogram.svg) | rendered-assets-v1.5.0/dist/brand/wordmark/athar-wordmark-light.svg (<- Athar_Package 02 Logo/SVG/Athar_Logo_Horizontal.svg wordmark),2026-09-30T01:19:35Z,PASS,,reversed,transparent,3,png,v1.5.1 (carried),,,
dist/brand/lockups/athar-lockup-primary-en-reversed-on-transparent@3x.webp,1 primary-lockups,primary-en,3681 x 1014,10926,347cd109af5e0d4e63322f3843b91a5bd65aad6c7286896f0a6640e38ade1032,resvg-js 2.6.2 + sharp 0.34.3 (WebP),rendered-assets-v1.5.0/dist/brand/monogram/athar-monogram-light.svg (<- Athar_Package 02 Logo/SVG/Athar_Logo_Monogram.svg) | rendered-assets-v1.5.0/dist/brand/wordmark/athar-wordmark-light.svg (<- Athar_Package 02 Logo/SVG/Athar_Logo_Horizontal.svg wordmark),2026-09-30T01:19:35Z,PASS,,reversed,transparent,3,webp,v1.5.1 (carried),,,
dist/brand/lockups/athar-lockup-primary-en-reversed-on-transparent.svg,1 primary-lockups,primary-en,1227 x 338,1956,fd2722eeae77b49c951a7b682aae164f791b1d157c5c002c8bdbc0c821f811e4,svgo 4.1.0 (safe config),rendered-assets-v1.5.0/dist/brand/monogram/athar-monogram-light.svg (<- Athar_Package 02 Logo/SVG/Athar_Logo_Monogram.svg) | rendered-assets-v1.5.0/dist/brand/wordmark/athar-wordmark-light.svg (<- Athar_Package 02 Logo/SVG/Athar_Logo_Horizontal.svg wordmark),2026-09-30T01:19:58Z,PASS,,reversed,transparent,1,svg,v1.5.1 (carried),,,
dist/brand/lockups/athar-lockup-primary-en-reversed-on-transparent.pdf,1 primary-lockups,primary-en,1227 x 338,2008,2c197ddc2a3e5ad7ae6642c49cb5c5c11188135682d3d1547241d830031aa918,PyMuPDF 1.28.2 (MuPDF SVG->PDF),rendered-assets-v1.5.0/dist/brand/monogram/athar-monogram-light.svg (<- Athar_Package 02 Logo/SVG/Athar_Logo_Monogram.svg) | rendered-assets-v1.5.0/dist/brand/wordmark/athar-wordmark-light.svg (<- Athar_Package 02 Logo/SVG/Athar_Logo_Horizontal.svg wordmark),2026-09-30T01:19:58Z,PASS,,reversed,transparent,1,pdf,v1.5.1 (carried),,,
dist/brand/lockups/athar-lockup-primary-en-reversed-on-deep_ocean@1x.png,1 primary-lockups,primary-en,1227 x 338,9839,00865a3f7be2a1b207b56d1f1129947dd22ae206df00169da07ae3e421de65a4,resvg-js 2.6.2 (resvg 0.40.0) + sharp 0.34.3/libvips 8.17.1,rendered-assets-v1.5.0/dist/brand/monogram/athar-monogram-light.svg (<- Athar_Package 02 Logo/SVG/Athar_Logo_Monogram.svg) | rendered-assets-v1.5.0/dist/brand/wordmark/athar-wordmark-light.svg (<- Athar_Package 02 Logo/SVG/Athar_Logo_Horizontal.svg wordmark),2026-09-30T01:19:35Z,PASS,,reversed,deep_ocean,1,png,v1.5.1 (carried),,,
dist/brand/lockups/athar-lockup-primary-en-reversed-on-deep_ocean@1x.webp,1 primary-lockups,primary-en,1227 x 338,3746,beb84c8333b921a55064eb3326b7370f5366ce61ebdc8c5086a0aadff75b7adc,resvg-js 2.6.2 + sharp 0.34.3 (WebP),rendered-assets-v1.5.0/dist/brand/monogram/athar-monogram-light.svg (<- Athar_Package 02 Logo/SVG/Athar_Logo_Monogram.svg) | rendered-assets-v1.5.0/dist/brand/wordmark/athar-wordmark-light.svg (<- Athar_Package 02 Logo/SVG/Athar_Logo_Horizontal.svg wordmark),2026-09-30T01:19:35Z,PASS,,reversed,deep_ocean,1,webp,v1.5.1 (carried),,,
dist/brand/lockups/athar-lockup-primary-en-reversed-on-deep_ocean@2x.png,1 primary-lockups,primary-en,2454 x 676,22931,b5878870af1c42cbe14093ca934b24159ed736054e1fb055c5e9433cea5ed4b9,resvg-js 2.6.2 (resvg 0.40.0) + sharp 0.34.3/libvips 8.17.1,rendered-assets-v1.5.0/dist/brand/monogram/athar-monogram-light.svg (<- Athar_Package 02 Logo/SVG/Athar_Logo_Monogram.svg) | rendered-assets-v1.5.0/dist/brand/wordmark/athar-wordmark-light.svg (<- Athar_Package 02 Logo/SVG/Athar_Logo_Horizontal.svg wordmark),2026-09-30T01:19:35Z,PASS,,reversed,deep_ocean,2,png,v1.5.1 (carried),,,
dist/brand/lockups/athar-lockup-primary-en-reversed-on-deep_ocean@2x.webp,1 primary-lockups,primary-en,2454 x 676,7170,06e8746c24b1b1da1c99d716a26da8dc68c7a9ff49a055fe7141ecd5e4fe7ae1,resvg-js 2.6.2 + sharp 0.34.3 (WebP),rendered-assets-v1.5.0/dist/brand/monogram/athar-monogram-light.svg (<- Athar_Package 02 Logo/SVG/Athar_Logo_Monogram.svg) | rendered-assets-v1.5.0/dist/brand/wordmark/athar-wordmark-light.svg (<- Athar_Package 02 Logo/SVG/Athar_Logo_Horizontal.svg wordmark),2026-09-30T01:19:35Z,PASS,,reversed,deep_ocean,2,webp,v1.5.1 (carried),,,
dist/brand/lockups/athar-lockup-primary-en-reversed-on-deep_ocean@3x.png,1 primary-lockups,primary-en,3681 x 1014,39336,c5133f215f783280ab01a54211dcfcde4f48b9eb140623528db7770ecab045f6,resvg-js 2.6.2 (resvg 0.40.0) + sharp 0.34.3/libvips 8.17.1,rendered-assets-v1.5.0/dist/brand/monogram/athar-monogram-light.svg (<- Athar_Package 02 Logo/SVG/Athar_Logo_Monogram.svg) | rendered-assets-v1.5.0/dist/brand/wordmark/athar-wordmark-light.svg (<- Athar_Package 02 Logo/SVG/Athar_Logo_Horizontal.svg wordmark),2026-09-30T01:19:35Z,PASS,,reversed,deep_ocean,3,png,v1.5.1 (carried),,,
dist/brand/lockups/athar-lockup-primary-en-reversed-on-deep_ocean@3x.webp,1 primary-lockups,primary-en,3681 x 1014,10792,24f3efa475775ef24728ef1ded767643d8db587eb5803c736f23b48abcbf1a3f,resvg-js 2.6.2 + sharp 0.34.3 (WebP),rendered-assets-v1.5.0/dist/brand/monogram/athar-monogram-light.svg (<- Athar_Package 02 Logo/SVG/Athar_Logo_Monogram.svg) | rendered-assets-v1.5.0/dist/brand/wordmark/athar-wordmark-light.svg (<- Athar_Package 02 Logo/SVG/Athar_Logo_Horizontal.svg wordmark),2026-09-30T01:19:35Z,PASS,,reversed,deep_ocean,3,webp,v1.5.1 (carried),,,
dist/brand/lockups/athar-lockup-primary-en-reversed-on-deep_ocean.svg,1 primary-lockups,primary-en,1227 x 338,2033,2fcb93ece595b19ae119e5997de835fa38e021dc7648e5b339dee39673614056,svgo 4.1.0 (safe config),rendered-assets-v1.5.0/dist/brand/monogram/athar-monogram-light.svg (<- Athar_Package 02 Logo/SVG/Athar_Logo_Monogram.svg) | rendered-assets-v1.5.0/dist/brand/wordmark/athar-wordmark-light.svg (<- Athar_Package 02 Logo/SVG/Athar_Logo_Horizontal.svg wordmark),2026-09-30T01:19:59Z,PASS,,reversed,deep_ocean,1,svg,v1.5.1 (carried),,,
dist/brand/lockups/athar-lockup-primary-en-reversed-on-deep_ocean.pdf,1 primary-lockups,primary-en,1227 x 338,2064,9775b4fbe33f04de27c35479f7058b80495af952f475e1aada1b103d0e1b39fc,PyMuPDF 1.28.2 (MuPDF SVG->PDF),rendered-assets-v1.5.0/dist/brand/monogram/athar-monogram-light.svg (<- Athar_Package 02 Logo/SVG/Athar_Logo_Monogram.svg) | rendered-assets-v1.5.0/dist/brand/wordmark/athar-wordmark-light.svg (<- Athar_Package 02 Logo/SVG/Athar_Logo_Horizontal.svg wordmark),2026-09-30T01:19:59Z,PASS,,reversed,deep_ocean,1,pdf,v1.5.1 (carried),,,
dist/brand/lockups/athar-lockup-primary-en-mono-black-on-transparent@1x.png,1 primary-lockups,primary-en,1227 x 338,7348,06c0f3fcd1374a2dbb6c6a225725c907b36a1f46856717c5758a24c0df14aa1f,resvg-js 2.6.2 (resvg 0.40.0) + sharp 0.34.3/libvips 8.17.1,rendered-assets-v1.5.0/dist/brand/monogram/athar-monogram-light.svg (<- Athar_Package 02 Logo/SVG/Athar_Logo_Monogram.svg) | rendered-assets-v1.5.0/dist/brand/wordmark/athar-wordmark-light.svg (<- Athar_Package 02 Logo/SVG/Athar_Logo_Horizontal.svg wordmark),2026-09-30T01:19:35Z,PASS,,mono-black,transparent,1,png,v1.5.1 (carried),,,
dist/brand/lockups/athar-lockup-primary-en-mono-black-on-transparent@1x.webp,1 primary-lockups,primary-en,1227 x 338,3748,9ce53ac5937bc9f751bfba8e91e7e0c4e6647059f45cdfe06360b8ca83dde264,resvg-js 2.6.2 + sharp 0.34.3 (WebP),rendered-assets-v1.5.0/dist/brand/monogram/athar-monogram-light.svg (<- Athar_Package 02 Logo/SVG/Athar_Logo_Monogram.svg) | rendered-assets-v1.5.0/dist/brand/wordmark/athar-wordmark-light.svg (<- Athar_Package 02 Logo/SVG/Athar_Logo_Horizontal.svg wordmark),2026-09-30T01:19:36Z,PASS,,mono-black,transparent,1,webp,v1.5.1 (carried),,,
dist/brand/lockups/athar-lockup-primary-en-mono-black-on-transparent@2x.png,1 primary-lockups,primary-en,2454 x 676,17727,602817aa7baddad4d91bbaef273dd9e2a8af1c2cbf8e8606bc4f6d4ce9b07f37,resvg-js 2.6.2 (resvg 0.40.0) + sharp 0.34.3/libvips 8.17.1,rendered-assets-v1.5.0/dist/brand/monogram/athar-monogram-light.svg (<- Athar_Package 02 Logo/SVG/Athar_Logo_Monogram.svg) | rendered-assets-v1.5.0/dist/brand/wordmark/athar-wordmark-light.svg (<- Athar_Package 02 Logo/SVG/Athar_Logo_Horizontal.svg wordmark),2026-09-30T01:19:36Z,PASS,,mono-black,transparent,2,png,v1.5.1 (carried),,,
dist/brand/lockups/athar-lockup-primary-en-mono-black-on-transparent@2x.webp,1 primary-lockups,primary-en,2454 x 676,7214,3b308c251becd35fdd3c6636ab22c19a643a6fd9cb3e16287c62f960b09a920b,resvg-js 2.6.2 + sharp 0.34.3 (WebP),rendered-assets-v1.5.0/dist/brand/monogram/athar-monogram-light.svg (<- Athar_Package 02 Logo/SVG/Athar_Logo_Monogram.svg) | rendered-assets-v1.5.0/dist/brand/wordmark/athar-wordmark-light.svg (<- Athar_Package 02 Logo/SVG/Athar_Logo_Horizontal.svg wordmark),2026-09-30T01:19:36Z,PASS,,mono-black,transparent,2,webp,v1.5.1 (carried),,,
dist/brand/lockups/athar-lockup-primary-en-mono-black-on-transparent@3x.png,1 primary-lockups,primary-en,3681 x 1014,31194,5dfc8a4cb0ca30101308a40e0e503c702e6deb47211ec4e452d66f769eec8448,resvg-js 2.6.2 (resvg 0.40.0) + sharp 0.34.3/libvips 8.17.1,rendered-assets-v1.5.0/dist/brand/monogram/athar-monogram-light.svg (<- Athar_Package 02 Logo/SVG/Athar_Logo_Monogram.svg) | rendered-assets-v1.5.0/dist/brand/wordmark/athar-wordmark-light.svg (<- Athar_Package 02 Logo/SVG/Athar_Logo_Horizontal.svg wordmark),2026-09-30T01:19:36Z,PASS,,mono-black,transparent,3,png,v1.5.1 (carried),,,
dist/brand/lockups/athar-lockup-primary-en-mono-black-on-transparent@3x.webp,1 primary-lockups,primary-en,3681 x 1014,10872,4163dc8380178e293ff2d22e787b09591cae47b7e1d134221235aa8bc888bce0,resvg-js 2.6.2 + sharp 0.34.3 (WebP),rendered-assets-v1.5.0/dist/brand/monogram/athar-monogram-light.svg (<- Athar_Package 02 Logo/SVG/Athar_Logo_Monogram.svg) | rendered-assets-v1.5.0/dist/brand/wordmark/athar-wordmark-light.svg (<- Athar_Package 02 Logo/SVG/Athar_Logo_Horizontal.svg wordmark),2026-09-30T01:19:36Z,PASS,,mono-black,transparent,3,webp,v1.5.1 (carried),,,
dist/brand/lockups/athar-lockup-primary-en-mono-black-on-transparent.svg,1 primary-lockups,primary-en,1227 x 338,1943,a9d206aaf2d2cabce1930a1687f04eaa32c1f9294f7a600fe4950495a2011d3f,svgo 4.1.0 (safe config),rendered-assets-v1.5.0/dist/brand/monogram/athar-monogram-light.svg (<- Athar_Package 02 Logo/SVG/Athar_Logo_Monogram.svg) | rendered-assets-v1.5.0/dist/brand/wordmark/athar-wordmark-light.svg (<- Athar_Package 02 Logo/SVG/Athar_Logo_Horizontal.svg wordmark),2026-09-30T01:19:59Z,PASS,,mono-black,transparent,1,svg,v1.5.1 (carried),,,
dist/brand/lockups/athar-lockup-primary-en-mono-black-on-transparent.pdf,1 primary-lockups,primary-en,1227 x 338,1994,c9f29078592264a320ea5f8a027d90f78d10c13d464524fa047565bf25b2e7d7,PyMuPDF 1.28.2 (MuPDF SVG->PDF),rendered-assets-v1.5.0/dist/brand/monogram/athar-monogram-light.svg (<- Athar_Package 02 Logo/SVG/Athar_Logo_Monogram.svg) | rendered-assets-v1.5.0/dist/brand/wordmark/athar-wordmark-light.svg (<- Athar_Package 02 Logo/SVG/Athar_Logo_Horizontal.svg wordmark),2026-09-30T01:19:59Z,PASS,,mono-black,transparent,1,pdf,v1.5.1 (carried),,,
dist/brand/lockups/athar-lockup-primary-en-mono-black-on-ivory@1x.png,1 primary-lockups,primary-en,1227 x 338,9775,88e9fb4f01099e013322c5d208404e5cae7f871ea35f3b8def16e12c4833afb9,resvg-js 2.6.2 (resvg 0.40.0) + sharp 0.34.3/libvips 8.17.1,rendered-assets-v1.5.0/dist/brand/monogram/athar-monogram-light.svg (<- Athar_Package 02 Logo/SVG/Athar_Logo_Monogram.svg) | rendered-assets-v1.5.0/dist/brand/wordmark/athar-wordmark-light.svg (<- Athar_Package 02 Logo/SVG/Athar_Logo_Horizontal.svg wordmark),2026-09-30T01:19:36Z,PASS,,mono-black,ivory,1,png,v1.5.1 (carried),,,
dist/brand/lockups/athar-lockup-primary-en-mono-black-on-ivory@1x.webp,1 primary-lockups,primary-en,1227 x 338,3772,ded6188bb1cf7cba251d80e97039495ff2e592ac228e74864fb1f5efb9c7f253,resvg-js 2.6.2 + sharp 0.34.3 (WebP),rendered-assets-v1.5.0/dist/brand/monogram/athar-monogram-light.svg (<- Athar_Package 02 Logo/SVG/Athar_Logo_Monogram.svg) | rendered-assets-v1.5.0/dist/brand/wordmark/athar-wordmark-light.svg (<- Athar_Package 02 Logo/SVG/Athar_Logo_Horizontal.svg wordmark),2026-09-30T01:19:36Z,PASS,,mono-black,ivory,1,webp,v1.5.1 (carried),,,
dist/brand/lockups/athar-lockup-primary-en-mono-black-on-ivory@2x.png,1 primary-lockups,primary-en,2454 x 676,22876,0810fd9f2aa65252fae2afefd287ff7c430e4270927207033de477a2eab8bfdd,resvg-js 2.6.2 (resvg 0.40.0) + sharp 0.34.3/libvips 8.17.1,rendered-assets-v1.5.0/dist/brand/monogram/athar-monogram-light.svg (<- Athar_Package 02 Logo/SVG/Athar_Logo_Monogram.svg) | rendered-assets-v1.5.0/dist/brand/wordmark/athar-wordmark-light.svg (<- Athar_Package 02 Logo/SVG/Athar_Logo_Horizontal.svg wordmark),2026-09-30T01:19:36Z,PASS,,mono-black,ivory,2,png,v1.5.1 (carried),,,
dist/brand/lockups/athar-lockup-primary-en-mono-black-on-ivory@2x.webp,1 primary-lockups,primary-en,2454 x 676,7236,f0cacb35c25f5f5b4bbe5cb5de62441fae9aa6cebfad517145543c4a7caac46a,resvg-js 2.6.2 + sharp 0.34.3 (WebP),rendered-assets-v1.5.0/dist/brand/monogram/athar-monogram-light.svg (<- Athar_Package 02 Logo/SVG/Athar_Logo_Monogram.svg) | rendered-assets-v1.5.0/dist/brand/wordmark/athar-wordmark-light.svg (<- Athar_Package 02 Logo/SVG/Athar_Logo_Horizontal.svg wordmark),2026-09-30T01:19:37Z,PASS,,mono-black,ivory,2,webp,v1.5.1 (carried),,,
dist/brand/lockups/athar-lockup-primary-en-mono-black-on-ivory@3x.png,1 primary-lockups,primary-en,3681 x 1014,39094,30f4f6c8f765ae73251c7bf83548c8897184305c292477c1ee01e7f054ccc5e5,resvg-js 2.6.2 (resvg 0.40.0) + sharp 0.34.3/libvips 8.17.1,rendered-assets-v1.5.0/dist/brand/monogram/athar-monogram-light.svg (<- Athar_Package 02 Logo/SVG/Athar_Logo_Monogram.svg) | rendered-assets-v1.5.0/dist/brand/wordmark/athar-wordmark-light.svg (<- Athar_Package 02 Logo/SVG/Athar_Logo_Horizontal.svg wordmark),2026-09-30T01:19:37Z,PASS,,mono-black,ivory,3,png,v1.5.1 (carried),,,
dist/brand/lockups/athar-lockup-primary-en-mono-black-on-ivory@3x.webp,1 primary-lockups,primary-en,3681 x 1014,10898,0bb99adcdef5bafeabb8faefe31ab150efc208495ea50e46220ff104426e33ff,resvg-js 2.6.2 + sharp 0.34.3 (WebP),rendered-assets-v1.5.0/dist/brand/monogram/athar-monogram-light.svg (<- Athar_Package 02 Logo/SVG/Athar_Logo_Monogram.svg) | rendered-assets-v1.5.0/dist/brand/wordmark/athar-wordmark-light.svg (<- Athar_Package 02 Logo/SVG/Athar_Logo_Horizontal.svg wordmark),2026-09-30T01:19:37Z,PASS,,mono-black,ivory,3,webp,v1.5.1 (carried),,,
dist/brand/lockups/athar-lockup-primary-en-mono-black-on-ivory.svg,1 primary-lockups,primary-en,1227 x 338,2015,276231cd0f1c4109ce09877b1a59778473751a8b242a560a16911759595f242d,svgo 4.1.0 (safe config),rendered-assets-v1.5.0/dist/brand/monogram/athar-monogram-light.svg (<- Athar_Package 02 Logo/SVG/Athar_Logo_Monogram.svg) | rendered-assets-v1.5.0/dist/brand/wordmark/athar-wordmark-light.svg (<- Athar_Package 02 Logo/SVG/Athar_Logo_Horizontal.svg wordmark),2026-09-30T01:19:59Z,PASS,,mono-black,ivory,1,svg,v1.5.1 (carried),,,
dist/brand/lockups/athar-lockup-primary-en-mono-black-on-ivory.pdf,1 primary-lockups,primary-en,1227 x 338,2045,b21fed6b4a0c1683a4868b13c5e23bf427a04f0aef65ca8acbb51be3ec7e02f9,PyMuPDF 1.28.2 (MuPDF SVG->PDF),rendered-assets-v1.5.0/dist/brand/monogram/athar-monogram-light.svg (<- Athar_Package 02 Logo/SVG/Athar_Logo_Monogram.svg) | rendered-assets-v1.5.0/dist/brand/wordmark/athar-wordmark-light.svg (<- Athar_Package 02 Logo/SVG/Athar_Logo_Horizontal.svg wordmark),2026-09-30T01:19:59Z,PASS,,mono-black,ivory,1,pdf,v1.5.1 (carried),,,
dist/brand/lockups/athar-lockup-primary-en-mono-black-on-sand@1x.png,1 primary-lockups,primary-en,1227 x 338,9808,4b245d5f6b620409daffd4abebf05972f8a5e49620a7d130ca53982e3152b97a,resvg-js 2.6.2 (resvg 0.40.0) + sharp 0.34.3/libvips 8.17.1,rendered-assets-v1.5.0/dist/brand/monogram/athar-monogram-light.svg (<- Athar_Package 02 Logo/SVG/Athar_Logo_Monogram.svg) | rendered-assets-v1.5.0/dist/brand/wordmark/athar-wordmark-light.svg (<- Athar_Package 02 Logo/SVG/Athar_Logo_Horizontal.svg wordmark),2026-09-30T01:19:37Z,PASS,,mono-black,sand,1,png,v1.5.1 (carried),,,
dist/brand/lockups/athar-lockup-primary-en-mono-black-on-sand@1x.webp,1 primary-lockups,primary-en,1227 x 338,3768,5e81005097b3d0a1b8228f9e48f2de6ad35a29fb9f63e5a5f70e953c0c3103d0,resvg-js 2.6.2 + sharp 0.34.3 (WebP),rendered-assets-v1.5.0/dist/brand/monogram/athar-monogram-light.svg (<- Athar_Package 02 Logo/SVG/Athar_Logo_Monogram.svg) | rendered-assets-v1.5.0/dist/brand/wordmark/athar-wordmark-light.svg (<- Athar_Package 02 Logo/SVG/Athar_Logo_Horizontal.svg wordmark),2026-09-30T01:19:37Z,PASS,,mono-black,sand,1,webp,v1.5.1 (carried),,,
dist/brand/lockups/athar-lockup-primary-en-mono-black-on-sand@2x.png,1 primary-lockups,primary-en,2454 x 676,23019,3ba85c8e4dcf1eb72fab6f7636c276055e9130318315becbb4f1dc1a0c7c0947,resvg-js 2.6.2 (resvg 0.40.0) + sharp 0.34.3/libvips 8.17.1,rendered-assets-v1.5.0/dist/brand/monogram/athar-monogram-light.svg (<- Athar_Package 02 Logo/SVG/Athar_Logo_Monogram.svg) | rendered-assets-v1.5.0/dist/brand/wordmark/athar-wordmark-light.svg (<- Athar_Package 02 Logo/SVG/Athar_Logo_Horizontal.svg wordmark),2026-09-30T01:19:37Z,PASS,,mono-black,sand,2,png,v1.5.1 (carried),,,
dist/brand/lockups/athar-lockup-primary-en-mono-black-on-sand@2x.webp,1 primary-lockups,primary-en,2454 x 676,7232,ac922f7c3ae340436f3b06e153948ebd3e8123a6ce76ae57d8982747e7041556,resvg-js 2.6.2 + sharp 0.34.3 (WebP),rendered-assets-v1.5.0/dist/brand/monogram/athar-monogram-light.svg (<- Athar_Package 02 Logo/SVG/Athar_Logo_Monogram.svg) | rendered-assets-v1.5.0/dist/brand/wordmark/athar-wordmark-light.svg (<- Athar_Package 02 Logo/SVG/Athar_Logo_Horizontal.svg wordmark),2026-09-30T01:19:37Z,PASS,,mono-black,sand,2,webp,v1.5.1 (carried),,,
dist/brand/lockups/athar-lockup-primary-en-mono-black-on-sand@3x.png,1 primary-lockups,primary-en,3681 x 1014,39448,410aa1eca702ba1b4d3712badc59fb5155cbc24e9a0d2fe2aa6cf6c52e9234ad,resvg-js 2.6.2 (resvg 0.40.0) + sharp 0.34.3/libvips 8.17.1,rendered-assets-v1.5.0/dist/brand/monogram/athar-monogram-light.svg (<- Athar_Package 02 Logo/SVG/Athar_Logo_Monogram.svg) | rendered-assets-v1.5.0/dist/brand/wordmark/athar-wordmark-light.svg (<- Athar_Package 02 Logo/SVG/Athar_Logo_Horizontal.svg wordmark),2026-09-30T01:19:38Z,PASS,,mono-black,sand,3,png,v1.5.1 (carried),,,
dist/brand/lockups/athar-lockup-primary-en-mono-black-on-sand@3x.webp,1 primary-lockups,primary-en,3681 x 1014,10894,72cd394a83818fc19224fd2d841bd666d465c9d56b23de95c440b7bf91fa3307,resvg-js 2.6.2 + sharp 0.34.3 (WebP),rendered-assets-v1.5.0/dist/brand/monogram/athar-monogram-light.svg (<- Athar_Package 02 Logo/SVG/Athar_Logo_Monogram.svg) | rendered-assets-v1.5.0/dist/brand/wordmark/athar-wordmark-light.svg (<- Athar_Package 02 Logo/SVG/Athar_Logo_Horizontal.svg wordmark),2026-09-30T01:19:38Z,PASS,,mono-black,sand,3,webp,v1.5.1 (carried),,,
dist/brand/lockups/athar-lockup-primary-en-mono-black-on-sand.svg,1 primary-lockups,primary-en,1227 x 338,2014,14072f30cdc8c65d13ed2ec599df3e497b0eb3506e4d54ca30a44827f8a7c4e3,svgo 4.1.0 (safe config),rendered-assets-v1.5.0/dist/brand/monogram/athar-monogram-light.svg (<- Athar_Package 02 Logo/SVG/Athar_Logo_Monogram.svg) | rendered-assets-v1.5.0/dist/brand/wordmark/athar-wordmark-light.svg (<- Athar_Package 02 Logo/SVG/Athar_Logo_Horizontal.svg wordmark),2026-09-30T01:19:59Z,PASS,,mono-black,sand,1,svg,v1.5.1 (carried),,,
dist/brand/lockups/athar-lockup-primary-en-mono-black-on-sand.pdf,1 primary-lockups,primary-en,1227 x 338,2046,11373f6c46adbfaa8bb06edc4bdb60797fb47449268b230c3f35e165f01cc156,PyMuPDF 1.28.2 (MuPDF SVG->PDF),rendered-assets-v1.5.0/dist/brand/monogram/athar-monogram-light.svg (<- Athar_Package 02 Logo/SVG/Athar_Logo_Monogram.svg) | rendered-assets-v1.5.0/dist/brand/wordmark/athar-wordmark-light.svg (<- Athar_Package 02 Logo/SVG/Athar_Logo_Horizontal.svg wordmark),2026-09-30T01:19:59Z,PASS,,mono-black,sand,1,pdf,v1.5.1 (carried),,,
dist/brand/lockups/athar-lockup-primary-en-mono-white-on-transparent@1x.png,1 primary-lockups,primary-en,1227 x 338,7760,31d917ea5e321bc7c0d6a35e65a42e849729bc9548839a616d7f0da15a043806,resvg-js 2.6.2 (resvg 0.40.0) + sharp 0.34.3/libvips 8.17.1,rendered-assets-v1.5.0/dist/brand/monogram/athar-monogram-light.svg (<- Athar_Package 02 Logo/SVG/Athar_Logo_Monogram.svg) | rendered-assets-v1.5.0/dist/brand/wordmark/athar-wordmark-light.svg (<- Athar_Package 02 Logo/SVG/Athar_Logo_Horizontal.svg wordmark),2026-09-30T01:19:38Z,PASS,,mono-white,transparent,1,png,v1.5.1 (carried),,,
dist/brand/lockups/athar-lockup-primary-en-mono-white-on-transparent@1x.webp,1 primary-lockups,primary-en,1227 x 338,3754,9d9c26811c998381e763a65686b871216125664d58345278b88d54f6470ccea4,resvg-js 2.6.2 + sharp 0.34.3 (WebP),rendered-assets-v1.5.0/dist/brand/monogram/athar-monogram-light.svg (<- Athar_Package 02 Logo/SVG/Athar_Logo_Monogram.svg) | rendered-assets-v1.5.0/dist/brand/wordmark/athar-wordmark-light.svg (<- Athar_Package 02 Logo/SVG/Athar_Logo_Horizontal.svg wordmark),2026-09-30T01:19:38Z,PASS,,mono-white,transparent,1,webp,v1.5.1 (carried),,,
dist/brand/lockups/athar-lockup-primary-en-mono-white-on-transparent@2x.png,1 primary-lockups,primary-en,2454 x 676,18535,5e4876dbf78b6eb7a222ca92def6567a829490ab20cfadb282d069b4cc116350,resvg-js 2.6.2 (resvg 0.40.0) + sharp 0.34.3/libvips 8.17.1,rendered-assets-v1.5.0/dist/brand/monogram/athar-monogram-light.svg (<- Athar_Package 02 Logo/SVG/Athar_Logo_Monogram.svg) | rendered-assets-v1.5.0/dist/brand/wordmark/athar-wordmark-light.svg (<- Athar_Package 02 Logo/SVG/Athar_Logo_Horizontal.svg wordmark),2026-09-30T01:19:38Z,PASS,,mono-white,transparent,2,png,v1.5.1 (carried),,,
dist/brand/lockups/athar-lockup-primary-en-mono-white-on-transparent@2x.webp,1 primary-lockups,primary-en,2454 x 676,7220,a1ecf2117128e902f1f7cac0212e48fed121c3c7ac8c6d91c1ef863963c1a646,resvg-js 2.6.2 + sharp 0.34.3 (WebP),rendered-assets-v1.5.0/dist/brand/monogram/athar-monogram-light.svg (<- Athar_Package 02 Logo/SVG/Athar_Logo_Monogram.svg) | rendered-assets-v1.5.0/dist/brand/wordmark/athar-wordmark-light.svg (<- Athar_Package 02 Logo/SVG/Athar_Logo_Horizontal.svg wordmark),2026-09-30T01:19:38Z,PASS,,mono-white,transparent,2,webp,v1.5.1 (carried),,,
dist/brand/lockups/athar-lockup-primary-en-mono-white-on-transparent@3x.png,1 primary-lockups,primary-en,3681 x 1014,32323,e05407981e6e5b2318c1f7f08fbacdded484b9aa54f03717b53620b712f9f001,resvg-js 2.6.2 (resvg 0.40.0) + sharp 0.34.3/libvips 8.17.1,rendered-assets-v1.5.0/dist/brand/monogram/athar-monogram-light.svg (<- Athar_Package 02 Logo/SVG/Athar_Logo_Monogram.svg) | rendered-assets-v1.5.0/dist/brand/wordmark/athar-wordmark-light.svg (<- Athar_Package 02 Logo/SVG/Athar_Logo_Horizontal.svg wordmark),2026-09-30T01:19:38Z,PASS,,mono-white,transparent,3,png,v1.5.1 (carried),,,
dist/brand/lockups/athar-lockup-primary-en-mono-white-on-transparent@3x.webp,1 primary-lockups,primary-en,3681 x 1014,10878,30117e01fb9d526dc31c6b3bf250fb15e3388cc746eaf9bdc102be0c12b20563,resvg-js 2.6.2 + sharp 0.34.3 (WebP),rendered-assets-v1.5.0/dist/brand/monogram/athar-monogram-light.svg (<- Athar_Package 02 Logo/SVG/Athar_Logo_Monogram.svg) | rendered-assets-v1.5.0/dist/brand/wordmark/athar-wordmark-light.svg (<- Athar_Package 02 Logo/SVG/Athar_Logo_Horizontal.svg wordmark),2026-09-30T01:19:39Z,PASS,,mono-white,transparent,3,webp,v1.5.1 (carried),,,
dist/brand/lockups/athar-lockup-primary-en-mono-white-on-transparent.svg,1 primary-lockups,primary-en,1227 x 338,1955,9f954b4683adb14d0a813941836496a98e8cf02accd3d8a9ea72aead2867d282,svgo 4.1.0 (safe config),rendered-assets-v1.5.0/dist/brand/monogram/athar-monogram-light.svg (<- Athar_Package 02 Logo/SVG/Athar_Logo_Monogram.svg) | rendered-assets-v1.5.0/dist/brand/wordmark/athar-wordmark-light.svg (<- Athar_Package 02 Logo/SVG/Athar_Logo_Horizontal.svg wordmark),2026-09-30T01:20:00Z,PASS,,mono-white,transparent,1,svg,v1.5.1 (carried),,,
dist/brand/lockups/athar-lockup-primary-en-mono-white-on-transparent.pdf,1 primary-lockups,primary-en,1227 x 338,1993,0fb51a0809164386db5b22fdd223b41d7c1eacda722d50fa5fc86ec21a86fca1,PyMuPDF 1.28.2 (MuPDF SVG->PDF),rendered-assets-v1.5.0/dist/brand/monogram/athar-monogram-light.svg (<- Athar_Package 02 Logo/SVG/Athar_Logo_Monogram.svg) | rendered-assets-v1.5.0/dist/brand/wordmark/athar-wordmark-light.svg (<- Athar_Package 02 Logo/SVG/Athar_Logo_Horizontal.svg wordmark),2026-09-30T01:20:00Z,PASS,,mono-white,transparent,1,pdf,v1.5.1 (carried),,,
dist/brand/lockups/athar-lockup-primary-en-mono-white-on-deep_ocean@1x.png,1 primary-lockups,primary-en,1227 x 338,10032,dc753e14b42a23a22f0aa4718ba3cc6c8147955e576264ee1b96ef050c20e0af,resvg-js 2.6.2 (resvg 0.40.0) + sharp 0.34.3/libvips 8.17.1,rendered-assets-v1.5.0/dist/brand/monogram/athar-monogram-light.svg (<- Athar_Package 02 Logo/SVG/Athar_Logo_Monogram.svg) | rendered-assets-v1.5.0/dist/brand/wordmark/athar-wordmark-light.svg (<- Athar_Package 02 Logo/SVG/Athar_Logo_Horizontal.svg wordmark),2026-09-30T01:19:39Z,PASS,,mono-white,deep_ocean,1,png,v1.5.1 (carried),,,
dist/brand/lockups/athar-lockup-primary-en-mono-white-on-deep_ocean@1x.webp,1 primary-lockups,primary-en,1227 x 338,3778,12d734ae5d4d5828c97465c69f8cf69b77cc69f9baced1e6d5a8a15d04e3aba9,resvg-js 2.6.2 + sharp 0.34.3 (WebP),rendered-assets-v1.5.0/dist/brand/monogram/athar-monogram-light.svg (<- Athar_Package 02 Logo/SVG/Athar_Logo_Monogram.svg) | rendered-assets-v1.5.0/dist/brand/wordmark/athar-wordmark-light.svg (<- Athar_Package 02 Logo/SVG/Athar_Logo_Horizontal.svg wordmark),2026-09-30T01:19:39Z,PASS,,mono-white,deep_ocean,1,webp,v1.5.1 (carried),,,
dist/brand/lockups/athar-lockup-primary-en-mono-white-on-deep_ocean@2x.png,1 primary-lockups,primary-en,2454 x 676,23190,d24a4f46620d5273d9fe8276f5c069227af91088be0898d24e39191388441c04,resvg-js 2.6.2 (resvg 0.40.0) + sharp 0.34.3/libvips 8.17.1,rendered-assets-v1.5.0/dist/brand/monogram/athar-monogram-light.svg (<- Athar_Package 02 Logo/SVG/Athar_Logo_Monogram.svg) | rendered-assets-v1.5.0/dist/brand/wordmark/athar-wordmark-light.svg (<- Athar_Package 02 Logo/SVG/Athar_Logo_Horizontal.svg wordmark),2026-09-30T01:19:39Z,PASS,,mono-white,deep_ocean,2,png,v1.5.1 (carried),,,
dist/brand/lockups/athar-lockup-primary-en-mono-white-on-deep_ocean@2x.webp,1 primary-lockups,primary-en,2454 x 676,7244,2b0c007c0793c4f90be68cacd45cb0a407b0ac4a915d2023b3fbcae6c6faffee,resvg-js 2.6.2 + sharp 0.34.3 (WebP),rendered-assets-v1.5.0/dist/brand/monogram/athar-monogram-light.svg (<- Athar_Package 02 Logo/SVG/Athar_Logo_Monogram.svg) | rendered-assets-v1.5.0/dist/brand/wordmark/athar-wordmark-light.svg (<- Athar_Package 02 Logo/SVG/Athar_Logo_Horizontal.svg wordmark),2026-09-30T01:19:39Z,PASS,,mono-white,deep_ocean,2,webp,v1.5.1 (carried),,,
dist/brand/lockups/athar-lockup-primary-en-mono-white-on-deep_ocean@3x.png,1 primary-lockups,primary-en,3681 x 1014,39661,e5bbebd3b17190ee172c0edb25e25b5a4e2626cb46cdbae2f44075c12ee70054,resvg-js 2.6.2 (resvg 0.40.0) + sharp 0.34.3/libvips 8.17.1,rendered-assets-v1.5.0/dist/brand/monogram/athar-monogram-light.svg (<- Athar_Package 02 Logo/SVG/Athar_Logo_Monogram.svg) | rendered-assets-v1.5.0/dist/brand/wordmark/athar-wordmark-light.svg (<- Athar_Package 02 Logo/SVG/Athar_Logo_Horizontal.svg wordmark),2026-09-30T01:19:39Z,PASS,,mono-white,deep_ocean,3,png,v1.5.1 (carried),,,
dist/brand/lockups/athar-lockup-primary-en-mono-white-on-deep_ocean@3x.webp,1 primary-lockups,primary-en,3681 x 1014,10902,cc6de4401b24bc7e6f5ac74ae73ebaee8abd3e13afc5f75506a54cd9de59f590,resvg-js 2.6.2 + sharp 0.34.3 (WebP),rendered-assets-v1.5.0/dist/brand/monogram/athar-monogram-light.svg (<- Athar_Package 02 Logo/SVG/Athar_Logo_Monogram.svg) | rendered-assets-v1.5.0/dist/brand/wordmark/athar-wordmark-light.svg (<- Athar_Package 02 Logo/SVG/Athar_Logo_Horizontal.svg wordmark),2026-09-30T01:19:39Z,PASS,,mono-white,deep_ocean,3,webp,v1.5.1 (carried),,,
dist/brand/lockups/athar-lockup-primary-en-mono-white-on-deep_ocean.svg,1 primary-lockups,primary-en,1227 x 338,2032,109b0eb9063d2e26c0633a83d69b21ab57455814ae4aac743c26bf0ccaa51420,svgo 4.1.0 (safe config),rendered-assets-v1.5.0/dist/brand/monogram/athar-monogram-light.svg (<- Athar_Package 02 Logo/SVG/Athar_Logo_Monogram.svg) | rendered-assets-v1.5.0/dist/brand/wordmark/athar-wordmark-light.svg (<- Athar_Package 02 Logo/SVG/Athar_Logo_Horizontal.svg wordmark),2026-09-30T01:20:00Z,PASS,,mono-white,deep_ocean,1,svg,v1.5.1 (carried),,,
dist/brand/lockups/athar-lockup-primary-en-mono-white-on-deep_ocean.pdf,1 primary-lockups,primary-en,1227 x 338,2053,d09dc996a95add98904eb7dbc1310791fffb575bc859e70257a390204e528a8c,PyMuPDF 1.28.2 (MuPDF SVG->PDF),rendered-assets-v1.5.0/dist/brand/monogram/athar-monogram-light.svg (<- Athar_Package 02 Logo/SVG/Athar_Logo_Monogram.svg) | rendered-assets-v1.5.0/dist/brand/wordmark/athar-wordmark-light.svg (<- Athar_Package 02 Logo/SVG/Athar_Logo_Horizontal.svg wordmark),2026-09-30T01:20:00Z,PASS,,mono-white,deep_ocean,1,pdf,v1.5.1 (carried),,,
dist/brand/lockups/athar-lockup-primary-en-mono-white-on-emerald@1x.png,1 primary-lockups,primary-en,1227 x 338,9558,4735443a7239aaf15180a473b83e234dfe19ebf98e4063ced6192dca470105bf,resvg-js 2.6.2 (resvg 0.40.0) + sharp 0.34.3/libvips 8.17.1,rendered-assets-v1.5.0/dist/brand/monogram/athar-monogram-light.svg (<- Athar_Package 02 Logo/SVG/Athar_Logo_Monogram.svg) | rendered-assets-v1.5.0/dist/brand/wordmark/athar-wordmark-light.svg (<- Athar_Package 02 Logo/SVG/Athar_Logo_Horizontal.svg wordmark),2026-09-30T01:19:39Z,PASS,,mono-white,emerald,1,png,v1.5.1 (carried),,,
dist/brand/lockups/athar-lockup-primary-en-mono-white-on-emerald@1x.webp,1 primary-lockups,primary-en,1227 x 338,3772,32acdb82c73102998a324d4fc8dd510d359dfd47dde5ed84b68735e59cef82b0,resvg-js 2.6.2 + sharp 0.34.3 (WebP),rendered-assets-v1.5.0/dist/brand/monogram/athar-monogram-light.svg (<- Athar_Package 02 Logo/SVG/Athar_Logo_Monogram.svg) | rendered-assets-v1.5.0/dist/brand/wordmark/athar-wordmark-light.svg (<- Athar_Package 02 Logo/SVG/Athar_Logo_Horizontal.svg wordmark),2026-09-30T01:19:39Z,PASS,,mono-white,emerald,1,webp,v1.5.1 (carried),,,
dist/brand/lockups/athar-lockup-primary-en-mono-white-on-emerald@2x.png,1 primary-lockups,primary-en,2454 x 676,22520,a8600b21f2e0bded4dd39b1281d4989e901f36e147420b5e0a2f226a169bb58c,resvg-js 2.6.2 (resvg 0.40.0) + sharp 0.34.3/libvips 8.17.1,rendered-assets-v1.5.0/dist/brand/monogram/athar-monogram-light.svg (<- Athar_Package 02 Logo/SVG/Athar_Logo_Monogram.svg) | rendered-assets-v1.5.0/dist/brand/wordmark/athar-wordmark-light.svg (<- Athar_Package 02 Logo/SVG/Athar_Logo_Horizontal.svg wordmark),2026-09-30T01:19:40Z,PASS,,mono-white,emerald,2,png,v1.5.1 (carried),,,
dist/brand/lockups/athar-lockup-primary-en-mono-white-on-emerald@2x.webp,1 primary-lockups,primary-en,2454 x 676,7230,bf3238ec8c8caa378dfda0ecf29297a87788e846d1776ba0405ad02cfbbc857c,resvg-js 2.6.2 + sharp 0.34.3 (WebP),rendered-assets-v1.5.0/dist/brand/monogram/athar-monogram-light.svg (<- Athar_Package 02 Logo/SVG/Athar_Logo_Monogram.svg) | rendered-assets-v1.5.0/dist/brand/wordmark/athar-wordmark-light.svg (<- Athar_Package 02 Logo/SVG/Athar_Logo_Horizontal.svg wordmark),2026-09-30T01:19:40Z,PASS,,mono-white,emerald,2,webp,v1.5.1 (carried),,,
dist/brand/lockups/athar-lockup-primary-en-mono-white-on-emerald@3x.png,1 primary-lockups,primary-en,3681 x 1014,38599,26057b6e5678e1483804093c291e6c373a705b181410a9cc2ba873bd18d7a7f5,resvg-js 2.6.2 (resvg 0.40.0) + sharp 0.34.3/libvips 8.17.1,rendered-assets-v1.5.0/dist/brand/monogram/athar-monogram-light.svg (<- Athar_Package 02 Logo/SVG/Athar_Logo_Monogram.svg) | rendered-assets-v1.5.0/dist/brand/wordmark/athar-wordmark-light.svg (<- Athar_Package 02 Logo/SVG/Athar_Logo_Horizontal.svg wordmark),2026-09-30T01:19:40Z,PASS,,mono-white,emerald,3,png,v1.5.1 (carried),,,
dist/brand/lockups/athar-lockup-primary-en-mono-white-on-emerald@3x.webp,1 primary-lockups,primary-en,3681 x 1014,10884,917f5a33e46149ddb10a01046505315c8961f8af0deb34efffcf6341fbe21681,resvg-js 2.6.2 + sharp 0.34.3 (WebP),rendered-assets-v1.5.0/dist/brand/monogram/athar-monogram-light.svg (<- Athar_Package 02 Logo/SVG/Athar_Logo_Monogram.svg) | rendered-assets-v1.5.0/dist/brand/wordmark/athar-wordmark-light.svg (<- Athar_Package 02 Logo/SVG/Athar_Logo_Horizontal.svg wordmark),2026-09-30T01:19:40Z,PASS,,mono-white,emerald,3,webp,v1.5.1 (carried),,,
dist/brand/lockups/athar-lockup-primary-en-mono-white-on-emerald.svg,1 primary-lockups,primary-en,1227 x 338,2029,4a6f4428db43cdaad095b1e8059371f82d2397faf3cca8b10d4ad3677b547c8c,svgo 4.1.0 (safe config),rendered-assets-v1.5.0/dist/brand/monogram/athar-monogram-light.svg (<- Athar_Package 02 Logo/SVG/Athar_Logo_Monogram.svg) | rendered-assets-v1.5.0/dist/brand/wordmark/athar-wordmark-light.svg (<- Athar_Package 02 Logo/SVG/Athar_Logo_Horizontal.svg wordmark),2026-09-30T01:20:00Z,PASS,,mono-white,emerald,1,svg,v1.5.1 (carried),,,
dist/brand/lockups/athar-lockup-primary-en-mono-white-on-emerald.pdf,1 primary-lockups,primary-en,1227 x 338,2050,ea9b1724c547a85a5ec823cb4f500f3bb5476d50a19ee442863d8592b67d10f8,PyMuPDF 1.28.2 (MuPDF SVG->PDF),rendered-assets-v1.5.0/dist/brand/monogram/athar-monogram-light.svg (<- Athar_Package 02 Logo/SVG/Athar_Logo_Monogram.svg) | rendered-assets-v1.5.0/dist/brand/wordmark/athar-wordmark-light.svg (<- Athar_Package 02 Logo/SVG/Athar_Logo_Horizontal.svg wordmark),2026-09-30T01:20:00Z,PASS,,mono-white,emerald,1,pdf,v1.5.1 (carried),,,
dist/brand/lockups/athar-lockup-primary-en-ivory-on-emerald-on-emerald@1x.png,1 primary-lockups,primary-en,1227 x 338,9811,5819b9ef514d9196d780d0ea59430f108d8103837214ba39097daac09c3926fc,resvg-js 2.6.2 (resvg 0.40.0) + sharp 0.34.3/libvips 8.17.1,rendered-assets-v1.5.0/dist/brand/monogram/athar-monogram-light.svg (<- Athar_Package 02 Logo/SVG/Athar_Logo_Monogram.svg) | rendered-assets-v1.5.0/dist/brand/wordmark/athar-wordmark-light.svg (<- Athar_Package 02 Logo/SVG/Athar_Logo_Horizontal.svg wordmark),2026-09-30T01:19:40Z,PASS,,ivory-on-emerald,emerald,1,png,v1.5.1 (carried),,,
dist/brand/lockups/athar-lockup-primary-en-ivory-on-emerald-on-emerald@1x.webp,1 primary-lockups,primary-en,1227 x 338,3766,9c805b809ef47882ccd62e680ce3a1b98bdb18bfb947b26b2d8818a876894919,resvg-js 2.6.2 + sharp 0.34.3 (WebP),rendered-assets-v1.5.0/dist/brand/monogram/athar-monogram-light.svg (<- Athar_Package 02 Logo/SVG/Athar_Logo_Monogram.svg) | rendered-assets-v1.5.0/dist/brand/wordmark/athar-wordmark-light.svg (<- Athar_Package 02 Logo/SVG/Athar_Logo_Horizontal.svg wordmark),2026-09-30T01:19:40Z,PASS,,ivory-on-emerald,emerald,1,webp,v1.5.1 (carried),,,
dist/brand/lockups/athar-lockup-primary-en-ivory-on-emerald-on-emerald@2x.png,1 primary-lockups,primary-en,2454 x 676,22861,24b42727b560922b1e211f3bc169f0a92f570494887cea87127f3632d8ab1fdb,resvg-js 2.6.2 (resvg 0.40.0) + sharp 0.34.3/libvips 8.17.1,rendered-assets-v1.5.0/dist/brand/monogram/athar-monogram-light.svg (<- Athar_Package 02 Logo/SVG/Athar_Logo_Monogram.svg) | rendered-assets-v1.5.0/dist/brand/wordmark/athar-wordmark-light.svg (<- Athar_Package 02 Logo/SVG/Athar_Logo_Horizontal.svg wordmark),2026-09-30T01:19:40Z,PASS,,ivory-on-emerald,emerald,2,png,v1.5.1 (carried),,,
dist/brand/lockups/athar-lockup-primary-en-ivory-on-emerald-on-emerald@2x.webp,1 primary-lockups,primary-en,2454 x 676,7218,a9cf95bfc13a6a7c4cd2b8b63afa7ce8b8ca328584a5eef397e0452db8b4025c,resvg-js 2.6.2 + sharp 0.34.3 (WebP),rendered-assets-v1.5.0/dist/brand/monogram/athar-monogram-light.svg (<- Athar_Package 02 Logo/SVG/Athar_Logo_Monogram.svg) | rendered-assets-v1.5.0/dist/brand/wordmark/athar-wordmark-light.svg (<- Athar_Package 02 Logo/SVG/Athar_Logo_Horizontal.svg wordmark),2026-09-30T01:19:40Z,PASS,,ivory-on-emerald,emerald,2,webp,v1.5.1 (carried),,,
dist/brand/lockups/athar-lockup-primary-en-ivory-on-emerald-on-emerald@3x.png,1 primary-lockups,primary-en,3681 x 1014,39301,4d4bd5470c902e0785d85e292e1517e03cf1f9d3eddb9b6e56c9a1d815720a62,resvg-js 2.6.2 (resvg 0.40.0) + sharp 0.34.3/libvips 8.17.1,rendered-assets-v1.5.0/dist/brand/monogram/athar-monogram-light.svg (<- Athar_Package 02 Logo/SVG/Athar_Logo_Monogram.svg) | rendered-assets-v1.5.0/dist/brand/wordmark/athar-wordmark-light.svg (<- Athar_Package 02 Logo/SVG/Athar_Logo_Horizontal.svg wordmark),2026-09-30T01:19:41Z,PASS,,ivory-on-emerald,emerald,3,png,v1.5.1 (carried),,,
dist/brand/lockups/athar-lockup-primary-en-ivory-on-emerald-on-emerald@3x.webp,1 primary-lockups,primary-en,3681 x 1014,10870,88932967189bf7b61eda8f8330c66d6221be8704d81ab2b3eceefc66c33e3b67,resvg-js 2.6.2 + sharp 0.34.3 (WebP),rendered-assets-v1.5.0/dist/brand/monogram/athar-monogram-light.svg (<- Athar_Package 02 Logo/SVG/Athar_Logo_Monogram.svg) | rendered-assets-v1.5.0/dist/brand/wordmark/athar-wordmark-light.svg (<- Athar_Package 02 Logo/SVG/Athar_Logo_Horizontal.svg wordmark),2026-09-30T01:19:41Z,PASS,,ivory-on-emerald,emerald,3,webp,v1.5.1 (carried),,,
dist/brand/lockups/athar-lockup-primary-en-ivory-on-emerald-on-emerald.svg,1 primary-lockups,primary-en,1227 x 338,2038,563091cb1d8aa0c4fbfaba62ee73701dcf879bb5f19ff08c79cc6979ff46a076,svgo 4.1.0 (safe config),rendered-assets-v1.5.0/dist/brand/monogram/athar-monogram-light.svg (<- Athar_Package 02 Logo/SVG/Athar_Logo_Monogram.svg) | rendered-assets-v1.5.0/dist/brand/wordmark/athar-wordmark-light.svg (<- Athar_Package 02 Logo/SVG/Athar_Logo_Horizontal.svg wordmark),2026-09-30T01:20:01Z,PASS,,ivory-on-emerald,emerald,1,svg,v1.5.1 (carried),,,
dist/brand/lockups/athar-lockup-primary-en-ivory-on-emerald-on-emerald.pdf,1 primary-lockups,primary-en,1227 x 338,2067,58c289c3faf1635795ed39cb131d586d651aaac8cefa54c8e436a81b728cd6a9,PyMuPDF 1.28.2 (MuPDF SVG->PDF),rendered-assets-v1.5.0/dist/brand/monogram/athar-monogram-light.svg (<- Athar_Package 02 Logo/SVG/Athar_Logo_Monogram.svg) | rendered-assets-v1.5.0/dist/brand/wordmark/athar-wordmark-light.svg (<- Athar_Package 02 Logo/SVG/Athar_Logo_Horizontal.svg wordmark),2026-09-30T01:20:01Z,PASS,,ivory-on-emerald,emerald,1,pdf,v1.5.1 (carried),,,
dist/brand/lockups/athar-lockup-primary-en-ivory-on-emerald-on-transparent@1x.png,1 primary-lockups,primary-en,1227 x 338,9811,f3e85ceb3ef58abfa60588beaacff77fab9260714b85d77aeb304bb2f3d84e0b,resvg-js 2.6.2 (resvg 0.40.0) + sharp 0.34.3/libvips 8.17.1,rendered-assets-v1.5.0/dist/brand/monogram/athar-monogram-light.svg (<- Athar_Package 02 Logo/SVG/Athar_Logo_Monogram.svg) | rendered-assets-v1.5.0/dist/brand/wordmark/athar-wordmark-light.svg (<- Athar_Package 02 Logo/SVG/Athar_Logo_Horizontal.svg wordmark),2026-09-30T01:19:41Z,PASS,,ivory-on-emerald,transparent,1,png,v1.5.1 (carried),,,
dist/brand/lockups/athar-lockup-primary-en-ivory-on-emerald-on-transparent@1x.webp,1 primary-lockups,primary-en,1227 x 338,3794,77763a30c333c307f5e059fcff81b9c3161203e3d148e9929a0c4b479f216f80,resvg-js 2.6.2 + sharp 0.34.3 (WebP),rendered-assets-v1.5.0/dist/brand/monogram/athar-monogram-light.svg (<- Athar_Package 02 Logo/SVG/Athar_Logo_Monogram.svg) | rendered-assets-v1.5.0/dist/brand/wordmark/athar-wordmark-light.svg (<- Athar_Package 02 Logo/SVG/Athar_Logo_Horizontal.svg wordmark),2026-09-30T01:19:41Z,PASS,,ivory-on-emerald,transparent,1,webp,v1.5.1 (carried),,,
dist/brand/lockups/athar-lockup-primary-en-ivory-on-emerald-on-transparent@2x.png,1 primary-lockups,primary-en,2454 x 676,22756,2c59c7d4b35b2fa385d1c4f3d570337d7be3782a559ec57f5356927b9a1a68ba,resvg-js 2.6.2 (resvg 0.40.0) + sharp 0.34.3/libvips 8.17.1,rendered-assets-v1.5.0/dist/brand/monogram/athar-monogram-light.svg (<- Athar_Package 02 Logo/SVG/Athar_Logo_Monogram.svg) | rendered-assets-v1.5.0/dist/brand/wordmark/athar-wordmark-light.svg (<- Athar_Package 02 Logo/SVG/Athar_Logo_Horizontal.svg wordmark),2026-09-30T01:19:41Z,PASS,,ivory-on-emerald,transparent,2,png,v1.5.1 (carried),,,
dist/brand/lockups/athar-lockup-primary-en-ivory-on-emerald-on-transparent@2x.webp,1 primary-lockups,primary-en,2454 x 676,7266,9bf0d9193eec90b52b6d5de494c196b0247e7b9c24583d4df5e17a200d913754,resvg-js 2.6.2 + sharp 0.34.3 (WebP),rendered-assets-v1.5.0/dist/brand/monogram/athar-monogram-light.svg (<- Athar_Package 02 Logo/SVG/Athar_Logo_Monogram.svg) | rendered-assets-v1.5.0/dist/brand/wordmark/athar-wordmark-light.svg (<- Athar_Package 02 Logo/SVG/Athar_Logo_Horizontal.svg wordmark),2026-09-30T01:19:41Z,PASS,,ivory-on-emerald,transparent,2,webp,v1.5.1 (carried),,,
dist/brand/lockups/athar-lockup-primary-en-ivory-on-emerald-on-transparent@3x.png,1 primary-lockups,primary-en,3681 x 1014,38914,8f3a5e09b834e1d1fcba52e93aae113c135fd2f5d1b3e00c02341c88e2e7e97c,resvg-js 2.6.2 (resvg 0.40.0) + sharp 0.34.3/libvips 8.17.1,rendered-assets-v1.5.0/dist/brand/monogram/athar-monogram-light.svg (<- Athar_Package 02 Logo/SVG/Athar_Logo_Monogram.svg) | rendered-assets-v1.5.0/dist/brand/wordmark/athar-wordmark-light.svg (<- Athar_Package 02 Logo/SVG/Athar_Logo_Horizontal.svg wordmark),2026-09-30T01:19:42Z,PASS,,ivory-on-emerald,transparent,3,png,v1.5.1 (carried),,,
dist/brand/lockups/athar-lockup-primary-en-ivory-on-emerald-on-transparent@3x.webp,1 primary-lockups,primary-en,3681 x 1014,10920,d7f1ac64838bfe84bc32e0d49e1db3006c9fbcb67d5f08fbd131f179a2982ef9,resvg-js 2.6.2 + sharp 0.34.3 (WebP),rendered-assets-v1.5.0/dist/brand/monogram/athar-monogram-light.svg (<- Athar_Package 02 Logo/SVG/Athar_Logo_Monogram.svg) | rendered-assets-v1.5.0/dist/brand/wordmark/athar-wordmark-light.svg (<- Athar_Package 02 Logo/SVG/Athar_Logo_Horizontal.svg wordmark),2026-09-30T01:19:42Z,PASS,,ivory-on-emerald,transparent,3,webp,v1.5.1 (carried),,,
dist/brand/lockups/athar-lockup-primary-en-ivory-on-emerald-on-transparent.svg,1 primary-lockups,primary-en,1227 x 338,1964,f5b0e788dffd12cbc61d7a40c6ce219a681724d4f8773fd089694fec7f517ccc,svgo 4.1.0 (safe config),rendered-assets-v1.5.0/dist/brand/monogram/athar-monogram-light.svg (<- Athar_Package 02 Logo/SVG/Athar_Logo_Monogram.svg) | rendered-assets-v1.5.0/dist/brand/wordmark/athar-wordmark-light.svg (<- Athar_Package 02 Logo/SVG/Athar_Logo_Horizontal.svg wordmark),2026-09-30T01:20:01Z,PASS,,ivory-on-emerald,transparent,1,svg,v1.5.1 (carried),,,
dist/brand/lockups/athar-lockup-primary-en-ivory-on-emerald-on-transparent.pdf,1 primary-lockups,primary-en,1227 x 338,2012,babb10d50aa4b40492f3a64848880ea1129bc92b31842f37b8f198ff3a798533,PyMuPDF 1.28.2 (MuPDF SVG->PDF),rendered-assets-v1.5.0/dist/brand/monogram/athar-monogram-light.svg (<- Athar_Package 02 Logo/SVG/Athar_Logo_Monogram.svg) | rendered-assets-v1.5.0/dist/brand/wordmark/athar-wordmark-light.svg (<- Athar_Package 02 Logo/SVG/Athar_Logo_Horizontal.svg wordmark),2026-09-30T01:20:01Z,PASS,,ivory-on-emerald,transparent,1,pdf,v1.5.1 (carried),,,
dist/brand/lockups/athar-lockup-primary-en-signage-gold-on-deep_ocean@1x.png,1 primary-lockups,primary-en,1227 x 338,9839,00865a3f7be2a1b207b56d1f1129947dd22ae206df00169da07ae3e421de65a4,resvg-js 2.6.2 (resvg 0.40.0) + sharp 0.34.3/libvips 8.17.1,rendered-assets-v1.5.0/dist/brand/monogram/athar-monogram-light.svg (<- Athar_Package 02 Logo/SVG/Athar_Logo_Monogram.svg) | rendered-assets-v1.5.0/dist/brand/wordmark/athar-wordmark-light.svg (<- Athar_Package 02 Logo/SVG/Athar_Logo_Horizontal.svg wordmark),2026-09-30T01:19:42Z,PASS,,signage-gold,deep_ocean,1,png,v1.5.1 (carried),,,
dist/brand/lockups/athar-lockup-primary-en-signage-gold-on-deep_ocean@1x.webp,1 primary-lockups,primary-en,1227 x 338,3746,beb84c8333b921a55064eb3326b7370f5366ce61ebdc8c5086a0aadff75b7adc,resvg-js 2.6.2 + sharp 0.34.3 (WebP),rendered-assets-v1.5.0/dist/brand/monogram/athar-monogram-light.svg (<- Athar_Package 02 Logo/SVG/Athar_Logo_Monogram.svg) | rendered-assets-v1.5.0/dist/brand/wordmark/athar-wordmark-light.svg (<- Athar_Package 02 Logo/SVG/Athar_Logo_Horizontal.svg wordmark),2026-09-30T01:19:42Z,PASS,,signage-gold,deep_ocean,1,webp,v1.5.1 (carried),,,
dist/brand/lockups/athar-lockup-primary-en-signage-gold-on-deep_ocean@2x.png,1 primary-lockups,primary-en,2454 x 676,22931,b5878870af1c42cbe14093ca934b24159ed736054e1fb055c5e9433cea5ed4b9,resvg-js 2.6.2 (resvg 0.40.0) + sharp 0.34.3/libvips 8.17.1,rendered-assets-v1.5.0/dist/brand/monogram/athar-monogram-light.svg (<- Athar_Package 02 Logo/SVG/Athar_Logo_Monogram.svg) | rendered-assets-v1.5.0/dist/brand/wordmark/athar-wordmark-light.svg (<- Athar_Package 02 Logo/SVG/Athar_Logo_Horizontal.svg wordmark),2026-09-30T01:19:42Z,PASS,,signage-gold,deep_ocean,2,png,v1.5.1 (carried),,,
dist/brand/lockups/athar-lockup-primary-en-signage-gold-on-deep_ocean@2x.webp,1 primary-lockups,primary-en,2454 x 676,7170,06e8746c24b1b1da1c99d716a26da8dc68c7a9ff49a055fe7141ecd5e4fe7ae1,resvg-js 2.6.2 + sharp 0.34.3 (WebP),rendered-assets-v1.5.0/dist/brand/monogram/athar-monogram-light.svg (<- Athar_Package 02 Logo/SVG/Athar_Logo_Monogram.svg) | rendered-assets-v1.5.0/dist/brand/wordmark/athar-wordmark-light.svg (<- Athar_Package 02 Logo/SVG/Athar_Logo_Horizontal.svg wordmark),2026-09-30T01:19:42Z,PASS,,signage-gold,deep_ocean,2,webp,v1.5.1 (carried),,,
dist/brand/lockups/athar-lockup-primary-en-signage-gold-on-deep_ocean@3x.png,1 primary-lockups,primary-en,3681 x 1014,39336,c5133f215f783280ab01a54211dcfcde4f48b9eb140623528db7770ecab045f6,resvg-js 2.6.2 (resvg 0.40.0) + sharp 0.34.3/libvips 8.17.1,rendered-assets-v1.5.0/dist/brand/monogram/athar-monogram-light.svg (<- Athar_Package 02 Logo/SVG/Athar_Logo_Monogram.svg) | rendered-assets-v1.5.0/dist/brand/wordmark/athar-wordmark-light.svg (<- Athar_Package 02 Logo/SVG/Athar_Logo_Horizontal.svg wordmark),2026-09-30T01:19:42Z,PASS,,signage-gold,deep_ocean,3,png,v1.5.1 (carried),,,
dist/brand/lockups/athar-lockup-primary-en-signage-gold-on-deep_ocean@3x.webp,1 primary-lockups,primary-en,3681 x 1014,10792,24f3efa475775ef24728ef1ded767643d8db587eb5803c736f23b48abcbf1a3f,resvg-js 2.6.2 + sharp 0.34.3 (WebP),rendered-assets-v1.5.0/dist/brand/monogram/athar-monogram-light.svg (<- Athar_Package 02 Logo/SVG/Athar_Logo_Monogram.svg) | rendered-assets-v1.5.0/dist/brand/wordmark/athar-wordmark-light.svg (<- Athar_Package 02 Logo/SVG/Athar_Logo_Horizontal.svg wordmark),2026-09-30T01:19:42Z,PASS,,signage-gold,deep_ocean,3,webp,v1.5.1 (carried),,,
dist/brand/lockups/athar-lockup-primary-en-signage-gold-on-deep_ocean.svg,1 primary-lockups,primary-en,1227 x 338,2037,b960f3787391daa41fdbcaa2059486b37ec63af9c0493121e3d5a4b735e3a1b2,svgo 4.1.0 (safe config),rendered-assets-v1.5.0/dist/brand/monogram/athar-monogram-light.svg (<- Athar_Package 02 Logo/SVG/Athar_Logo_Monogram.svg) | rendered-assets-v1.5.0/dist/brand/wordmark/athar-wordmark-light.svg (<- Athar_Package 02 Logo/SVG/Athar_Logo_Horizontal.svg wordmark),2026-09-30T01:20:01Z,PASS,,signage-gold,deep_ocean,1,svg,v1.5.1 (carried),,,
dist/brand/lockups/athar-lockup-primary-en-signage-gold-on-deep_ocean.pdf,1 primary-lockups,primary-en,1227 x 338,2068,4f2bab3ca4e96e27aa262061d4542486c76febb3f9f2ea1e3b8797ddfe87245f,PyMuPDF 1.28.2 (MuPDF SVG->PDF),rendered-assets-v1.5.0/dist/brand/monogram/athar-monogram-light.svg (<- Athar_Package 02 Logo/SVG/Athar_Logo_Monogram.svg) | rendered-assets-v1.5.0/dist/brand/wordmark/athar-wordmark-light.svg (<- Athar_Package 02 Logo/SVG/Athar_Logo_Horizontal.svg wordmark),2026-09-30T01:20:01Z,PASS,,signage-gold,deep_ocean,1,pdf,v1.5.1 (carried),,,
dist/brand/lockups/athar-lockup-primary-en-signage-gold-on-transparent@1x.png,1 primary-lockups,primary-en,1227 x 338,9419,b708309d02c0099649a625eb2238270e3ba49e0ce77bf56fbfdefce9ce77ae62,resvg-js 2.6.2 (resvg 0.40.0) + sharp 0.34.3/libvips 8.17.1,rendered-assets-v1.5.0/dist/brand/monogram/athar-monogram-light.svg (<- Athar_Package 02 Logo/SVG/Athar_Logo_Monogram.svg) | rendered-assets-v1.5.0/dist/brand/wordmark/athar-wordmark-light.svg (<- Athar_Package 02 Logo/SVG/Athar_Logo_Horizontal.svg wordmark),2026-09-30T01:19:43Z,PASS,,signage-gold,transparent,1,png,v1.5.1 (carried),,,
dist/brand/lockups/athar-lockup-primary-en-signage-gold-on-transparent@1x.webp,1 primary-lockups,primary-en,1227 x 338,3800,4a0a28c21d5dee3ff6bfe0769bf898a6191e57eac48f1e284c0339b95ad08c59,resvg-js 2.6.2 + sharp 0.34.3 (WebP),rendered-assets-v1.5.0/dist/brand/monogram/athar-monogram-light.svg (<- Athar_Package 02 Logo/SVG/Athar_Logo_Monogram.svg) | rendered-assets-v1.5.0/dist/brand/wordmark/athar-wordmark-light.svg (<- Athar_Package 02 Logo/SVG/Athar_Logo_Horizontal.svg wordmark),2026-09-30T01:19:43Z,PASS,,signage-gold,transparent,1,webp,v1.5.1 (carried),,,
dist/brand/lockups/athar-lockup-primary-en-signage-gold-on-transparent@2x.png,1 primary-lockups,primary-en,2454 x 676,21950,be77454cdd55d03ba930fa95bc76640b9f5e9f25ef617d844a84e1298c941dbc,resvg-js 2.6.2 (resvg 0.40.0) + sharp 0.34.3/libvips 8.17.1,rendered-assets-v1.5.0/dist/brand/monogram/athar-monogram-light.svg (<- Athar_Package 02 Logo/SVG/Athar_Logo_Monogram.svg) | rendered-assets-v1.5.0/dist/brand/wordmark/athar-wordmark-light.svg (<- Athar_Package 02 Logo/SVG/Athar_Logo_Horizontal.svg wordmark),2026-09-30T01:19:43Z,PASS,,signage-gold,transparent,2,png,v1.5.1 (carried),,,
dist/brand/lockups/athar-lockup-primary-en-signage-gold-on-transparent@2x.webp,1 primary-lockups,primary-en,2454 x 676,7264,41d6794060f53e8c1651c2d31ff95a10c72fc39a1514484bfa37c272068cc1a0,resvg-js 2.6.2 + sharp 0.34.3 (WebP),rendered-assets-v1.5.0/dist/brand/monogram/athar-monogram-light.svg (<- Athar_Package 02 Logo/SVG/Athar_Logo_Monogram.svg) | rendered-assets-v1.5.0/dist/brand/wordmark/athar-wordmark-light.svg (<- Athar_Package 02 Logo/SVG/Athar_Logo_Horizontal.svg wordmark),2026-09-30T01:19:43Z,PASS,,signage-gold,transparent,2,webp,v1.5.1 (carried),,,
dist/brand/lockups/athar-lockup-primary-en-signage-gold-on-transparent@3x.png,1 primary-lockups,primary-en,3681 x 1014,37881,cede51f4f6b956287240d8910ea653fba03958f6c390e28b34888579ecc10a1e,resvg-js 2.6.2 (resvg 0.40.0) + sharp 0.34.3/libvips 8.17.1,rendered-assets-v1.5.0/dist/brand/monogram/athar-monogram-light.svg (<- Athar_Package 02 Logo/SVG/Athar_Logo_Monogram.svg) | rendered-assets-v1.5.0/dist/brand/wordmark/athar-wordmark-light.svg (<- Athar_Package 02 Logo/SVG/Athar_Logo_Horizontal.svg wordmark),2026-09-30T01:19:43Z,PASS,,signage-gold,transparent,3,png,v1.5.1 (carried),,,
dist/brand/lockups/athar-lockup-primary-en-signage-gold-on-transparent@3x.webp,1 primary-lockups,primary-en,3681 x 1014,10926,347cd109af5e0d4e63322f3843b91a5bd65aad6c7286896f0a6640e38ade1032,resvg-js 2.6.2 + sharp 0.34.3 (WebP),rendered-assets-v1.5.0/dist/brand/monogram/athar-monogram-light.svg (<- Athar_Package 02 Logo/SVG/Athar_Logo_Monogram.svg) | rendered-assets-v1.5.0/dist/brand/wordmark/athar-wordmark-light.svg (<- Athar_Package 02 Logo/SVG/Athar_Logo_Horizontal.svg wordmark),2026-09-30T01:19:43Z,PASS,,signage-gold,transparent,3,webp,v1.5.1 (carried),,,
dist/brand/lockups/athar-lockup-primary-en-signage-gold-on-transparent.svg,1 primary-lockups,primary-en,1227 x 338,1960,ce0d1757aa50a8da5c719a4aed23f7dc6434299b5d73c0780dd8a14ec67007f2,svgo 4.1.0 (safe config),rendered-assets-v1.5.0/dist/brand/monogram/athar-monogram-light.svg (<- Athar_Package 02 Logo/SVG/Athar_Logo_Monogram.svg) | rendered-assets-v1.5.0/dist/brand/wordmark/athar-wordmark-light.svg (<- Athar_Package 02 Logo/SVG/Athar_Logo_Horizontal.svg wordmark),2026-09-30T01:20:01Z,PASS,,signage-gold,transparent,1,svg,v1.5.1 (carried),,,
dist/brand/lockups/athar-lockup-primary-en-signage-gold-on-transparent.pdf,1 primary-lockups,primary-en,1227 x 338,2012,47661831e02e879e390ca5ba209d4eff26f11d8b392ba50ea295fbf512712314,PyMuPDF 1.28.2 (MuPDF SVG->PDF),rendered-assets-v1.5.0/dist/brand/monogram/athar-monogram-light.svg (<- Athar_Package 02 Logo/SVG/Athar_Logo_Monogram.svg) | rendered-assets-v1.5.0/dist/brand/wordmark/athar-wordmark-light.svg (<- Athar_Package 02 Logo/SVG/Athar_Logo_Horizontal.svg wordmark),2026-09-30T01:20:01Z,PASS,,signage-gold,transparent,1,pdf,v1.5.1 (carried),,,
dist/brand/monogram/athar-mark-light-16.png,2 monogram-favicon-appicons,mark-light,16 x 16,818,7b162edea71a60cfbc51b1baf3c9857198edd72d8255b9a51fb5439a78ce5ade,resvg-js 2.6.2 (resvg 0.40.0) + sharp 0.34.3/libvips 8.17.1,rendered-assets-v1.5.0/dist/brand/monogram/athar-monogram-light.svg (<- Athar_Package 02 Logo/SVG/Athar_Logo_Monogram.svg),2026-09-30T01:18:54Z,PASS,,navy,transparent,1,png,v1.5.1 (carried),,,
dist/brand/monogram/athar-mark-light-16.webp,2 monogram-favicon-appicons,mark-light,16 x 16,842,857f9ae167e27c5f57b72b3318bf5db601c54dc62be2e7c8ce96a3cc56cd816b,resvg-js 2.6.2 + sharp 0.34.3 (WebP),rendered-assets-v1.5.0/dist/brand/monogram/athar-monogram-light.svg (<- Athar_Package 02 Logo/SVG/Athar_Logo_Monogram.svg),2026-09-30T01:18:54Z,PASS,,navy,transparent,1,webp,v1.5.1 (carried),,,
dist/brand/monogram/athar-mark-light-20.png,2 monogram-favicon-appicons,mark-light,20 x 20,858,b9c87b39771686c120074b5e44e76e7520cb232d1dd4e5eb7f227e110ffae763,resvg-js 2.6.2 (resvg 0.40.0) + sharp 0.34.3/libvips 8.17.1,rendered-assets-v1.5.0/dist/brand/monogram/athar-monogram-light.svg (<- Athar_Package 02 Logo/SVG/Athar_Logo_Monogram.svg),2026-09-30T01:18:54Z,PASS,,navy,transparent,1,png,v1.5.1 (carried),,,
dist/brand/monogram/athar-mark-light-20.webp,2 monogram-favicon-appicons,mark-light,20 x 20,860,f094ac236eb4def2c87a9e0b88a97483e4a94f55ba4946903729c7a9e5842a73,resvg-js 2.6.2 + sharp 0.34.3 (WebP),rendered-assets-v1.5.0/dist/brand/monogram/athar-monogram-light.svg (<- Athar_Package 02 Logo/SVG/Athar_Logo_Monogram.svg),2026-09-30T01:18:54Z,PASS,,navy,transparent,1,webp,v1.5.1 (carried),,,
dist/brand/monogram/athar-mark-light-24.png,2 monogram-favicon-appicons,mark-light,24 x 24,976,a76efeb7cdf2d11b09f7f8668053b7162ddf47167425c34b40c16531beb66632,resvg-js 2.6.2 (resvg 0.40.0) + sharp 0.34.3/libvips 8.17.1,rendered-assets-v1.5.0/dist/brand/monogram/athar-monogram-light.svg (<- Athar_Package 02 Logo/SVG/Athar_Logo_Monogram.svg),2026-09-30T01:18:54Z,PASS,,navy,transparent,1,png,v1.5.1 (carried),,,
dist/brand/monogram/athar-mark-light-24.webp,2 monogram-favicon-appicons,mark-light,24 x 24,896,4917c1a10248fe7ad87f55ab145ca0cee233815eda6e89f13bdbf760be354c64,resvg-js 2.6.2 + sharp 0.34.3 (WebP),rendered-assets-v1.5.0/dist/brand/monogram/athar-monogram-light.svg (<- Athar_Package 02 Logo/SVG/Athar_Logo_Monogram.svg),2026-09-30T01:18:54Z,PASS,,navy,transparent,1,webp,v1.5.1 (carried),,,
dist/brand/monogram/athar-mark-light-32.png,2 monogram-favicon-appicons,mark-light,32 x 32,1131,7d28a2058c86ec642d08b8440db0cafd3332d0c33ca42272d000e0dd0d3a3af2,resvg-js 2.6.2 (resvg 0.40.0) + sharp 0.34.3/libvips 8.17.1,rendered-assets-v1.5.0/dist/brand/monogram/athar-monogram-light.svg (<- Athar_Package 02 Logo/SVG/Athar_Logo_Monogram.svg),2026-09-30T01:18:54Z,PASS,,navy,transparent,1,png,v1.5.1 (carried),,,
dist/brand/monogram/athar-mark-light-32.webp,2 monogram-favicon-appicons,mark-light,32 x 32,940,7d2f033ffb7ba420f31612caa3b11ea829bea07b075a5301a70e06810bc755e0,resvg-js 2.6.2 + sharp 0.34.3 (WebP),rendered-assets-v1.5.0/dist/brand/monogram/athar-monogram-light.svg (<- Athar_Package 02 Logo/SVG/Athar_Logo_Monogram.svg),2026-09-30T01:18:54Z,PASS,,navy,transparent,1,webp,v1.5.1 (carried),,,
dist/brand/monogram/athar-mark-light-48.png,2 monogram-favicon-appicons,mark-light,48 x 48,1517,2ff9eb9c2e449f0b3c241d35f0f27b00b5ce5ef314ec22ab7106df7f01cbf4c2,resvg-js 2.6.2 (resvg 0.40.0) + sharp 0.34.3/libvips 8.17.1,rendered-assets-v1.5.0/dist/brand/monogram/athar-monogram-light.svg (<- Athar_Package 02 Logo/SVG/Athar_Logo_Monogram.svg),2026-09-30T01:18:54Z,PASS,,navy,transparent,1,png,v1.5.1 (carried),,,
dist/brand/monogram/athar-mark-light-48.webp,2 monogram-favicon-appicons,mark-light,48 x 48,1046,bda3c8e96887b4cf965d607f9d62808b37b0ba17f9bc71924ee62d773df66619,resvg-js 2.6.2 + sharp 0.34.3 (WebP),rendered-assets-v1.5.0/dist/brand/monogram/athar-monogram-light.svg (<- Athar_Package 02 Logo/SVG/Athar_Logo_Monogram.svg),2026-09-30T01:18:54Z,PASS,,navy,transparent,1,webp,v1.5.1 (carried),,,
dist/brand/monogram/athar-mark-light-64.png,2 monogram-favicon-appicons,mark-light,64 x 64,1933,58a7b71a589d8615bf194e1e01a62dbdc50e2d83f8f8935c49fac3de15726fbc,resvg-js 2.6.2 (resvg 0.40.0) + sharp 0.34.3/libvips 8.17.1,rendered-assets-v1.5.0/dist/brand/monogram/athar-monogram-light.svg (<- Athar_Package 02 Logo/SVG/Athar_Logo_Monogram.svg),2026-09-30T01:18:54Z,PASS,,navy,transparent,1,png,v1.5.1 (carried),,,
dist/brand/monogram/athar-mark-light-64.webp,2 monogram-favicon-appicons,mark-light,64 x 64,1178,89c8f8c34274e29218e5a0b70f7a33f5059585149dedf578e2bac5fd9faf805b,resvg-js 2.6.2 + sharp 0.34.3 (WebP),rendered-assets-v1.5.0/dist/brand/monogram/athar-monogram-light.svg (<- Athar_Package 02 Logo/SVG/Athar_Logo_Monogram.svg),2026-09-30T01:18:54Z,PASS,,navy,transparent,1,webp,v1.5.1 (carried),,,
dist/brand/monogram/athar-mark-light-128.png,2 monogram-favicon-appicons,mark-light,128 x 128,3708,6bb5c4ab27c95d337af3b991b78ec286541e80257a75b98043ee866bd4662b4c,resvg-js 2.6.2 (resvg 0.40.0) + sharp 0.34.3/libvips 8.17.1,rendered-assets-v1.5.0/dist/brand/monogram/athar-monogram-light.svg (<- Athar_Package 02 Logo/SVG/Athar_Logo_Monogram.svg),2026-09-30T01:18:54Z,PASS,,navy,transparent,1,png,v1.5.1 (carried),,,
dist/brand/monogram/athar-mark-light-128.webp,2 monogram-favicon-appicons,mark-light,128 x 128,1764,c961e6167071dd6aef8f6a1a37b0e1c85f67b973204a5399f7e2fcb5115c6601,resvg-js 2.6.2 + sharp 0.34.3 (WebP),rendered-assets-v1.5.0/dist/brand/monogram/athar-monogram-light.svg (<- Athar_Package 02 Logo/SVG/Athar_Logo_Monogram.svg),2026-09-30T01:18:54Z,PASS,,navy,transparent,1,webp,v1.5.1 (carried),,,
dist/brand/monogram/athar-mark-light-256.png,2 monogram-favicon-appicons,mark-light,256 x 256,7444,f69b37deddf6cc7d683f3b188228ccdd3677b485a9871ce53e822fe147546326,resvg-js 2.6.2 (resvg 0.40.0) + sharp 0.34.3/libvips 8.17.1,rendered-assets-v1.5.0/dist/brand/monogram/athar-monogram-light.svg (<- Athar_Package 02 Logo/SVG/Athar_Logo_Monogram.svg),2026-09-30T01:18:54Z,PASS,,navy,transparent,1,png,v1.5.1 (carried),,,
dist/brand/monogram/athar-mark-light-256.webp,2 monogram-favicon-appicons,mark-light,256 x 256,3022,69b0ce174815fa1a9cc996953dbad1e566b4bd18cc4ed9b7ecf02c1c892ee5de,resvg-js 2.6.2 + sharp 0.34.3 (WebP),rendered-assets-v1.5.0/dist/brand/monogram/athar-monogram-light.svg (<- Athar_Package 02 Logo/SVG/Athar_Logo_Monogram.svg),2026-09-30T01:18:54Z,PASS,,navy,transparent,1,webp,v1.5.1 (carried),,,
dist/brand/monogram/athar-mark-light-512.png,2 monogram-favicon-appicons,mark-light,512 x 512,15341,95489ff081e792a1343d60c2fedac04660eb0187867ec9dde7b4cad5886ec254,resvg-js 2.6.2 (resvg 0.40.0) + sharp 0.34.3/libvips 8.17.1,rendered-assets-v1.5.0/dist/brand/monogram/athar-monogram-light.svg (<- Athar_Package 02 Logo/SVG/Athar_Logo_Monogram.svg),2026-09-30T01:18:54Z,PASS,,navy,transparent,1,png,v1.5.1 (carried),,,
dist/brand/monogram/athar-mark-light-512.webp,2 monogram-favicon-appicons,mark-light,512 x 512,5526,1344704650a25a182068867d093063bdbd201257930b7d4b649911e750e89284,resvg-js 2.6.2 + sharp 0.34.3 (WebP),rendered-assets-v1.5.0/dist/brand/monogram/athar-monogram-light.svg (<- Athar_Package 02 Logo/SVG/Athar_Logo_Monogram.svg),2026-09-30T01:18:54Z,PASS,,navy,transparent,1,webp,v1.5.1 (carried),,,
dist/brand/monogram/athar-mark-light.svg,2 monogram-favicon-appicons,mark-light,512 x 512,6516,96c71676811ff2c2c735bb6d288445bcf13550e8f6d94ad58fcdd788e6e84e77,svgo 4.1.0 (safe config),rendered-assets-v1.5.0/dist/brand/monogram/athar-monogram-light.svg (<- Athar_Package 02 Logo/SVG/Athar_Logo_Monogram.svg),2026-09-30T01:18:55Z,PASS,,navy,transparent,1,svg,v1.5.1 (carried),,,
dist/brand/monogram/athar-mark-light.pdf,2 monogram-favicon-appicons,mark-light,512 x 512,5993,38c4acc68e084d7677b6359d0a97b68919ba7a4b02612343662d979eee9fbc3b,PyMuPDF 1.28.2 (MuPDF SVG->PDF),rendered-assets-v1.5.0/dist/brand/monogram/athar-monogram-light.svg (<- Athar_Package 02 Logo/SVG/Athar_Logo_Monogram.svg),2026-09-30T01:18:55Z,PASS,,navy,transparent,1,pdf,v1.5.1 (carried),,,
dist/brand/monogram/athar-mark-dark-16.png,2 monogram-favicon-appicons,mark-dark,16 x 16,813,d3416ec1c3bb478899dc8afe875a565060f6c7ee86544689987562b153f03c29,resvg-js 2.6.2 (resvg 0.40.0) + sharp 0.34.3/libvips 8.17.1,rendered-assets-v1.5.0/dist/brand/monogram/athar-monogram-light.svg (<- Athar_Package 02 Logo/SVG/Athar_Logo_Monogram.svg),2026-09-30T01:18:54Z,PASS,,reversed,transparent,1,png,v1.5.1 (carried),,,
dist/brand/monogram/athar-mark-dark-16.webp,2 monogram-favicon-appicons,mark-dark,16 x 16,840,f6d10f408ba3a282ee868e291b77d3b241f83c009c6f98c1f375322c131b8784,resvg-js 2.6.2 + sharp 0.34.3 (WebP),rendered-assets-v1.5.0/dist/brand/monogram/athar-monogram-light.svg (<- Athar_Package 02 Logo/SVG/Athar_Logo_Monogram.svg),2026-09-30T01:18:54Z,PASS,,reversed,transparent,1,webp,v1.5.1 (carried),,,
dist/brand/monogram/athar-mark-dark-20.png,2 monogram-favicon-appicons,mark-dark,20 x 20,856,e76c3199c2c83551841770e4075697bddbf588a35c0c88333040bfefb1587447,resvg-js 2.6.2 (resvg 0.40.0) + sharp 0.34.3/libvips 8.17.1,rendered-assets-v1.5.0/dist/brand/monogram/athar-monogram-light.svg (<- Athar_Package 02 Logo/SVG/Athar_Logo_Monogram.svg),2026-09-30T01:18:54Z,PASS,,reversed,transparent,1,png,v1.5.1 (carried),,,
dist/brand/monogram/athar-mark-dark-20.webp,2 monogram-favicon-appicons,mark-dark,20 x 20,860,b0fc31281bd9e700092be85cba0c419729c79f94a6bd81fb980a0087bd84d9b4,resvg-js 2.6.2 + sharp 0.34.3 (WebP),rendered-assets-v1.5.0/dist/brand/monogram/athar-monogram-light.svg (<- Athar_Package 02 Logo/SVG/Athar_Logo_Monogram.svg),2026-09-30T01:18:54Z,PASS,,reversed,transparent,1,webp,v1.5.1 (carried),,,
dist/brand/monogram/athar-mark-dark-24.png,2 monogram-favicon-appicons,mark-dark,24 x 24,953,c0226a91fbed2a7f707a933ee0ee47190665335d93b2cf5ba1e4c5f32527aea1,resvg-js 2.6.2 (resvg 0.40.0) + sharp 0.34.3/libvips 8.17.1,rendered-assets-v1.5.0/dist/brand/monogram/athar-monogram-light.svg (<- Athar_Package 02 Logo/SVG/Athar_Logo_Monogram.svg),2026-09-30T01:18:54Z,PASS,,reversed,transparent,1,png,v1.5.1 (carried),,,
dist/brand/monogram/athar-mark-dark-24.webp,2 monogram-favicon-appicons,mark-dark,24 x 24,894,61695ebc7d84e15b8b80c0542de1ab5fc8958547eaf91278d26d4ab95ae7e831,resvg-js 2.6.2 + sharp 0.34.3 (WebP),rendered-assets-v1.5.0/dist/brand/monogram/athar-monogram-light.svg (<- Athar_Package 02 Logo/SVG/Athar_Logo_Monogram.svg),2026-09-30T01:18:54Z,PASS,,reversed,transparent,1,webp,v1.5.1 (carried),,,
dist/brand/monogram/athar-mark-dark-32.png,2 monogram-favicon-appicons,mark-dark,32 x 32,1121,65b0260ea9cd053abb7c100b0500ab6b61187ad6fa34241b5ef5a54e1c9af0c6,resvg-js 2.6.2 (resvg 0.40.0) + sharp 0.34.3/libvips 8.17.1,rendered-assets-v1.5.0/dist/brand/monogram/athar-monogram-light.svg (<- Athar_Package 02 Logo/SVG/Athar_Logo_Monogram.svg),2026-09-30T01:18:54Z,PASS,,reversed,transparent,1,png,v1.5.1 (carried),,,
dist/brand/monogram/athar-mark-dark-32.webp,2 monogram-favicon-appicons,mark-dark,32 x 32,942,f689d8ea2a300ad2f91dd23815d0c32b2538299e919b1d6ff39fb776e5303b03,resvg-js 2.6.2 + sharp 0.34.3 (WebP),rendered-assets-v1.5.0/dist/brand/monogram/athar-monogram-light.svg (<- Athar_Package 02 Logo/SVG/Athar_Logo_Monogram.svg),2026-09-30T01:18:54Z,PASS,,reversed,transparent,1,webp,v1.5.1 (carried),,,
dist/brand/monogram/athar-mark-dark-48.png,2 monogram-favicon-appicons,mark-dark,48 x 48,1523,03b91f9a17a9293ebf86e7832c75e91707d5ada0bd38874d0594136628b9b4e0,resvg-js 2.6.2 (resvg 0.40.0) + sharp 0.34.3/libvips 8.17.1,rendered-assets-v1.5.0/dist/brand/monogram/athar-monogram-light.svg (<- Athar_Package 02 Logo/SVG/Athar_Logo_Monogram.svg),2026-09-30T01:18:54Z,PASS,,reversed,transparent,1,png,v1.5.1 (carried),,,
dist/brand/monogram/athar-mark-dark-48.webp,2 monogram-favicon-appicons,mark-dark,48 x 48,1044,746ec29591b2bae1070e9412c0716eb222b681b4642463a0baac8976d9e527c6,resvg-js 2.6.2 + sharp 0.34.3 (WebP),rendered-assets-v1.5.0/dist/brand/monogram/athar-monogram-light.svg (<- Athar_Package 02 Logo/SVG/Athar_Logo_Monogram.svg),2026-09-30T01:18:54Z,PASS,,reversed,transparent,1,webp,v1.5.1 (carried),,,
dist/brand/monogram/athar-mark-dark-64.png,2 monogram-favicon-appicons,mark-dark,64 x 64,1922,54bde2322e746d093f3ab53e001e628d0856c08f31eba48de21c708555b853ae,resvg-js 2.6.2 (resvg 0.40.0) + sharp 0.34.3/libvips 8.17.1,rendered-assets-v1.5.0/dist/brand/monogram/athar-monogram-light.svg (<- Athar_Package 02 Logo/SVG/Athar_Logo_Monogram.svg),2026-09-30T01:18:54Z,PASS,,reversed,transparent,1,png,v1.5.1 (carried),,,
dist/brand/monogram/athar-mark-dark-64.webp,2 monogram-favicon-appicons,mark-dark,64 x 64,1182,6a0d4763a3e79d6160fb6c9b413396e23097a75b8ffd9d32d55081154b980c8f,resvg-js 2.6.2 + sharp 0.34.3 (WebP),rendered-assets-v1.5.0/dist/brand/monogram/athar-monogram-light.svg (<- Athar_Package 02 Logo/SVG/Athar_Logo_Monogram.svg),2026-09-30T01:18:54Z,PASS,,reversed,transparent,1,webp,v1.5.1 (carried),,,
dist/brand/monogram/athar-mark-dark-128.png,2 monogram-favicon-appicons,mark-dark,128 x 128,3746,2de18c45265461ffc8b522757c2163f0f678428e341edf2905bd1268b769ce33,resvg-js 2.6.2 (resvg 0.40.0) + sharp 0.34.3/libvips 8.17.1,rendered-assets-v1.5.0/dist/brand/monogram/athar-monogram-light.svg (<- Athar_Package 02 Logo/SVG/Athar_Logo_Monogram.svg),2026-09-30T01:18:54Z,PASS,,reversed,transparent,1,png,v1.5.1 (carried),,,
dist/brand/monogram/athar-mark-dark-128.webp,2 monogram-favicon-appicons,mark-dark,128 x 128,1768,a160b86b4837c8d140b2fa278ee9b2a1e8fb02a1e86c6e5b4b0f830339b28ac9,resvg-js 2.6.2 + sharp 0.34.3 (WebP),rendered-assets-v1.5.0/dist/brand/monogram/athar-monogram-light.svg (<- Athar_Package 02 Logo/SVG/Athar_Logo_Monogram.svg),2026-09-30T01:18:54Z,PASS,,reversed,transparent,1,webp,v1.5.1 (carried),,,
dist/brand/monogram/athar-mark-dark-256.png,2 monogram-favicon-appicons,mark-dark,256 x 256,7457,d89ccd291e3320961910d114e448c2fd48e4116c992a9ccdae593f6ebc6bc4ed,resvg-js 2.6.2 (resvg 0.40.0) + sharp 0.34.3/libvips 8.17.1,rendered-assets-v1.5.0/dist/brand/monogram/athar-monogram-light.svg (<- Athar_Package 02 Logo/SVG/Athar_Logo_Monogram.svg),2026-09-30T01:18:54Z,PASS,,reversed,transparent,1,png,v1.5.1 (carried),,,
dist/brand/monogram/athar-mark-dark-256.webp,2 monogram-favicon-appicons,mark-dark,256 x 256,3026,48282434f6d25f79610e7818f1f2149183b549d40155e8f7ef1ee3f7abff5154,resvg-js 2.6.2 + sharp 0.34.3 (WebP),rendered-assets-v1.5.0/dist/brand/monogram/athar-monogram-light.svg (<- Athar_Package 02 Logo/SVG/Athar_Logo_Monogram.svg),2026-09-30T01:18:54Z,PASS,,reversed,transparent,1,webp,v1.5.1 (carried),,,
dist/brand/monogram/athar-mark-dark-512.png,2 monogram-favicon-appicons,mark-dark,512 x 512,15521,c58e854c935d4964c90df6cfe0fb02aa7142953bac59a9da4b5784602f8ba45c,resvg-js 2.6.2 (resvg 0.40.0) + sharp 0.34.3/libvips 8.17.1,rendered-assets-v1.5.0/dist/brand/monogram/athar-monogram-light.svg (<- Athar_Package 02 Logo/SVG/Athar_Logo_Monogram.svg),2026-09-30T01:18:54Z,PASS,,reversed,transparent,1,png,v1.5.1 (carried),,,
dist/brand/monogram/athar-mark-dark-512.webp,2 monogram-favicon-appicons,mark-dark,512 x 512,5572,6bf4e0aabf9e51cea00530fa592096aa9e34f44db5e42fe60d17e8659e27646a,resvg-js 2.6.2 + sharp 0.34.3 (WebP),rendered-assets-v1.5.0/dist/brand/monogram/athar-monogram-light.svg (<- Athar_Package 02 Logo/SVG/Athar_Logo_Monogram.svg),2026-09-30T01:18:54Z,PASS,,reversed,transparent,1,webp,v1.5.1 (carried),,,
dist/brand/monogram/athar-mark-dark.svg,2 monogram-favicon-appicons,mark-dark,512 x 512,6516,d5caa84bf5c43136aa4d30bf740df8a6d768c72fe90962d4d9231d4f99caf9c9,svgo 4.1.0 (safe config),rendered-assets-v1.5.0/dist/brand/monogram/athar-monogram-light.svg (<- Athar_Package 02 Logo/SVG/Athar_Logo_Monogram.svg),2026-09-30T01:18:55Z,PASS,,reversed,transparent,1,svg,v1.5.1 (carried),,,
dist/brand/monogram/athar-mark-dark.pdf,2 monogram-favicon-appicons,mark-dark,512 x 512,5990,1cee06d29ab0b769036a303292394a6627b0e84ae781cf35bce753b986b98bd7,PyMuPDF 1.28.2 (MuPDF SVG->PDF),rendered-assets-v1.5.0/dist/brand/monogram/athar-monogram-light.svg (<- Athar_Package 02 Logo/SVG/Athar_Logo_Monogram.svg),2026-09-30T01:18:55Z,PASS,,reversed,transparent,1,pdf,v1.5.1 (carried),,,
dist/brand/favicon-16.png,2 monogram-favicon-appicons,favicon,16 x 16,818,7b162edea71a60cfbc51b1baf3c9857198edd72d8255b9a51fb5439a78ce5ade,resvg-js 2.6.2 (resvg 0.40.0) + sharp 0.34.3/libvips 8.17.1,rendered-assets-v1.5.0/dist/brand/monogram/athar-monogram-light.svg (<- Athar_Package 02 Logo/SVG/Athar_Logo_Monogram.svg),2026-09-30T01:18:54Z,PASS,,navy,transparent,1,png,v1.5.1 (carried),,,
dist/brand/favicon-32.png,2 monogram-favicon-appicons,favicon,32 x 32,1131,7d28a2058c86ec642d08b8440db0cafd3332d0c33ca42272d000e0dd0d3a3af2,resvg-js 2.6.2 (resvg 0.40.0) + sharp 0.34.3/libvips 8.17.1,rendered-assets-v1.5.0/dist/brand/monogram/athar-monogram-light.svg (<- Athar_Package 02 Logo/SVG/Athar_Logo_Monogram.svg),2026-09-30T01:18:54Z,PASS,,navy,transparent,1,png,v1.5.1 (carried),,,
dist/brand/favicon-48.png,2 monogram-favicon-appicons,favicon,48 x 48,1517,2ff9eb9c2e449f0b3c241d35f0f27b00b5ce5ef314ec22ab7106df7f01cbf4c2,resvg-js 2.6.2 (resvg 0.40.0) + sharp 0.34.3/libvips 8.17.1,rendered-assets-v1.5.0/dist/brand/monogram/athar-monogram-light.svg (<- Athar_Package 02 Logo/SVG/Athar_Logo_Monogram.svg),2026-09-30T01:18:54Z,PASS,,navy,transparent,1,png,v1.5.1 (carried),,,
dist/brand/favicon.ico,2 monogram-favicon-appicons,favicon-ico,48 x 48,3520,96f31d16400d4f69ccd011c312e18518010b795474522737b6615d1419e65ea5,PNG-in-ICO writer (Python struct) over resvg-js renders,rendered-assets-v1.5.0/dist/brand/monogram/athar-monogram-light.svg (<- Athar_Package 02 Logo/SVG/Athar_Logo_Monogram.svg),2026-09-30T01:18:55Z,PASS,,navy,transparent,1,ico,v1.5.1 (carried),,,
dist/brand/app-icon-180.png,2 monogram-favicon-appicons,app-icon,180 x 180,4052,929e90cb57beb51daa41308b6d004b1c81b060beb1f9bde9767eb4ac29a56247,resvg-js 2.6.2 (resvg 0.40.0) + sharp 0.34.3/libvips 8.17.1,rendered-assets-v1.5.0/dist/brand/monogram/athar-monogram-light.svg (<- Athar_Package 02 Logo/SVG/Athar_Logo_Monogram.svg),2026-09-30T01:18:54Z,PASS,,reversed,deep_ocean,1,png,v1.5.1 (carried),,,
dist/brand/app-icon-192.png,2 monogram-favicon-appicons,app-icon,192 x 192,4377,c36679bf3dcfce0c14261befb4c1c4c132f534b69c6b3c0006d6d7224b75f4f2,resvg-js 2.6.2 (resvg 0.40.0) + sharp 0.34.3/libvips 8.17.1,rendered-assets-v1.5.0/dist/brand/monogram/athar-monogram-light.svg (<- Athar_Package 02 Logo/SVG/Athar_Logo_Monogram.svg),2026-09-30T01:18:54Z,PASS,,reversed,deep_ocean,1,png,v1.5.1 (carried),,,
dist/brand/app-icon-512.png,2 monogram-favicon-appicons,app-icon,512 x 512,11629,867830291c3a8e7e299dbea421a87eb4adde05d4315c0ad61f679e7c588e9e06,resvg-js 2.6.2 (resvg 0.40.0) + sharp 0.34.3/libvips 8.17.1,rendered-assets-v1.5.0/dist/brand/monogram/athar-monogram-light.svg (<- Athar_Package 02 Logo/SVG/Athar_Logo_Monogram.svg),2026-09-30T01:18:54Z,PASS,,reversed,deep_ocean,1,png,v1.5.1 (carried),,,
dist/brand/app-icon-1024.png,2 monogram-favicon-appicons,app-icon,1024 x 1024,25872,61675c890da4c250e50d4f7f1d27dbcdec161852bdd2348eba44a9ee325711ce,resvg-js 2.6.2 (resvg 0.40.0) + sharp 0.34.3/libvips 8.17.1,rendered-assets-v1.5.0/dist/brand/monogram/athar-monogram-light.svg (<- Athar_Package 02 Logo/SVG/Athar_Logo_Monogram.svg),2026-09-30T01:18:54Z,PASS,,reversed,deep_ocean,1,png,v1.5.1 (carried),,,
dist/brand/maskable-192.png,2 monogram-favicon-appicons,maskable,192 x 192,3838,32378501ec72ce600b69eb04977bd77c31393e15ef49d0ce1be4300ed992a0a3,resvg-js 2.6.2 (resvg 0.40.0) + sharp 0.34.3/libvips 8.17.1,rendered-assets-v1.5.0/dist/brand/monogram/athar-monogram-light.svg (<- Athar_Package 02 Logo/SVG/Athar_Logo_Monogram.svg),2026-09-30T01:18:55Z,PASS,,reversed,deep_ocean,1,png,v1.5.1 (carried),,,
dist/brand/maskable-512.png,2 monogram-favicon-appicons,maskable,512 x 512,10143,158167556399d977ac0e623fb274e637378833deb27c8d43760fc4a85bbe9f1d,resvg-js 2.6.2 (resvg 0.40.0) + sharp 0.34.3/libvips 8.17.1,rendered-assets-v1.5.0/dist/brand/monogram/athar-monogram-light.svg (<- Athar_Package 02 Logo/SVG/Athar_Logo_Monogram.svg),2026-09-30T01:18:55Z,PASS,,reversed,deep_ocean,1,png,v1.5.1 (carried),,,
dist/brand/apple-touch-icon.png,2 monogram-favicon-appicons,apple-touch,180 x 180,4052,929e90cb57beb51daa41308b6d004b1c81b060beb1f9bde9767eb4ac29a56247,resvg-js 2.6.2 (resvg 0.40.0) + sharp 0.34.3/libvips 8.17.1,rendered-assets-v1.5.0/dist/brand/monogram/athar-monogram-light.svg (<- Athar_Package 02 Logo/SVG/Athar_Logo_Monogram.svg),2026-09-30T01:18:55Z,PASS,,reversed,deep_ocean,1,png,v1.5.1 (carried),,,
dist/brand/tagline/athar-tagline-lockup-en-navy-on-transparent@1x.png,3 tagline-and-colourway-variants,tagline-en,610 x 732,19765,8532405a917df9866d20aa1d83536e35fdbc9f089a518fc305045a2ec3bf4521,resvg-js 2.6.2 (resvg 0.40.0) + sharp 0.34.3/libvips 8.17.1,rendered-assets-v1.5.0/dist/brand/monogram/athar-monogram-light.svg (<- Athar_Package 02 Logo/SVG/Athar_Logo_Monogram.svg) | rendered-assets-v1.5.0/dist/brand/wordmark/athar-wordmark-light.svg (<- Athar_Package 02 Logo/SVG/Athar_Logo_Horizontal.svg wordmark) | IBM Plex Sans (outlined),2026-09-30T01:20:02Z,PASS,,navy,transparent,1,png,v1.5.1 (carried),,,
dist/brand/tagline/athar-tagline-lockup-en-navy-on-transparent@1x.webp,3 tagline-and-colourway-variants,tagline-en,610 x 732,6856,eb98bfe741778ae1693c0eacd42acbd295664a4b1f307a3874ceabfe5021e954,resvg-js 2.6.2 + sharp 0.34.3 (WebP),rendered-assets-v1.5.0/dist/brand/monogram/athar-monogram-light.svg (<- Athar_Package 02 Logo/SVG/Athar_Logo_Monogram.svg) | rendered-assets-v1.5.0/dist/brand/wordmark/athar-wordmark-light.svg (<- Athar_Package 02 Logo/SVG/Athar_Logo_Horizontal.svg wordmark) | IBM Plex Sans (outlined),2026-09-30T01:20:02Z,PASS,,navy,transparent,1,webp,v1.5.1 (carried),,,
dist/brand/tagline/athar-tagline-lockup-en-navy-on-transparent@2x.png,3 tagline-and-colourway-variants,tagline-en,1220 x 1464,43430,1485c12ed5c8f81c31293bcb20593b7086af5064adca048e3234bb11988ef5e8,resvg-js 2.6.2 (resvg 0.40.0) + sharp 0.34.3/libvips 8.17.1,rendered-assets-v1.5.0/dist/brand/monogram/athar-monogram-light.svg (<- Athar_Package 02 Logo/SVG/Athar_Logo_Monogram.svg) | rendered-assets-v1.5.0/dist/brand/wordmark/athar-wordmark-light.svg (<- Athar_Package 02 Logo/SVG/Athar_Logo_Horizontal.svg wordmark) | IBM Plex Sans (outlined),2026-09-30T01:20:02Z,PASS,,navy,transparent,2,png,v1.5.1 (carried),,,
dist/brand/tagline/athar-tagline-lockup-en-navy-on-transparent@2x.webp,3 tagline-and-colourway-variants,tagline-en,1220 x 1464,13436,00acb7a83e5962ada20e108653ba54e686e1ee88b449d1014da402ffecfbf2dc,resvg-js 2.6.2 + sharp 0.34.3 (WebP),rendered-assets-v1.5.0/dist/brand/monogram/athar-monogram-light.svg (<- Athar_Package 02 Logo/SVG/Athar_Logo_Monogram.svg) | rendered-assets-v1.5.0/dist/brand/wordmark/athar-wordmark-light.svg (<- Athar_Package 02 Logo/SVG/Athar_Logo_Horizontal.svg wordmark) | IBM Plex Sans (outlined),2026-09-30T01:20:02Z,PASS,,navy,transparent,2,webp,v1.5.1 (carried),,,
dist/brand/tagline/athar-tagline-lockup-en-navy-on-transparent@3x.png,3 tagline-and-colourway-variants,tagline-en,1830 x 2196,70053,5e2b27cd0e775cc58d07827dcab8f44c3caa6b6c2a294679e515b9820dc1414f,resvg-js 2.6.2 (resvg 0.40.0) + sharp 0.34.3/libvips 8.17.1,rendered-assets-v1.5.0/dist/brand/monogram/athar-monogram-light.svg (<- Athar_Package 02 Logo/SVG/Athar_Logo_Monogram.svg) | rendered-assets-v1.5.0/dist/brand/wordmark/athar-wordmark-light.svg (<- Athar_Package 02 Logo/SVG/Athar_Logo_Horizontal.svg wordmark) | IBM Plex Sans (outlined),2026-09-30T01:20:03Z,PASS,,navy,transparent,3,png,v1.5.1 (carried),,,
dist/brand/tagline/athar-tagline-lockup-en-navy-on-transparent@3x.webp,3 tagline-and-colourway-variants,tagline-en,1830 x 2196,20272,38cbde6d126ba0e9e77f53697e05c034379ccbd6c3f6a31276348cc2c24e1a45,resvg-js 2.6.2 + sharp 0.34.3 (WebP),rendered-assets-v1.5.0/dist/brand/monogram/athar-monogram-light.svg (<- Athar_Package 02 Logo/SVG/Athar_Logo_Monogram.svg) | rendered-assets-v1.5.0/dist/brand/wordmark/athar-wordmark-light.svg (<- Athar_Package 02 Logo/SVG/Athar_Logo_Horizontal.svg wordmark) | IBM Plex Sans (outlined),2026-09-30T01:20:03Z,PASS,,navy,transparent,3,webp,v1.5.1 (carried),,,
dist/brand/tagline/athar-tagline-lockup-en-navy-on-transparent.svg,3 tagline-and-colourway-variants,tagline-en,610 x 732,14571,af97658a8de1d7eb3606550e43cbd9580c21f0766eb9490b17d9d662f6d793d0,svgo 4.1.0 (safe config),rendered-assets-v1.5.0/dist/brand/monogram/athar-monogram-light.svg (<- Athar_Package 02 Logo/SVG/Athar_Logo_Monogram.svg) | rendered-assets-v1.5.0/dist/brand/wordmark/athar-wordmark-light.svg (<- Athar_Package 02 Logo/SVG/Athar_Logo_Horizontal.svg wordmark),2026-09-30T01:20:31Z,PASS,,navy,transparent,1,svg,v1.5.1 (carried),,,
dist/brand/tagline/athar-tagline-lockup-en-navy-on-transparent.pdf,3 tagline-and-colourway-variants,tagline-en,610 x 732,12894,9f337ced51ed87fa8418bdac0022f89950c99e030f87f68bd39429cd3b7dff3f,PyMuPDF 1.28.2 (MuPDF SVG->PDF),rendered-assets-v1.5.0/dist/brand/monogram/athar-monogram-light.svg (<- Athar_Package 02 Logo/SVG/Athar_Logo_Monogram.svg) | rendered-assets-v1.5.0/dist/brand/wordmark/athar-wordmark-light.svg (<- Athar_Package 02 Logo/SVG/Athar_Logo_Horizontal.svg wordmark),2026-09-30T01:20:31Z,PASS,,navy,transparent,1,pdf,v1.5.1 (carried),,,
dist/brand/tagline/athar-tagline-lockup-en-navy-on-ivory@1x.png,3 tagline-and-colourway-variants,tagline-en,610 x 732,18863,f85faa27b2afdff173651715bfd63e181caeaa999ef921536b84399c6211dde9,resvg-js 2.6.2 (resvg 0.40.0) + sharp 0.34.3/libvips 8.17.1,rendered-assets-v1.5.0/dist/brand/monogram/athar-monogram-light.svg (<- Athar_Package 02 Logo/SVG/Athar_Logo_Monogram.svg) | rendered-assets-v1.5.0/dist/brand/wordmark/athar-wordmark-light.svg (<- Athar_Package 02 Logo/SVG/Athar_Logo_Horizontal.svg wordmark) | IBM Plex Sans (outlined),2026-09-30T01:20:03Z,PASS,,navy,ivory,1,png,v1.5.1 (carried),,,
dist/brand/tagline/athar-tagline-lockup-en-navy-on-ivory@1x.webp,3 tagline-and-colourway-variants,tagline-en,610 x 732,6830,ecf423943e331fb1d925a83e6944678eec1b57302a33ba5885a9751e84345708,resvg-js 2.6.2 + sharp 0.34.3 (WebP),rendered-assets-v1.5.0/dist/brand/monogram/athar-monogram-light.svg (<- Athar_Package 02 Logo/SVG/Athar_Logo_Monogram.svg) | rendered-assets-v1.5.0/dist/brand/wordmark/athar-wordmark-light.svg (<- Athar_Package 02 Logo/SVG/Athar_Logo_Horizontal.svg wordmark) | IBM Plex Sans (outlined),2026-09-30T01:20:03Z,PASS,,navy,ivory,1,webp,v1.5.1 (carried),,,
dist/brand/tagline/athar-tagline-lockup-en-navy-on-ivory@2x.png,3 tagline-and-colourway-variants,tagline-en,1220 x 1464,41514,db19de950998c7c8612bd58809f8107cf94876ed332d8fadaa71500cffd487d0,resvg-js 2.6.2 (resvg 0.40.0) + sharp 0.34.3/libvips 8.17.1,rendered-assets-v1.5.0/dist/brand/monogram/athar-monogram-light.svg (<- Athar_Package 02 Logo/SVG/Athar_Logo_Monogram.svg) | rendered-assets-v1.5.0/dist/brand/wordmark/athar-wordmark-light.svg (<- Athar_Package 02 Logo/SVG/Athar_Logo_Horizontal.svg wordmark) | IBM Plex Sans (outlined),2026-09-30T01:20:03Z,PASS,,navy,ivory,2,png,v1.5.1 (carried),,,
dist/brand/tagline/athar-tagline-lockup-en-navy-on-ivory@2x.webp,3 tagline-and-colourway-variants,tagline-en,1220 x 1464,13516,39a6599db213083910fe4eb7d154051996c1b3ba2ce2d4a3a3a6e855df88d7d7,resvg-js 2.6.2 + sharp 0.34.3 (WebP),rendered-assets-v1.5.0/dist/brand/monogram/athar-monogram-light.svg (<- Athar_Package 02 Logo/SVG/Athar_Logo_Monogram.svg) | rendered-assets-v1.5.0/dist/brand/wordmark/athar-wordmark-light.svg (<- Athar_Package 02 Logo/SVG/Athar_Logo_Horizontal.svg wordmark) | IBM Plex Sans (outlined),2026-09-30T01:20:03Z,PASS,,navy,ivory,2,webp,v1.5.1 (carried),,,
dist/brand/tagline/athar-tagline-lockup-en-navy-on-ivory@3x.png,3 tagline-and-colourway-variants,tagline-en,1830 x 2196,67772,ec92e57c9b26f55af1070f633ef2ad1257473dafc06e4bbd4f77842118db6363,resvg-js 2.6.2 (resvg 0.40.0) + sharp 0.34.3/libvips 8.17.1,rendered-assets-v1.5.0/dist/brand/monogram/athar-monogram-light.svg (<- Athar_Package 02 Logo/SVG/Athar_Logo_Monogram.svg) | rendered-assets-v1.5.0/dist/brand/wordmark/athar-wordmark-light.svg (<- Athar_Package 02 Logo/SVG/Athar_Logo_Horizontal.svg wordmark) | IBM Plex Sans (outlined),2026-09-30T01:20:04Z,PASS,,navy,ivory,3,png,v1.5.1 (carried),,,
dist/brand/tagline/athar-tagline-lockup-en-navy-on-ivory@3x.webp,3 tagline-and-colourway-variants,tagline-en,1830 x 2196,20290,71e3722366bf51ebb374c1423c334b89a3773f3a7852426065b15bd64e463950,resvg-js 2.6.2 + sharp 0.34.3 (WebP),rendered-assets-v1.5.0/dist/brand/monogram/athar-monogram-light.svg (<- Athar_Package 02 Logo/SVG/Athar_Logo_Monogram.svg) | rendered-assets-v1.5.0/dist/brand/wordmark/athar-wordmark-light.svg (<- Athar_Package 02 Logo/SVG/Athar_Logo_Horizontal.svg wordmark) | IBM Plex Sans (outlined),2026-09-30T01:20:04Z,PASS,,navy,ivory,3,webp,v1.5.1 (carried),,,
dist/brand/tagline/athar-tagline-lockup-en-navy-on-ivory.svg,3 tagline-and-colourway-variants,tagline-en,610 x 732,14645,4dd84720cf283ff2527bc042ad6353bc19336746a019b15b6448e43ba9acc1c4,svgo 4.1.0 (safe config),rendered-assets-v1.5.0/dist/brand/monogram/athar-monogram-light.svg (<- Athar_Package 02 Logo/SVG/Athar_Logo_Monogram.svg) | rendered-assets-v1.5.0/dist/brand/wordmark/athar-wordmark-light.svg (<- Athar_Package 02 Logo/SVG/Athar_Logo_Horizontal.svg wordmark),2026-09-30T01:20:31Z,PASS,,navy,ivory,1,svg,v1.5.1 (carried),,,
dist/brand/tagline/athar-tagline-lockup-en-navy-on-ivory.pdf,3 tagline-and-colourway-variants,tagline-en,610 x 732,12948,a2b438350605037fb22f8138a6b3816570c84b029d41a6f531a7418f97157296,PyMuPDF 1.28.2 (MuPDF SVG->PDF),rendered-assets-v1.5.0/dist/brand/monogram/athar-monogram-light.svg (<- Athar_Package 02 Logo/SVG/Athar_Logo_Monogram.svg) | rendered-assets-v1.5.0/dist/brand/wordmark/athar-wordmark-light.svg (<- Athar_Package 02 Logo/SVG/Athar_Logo_Horizontal.svg wordmark),2026-09-30T01:20:31Z,PASS,,navy,ivory,1,pdf,v1.5.1 (carried),,,
dist/brand/tagline/athar-tagline-lockup-en-navy-on-sand@1x.png,3 tagline-and-colourway-variants,tagline-en,610 x 732,19346,a47dd84a08b8d561a970efaca3ba65b33b4ec946fd5ae4e1d4c85e4237e36c9d,resvg-js 2.6.2 (resvg 0.40.0) + sharp 0.34.3/libvips 8.17.1,rendered-assets-v1.5.0/dist/brand/monogram/athar-monogram-light.svg (<- Athar_Package 02 Logo/SVG/Athar_Logo_Monogram.svg) | rendered-assets-v1.5.0/dist/brand/wordmark/athar-wordmark-light.svg (<- Athar_Package 02 Logo/SVG/Athar_Logo_Horizontal.svg wordmark) | IBM Plex Sans (outlined),2026-09-30T01:20:04Z,PASS,,navy,sand,1,png,v1.5.1 (carried),,,
dist/brand/tagline/athar-tagline-lockup-en-navy-on-sand@1x.webp,3 tagline-and-colourway-variants,tagline-en,610 x 732,6820,4ffeea80bbd744ab75c099912691f3db147979e9afb0c1b36b38e9a15b4f79bd,resvg-js 2.6.2 + sharp 0.34.3 (WebP),rendered-assets-v1.5.0/dist/brand/monogram/athar-monogram-light.svg (<- Athar_Package 02 Logo/SVG/Athar_Logo_Monogram.svg) | rendered-assets-v1.5.0/dist/brand/wordmark/athar-wordmark-light.svg (<- Athar_Package 02 Logo/SVG/Athar_Logo_Horizontal.svg wordmark) | IBM Plex Sans (outlined),2026-09-30T01:20:04Z,PASS,,navy,sand,1,webp,v1.5.1 (carried),,,
dist/brand/tagline/athar-tagline-lockup-en-navy-on-sand@2x.png,3 tagline-and-colourway-variants,tagline-en,1220 x 1464,42254,ccd09d569c48f26f2326aef7f29c0b81627542fc074c7b52d72a56ba1add90ea,resvg-js 2.6.2 (resvg 0.40.0) + sharp 0.34.3/libvips 8.17.1,rendered-assets-v1.5.0/dist/brand/monogram/athar-monogram-light.svg (<- Athar_Package 02 Logo/SVG/Athar_Logo_Monogram.svg) | rendered-assets-v1.5.0/dist/brand/wordmark/athar-wordmark-light.svg (<- Athar_Package 02 Logo/SVG/Athar_Logo_Horizontal.svg wordmark) | IBM Plex Sans (outlined),2026-09-30T01:20:04Z,PASS,,navy,sand,2,png,v1.5.1 (carried),,,
dist/brand/tagline/athar-tagline-lockup-en-navy-on-sand@2x.webp,3 tagline-and-colourway-variants,tagline-en,1220 x 1464,13482,ba64fbc61b2d27ec8b8d690de396594befaa8cdecfb1d23633ee0ffc894a45f8,resvg-js 2.6.2 + sharp 0.34.3 (WebP),rendered-assets-v1.5.0/dist/brand/monogram/athar-monogram-light.svg (<- Athar_Package 02 Logo/SVG/Athar_Logo_Monogram.svg) | rendered-assets-v1.5.0/dist/brand/wordmark/athar-wordmark-light.svg (<- Athar_Package 02 Logo/SVG/Athar_Logo_Horizontal.svg wordmark) | IBM Plex Sans (outlined),2026-09-30T01:20:04Z,PASS,,navy,sand,2,webp,v1.5.1 (carried),,,
dist/brand/tagline/athar-tagline-lockup-en-navy-on-sand@3x.png,3 tagline-and-colourway-variants,tagline-en,1830 x 2196,69216,97fcf999348228d6426a3553595dfab3b3358c2b6d63de93d838987625d3568b,resvg-js 2.6.2 (resvg 0.40.0) + sharp 0.34.3/libvips 8.17.1,rendered-assets-v1.5.0/dist/brand/monogram/athar-monogram-light.svg (<- Athar_Package 02 Logo/SVG/Athar_Logo_Monogram.svg) | rendered-assets-v1.5.0/dist/brand/wordmark/athar-wordmark-light.svg (<- Athar_Package 02 Logo/SVG/Athar_Logo_Horizontal.svg wordmark) | IBM Plex Sans (outlined),2026-09-30T01:20:05Z,PASS,,navy,sand,3,png,v1.5.1 (carried),,,
dist/brand/tagline/athar-tagline-lockup-en-navy-on-sand@3x.webp,3 tagline-and-colourway-variants,tagline-en,1830 x 2196,20236,a6d63618d1dabe0a6d761b70da5b0e393415d2ebb41ea862d802d7690eb9c126,resvg-js 2.6.2 + sharp 0.34.3 (WebP),rendered-assets-v1.5.0/dist/brand/monogram/athar-monogram-light.svg (<- Athar_Package 02 Logo/SVG/Athar_Logo_Monogram.svg) | rendered-assets-v1.5.0/dist/brand/wordmark/athar-wordmark-light.svg (<- Athar_Package 02 Logo/SVG/Athar_Logo_Horizontal.svg wordmark) | IBM Plex Sans (outlined),2026-09-30T01:20:05Z,PASS,,navy,sand,3,webp,v1.5.1 (carried),,,
dist/brand/tagline/athar-tagline-lockup-en-navy-on-sand.svg,3 tagline-and-colourway-variants,tagline-en,610 x 732,14644,fd23a43aa40c21f7c0aa8a907dcf240e2b8f55425dcb4d520bcf7e50f0d6542f,svgo 4.1.0 (safe config),rendered-assets-v1.5.0/dist/brand/monogram/athar-monogram-light.svg (<- Athar_Package 02 Logo/SVG/Athar_Logo_Monogram.svg) | rendered-assets-v1.5.0/dist/brand/wordmark/athar-wordmark-light.svg (<- Athar_Package 02 Logo/SVG/Athar_Logo_Horizontal.svg wordmark),2026-09-30T01:20:32Z,PASS,,navy,sand,1,svg,v1.5.1 (carried),,,
dist/brand/tagline/athar-tagline-lockup-en-navy-on-sand.pdf,3 tagline-and-colourway-variants,tagline-en,610 x 732,12951,636d28a911801e49ca2951570bc1777173172a03b890f36098201345730f617a,PyMuPDF 1.28.2 (MuPDF SVG->PDF),rendered-assets-v1.5.0/dist/brand/monogram/athar-monogram-light.svg (<- Athar_Package 02 Logo/SVG/Athar_Logo_Monogram.svg) | rendered-assets-v1.5.0/dist/brand/wordmark/athar-wordmark-light.svg (<- Athar_Package 02 Logo/SVG/Athar_Logo_Horizontal.svg wordmark),2026-09-30T01:20:32Z,PASS,,navy,sand,1,pdf,v1.5.1 (carried),,,
dist/brand/tagline/athar-tagline-lockup-en-reversed-on-transparent@1x.png,3 tagline-and-colourway-variants,tagline-en,610 x 732,19607,41ef4854ded3fb541dc19d8ff31515f304818231eb4de10f7910b301d90d91df,resvg-js 2.6.2 (resvg 0.40.0) + sharp 0.34.3/libvips 8.17.1,rendered-assets-v1.5.0/dist/brand/monogram/athar-monogram-light.svg (<- Athar_Package 02 Logo/SVG/Athar_Logo_Monogram.svg) | rendered-assets-v1.5.0/dist/brand/wordmark/athar-wordmark-light.svg (<- Athar_Package 02 Logo/SVG/Athar_Logo_Horizontal.svg wordmark) | IBM Plex Sans (outlined),2026-09-30T01:20:05Z,PASS,,reversed,transparent,1,png,v1.5.1 (carried),,,
dist/brand/tagline/athar-tagline-lockup-en-reversed-on-transparent@1x.webp,3 tagline-and-colourway-variants,tagline-en,610 x 732,7006,451fd0f4b14995e987c1c7fed720cd57bb1574c3d899679956e8dea4f137d0e3,resvg-js 2.6.2 + sharp 0.34.3 (WebP),rendered-assets-v1.5.0/dist/brand/monogram/athar-monogram-light.svg (<- Athar_Package 02 Logo/SVG/Athar_Logo_Monogram.svg) | rendered-assets-v1.5.0/dist/brand/wordmark/athar-wordmark-light.svg (<- Athar_Package 02 Logo/SVG/Athar_Logo_Horizontal.svg wordmark) | IBM Plex Sans (outlined),2026-09-30T01:20:05Z,PASS,,reversed,transparent,1,webp,v1.5.1 (carried),,,
dist/brand/tagline/athar-tagline-lockup-en-reversed-on-transparent@2x.png,3 tagline-and-colourway-variants,tagline-en,1220 x 1464,43549,f034c546725622a3f0139ee386348a06469972422b11dc7adac997107d277755,resvg-js 2.6.2 (resvg 0.40.0) + sharp 0.34.3/libvips 8.17.1,rendered-assets-v1.5.0/dist/brand/monogram/athar-monogram-light.svg (<- Athar_Package 02 Logo/SVG/Athar_Logo_Monogram.svg) | rendered-assets-v1.5.0/dist/brand/wordmark/athar-wordmark-light.svg (<- Athar_Package 02 Logo/SVG/Athar_Logo_Horizontal.svg wordmark) | IBM Plex Sans (outlined),2026-09-30T01:20:05Z,PASS,,reversed,transparent,2,png,v1.5.1 (carried),,,
dist/brand/tagline/athar-tagline-lockup-en-reversed-on-transparent@2x.webp,3 tagline-and-colourway-variants,tagline-en,1220 x 1464,14098,3b4b0a204fe67f8a70f19c5a7936b16a691a13bc0a00a783e20e8e4885a6aed7,resvg-js 2.6.2 + sharp 0.34.3 (WebP),rendered-assets-v1.5.0/dist/brand/monogram/athar-monogram-light.svg (<- Athar_Package 02 Logo/SVG/Athar_Logo_Monogram.svg) | rendered-assets-v1.5.0/dist/brand/wordmark/athar-wordmark-light.svg (<- Athar_Package 02 Logo/SVG/Athar_Logo_Horizontal.svg wordmark) | IBM Plex Sans (outlined),2026-09-30T01:20:05Z,PASS,,reversed,transparent,2,webp,v1.5.1 (carried),,,
dist/brand/tagline/athar-tagline-lockup-en-reversed-on-transparent@3x.png,3 tagline-and-colourway-variants,tagline-en,1830 x 2196,70084,4d67e67cb0a01506dd9df9babdd17901128330fbf26d1b2537d7961a368fe581,resvg-js 2.6.2 (resvg 0.40.0) + sharp 0.34.3/libvips 8.17.1,rendered-assets-v1.5.0/dist/brand/monogram/athar-monogram-light.svg (<- Athar_Package 02 Logo/SVG/Athar_Logo_Monogram.svg) | rendered-assets-v1.5.0/dist/brand/wordmark/athar-wordmark-light.svg (<- Athar_Package 02 Logo/SVG/Athar_Logo_Horizontal.svg wordmark) | IBM Plex Sans (outlined),2026-09-30T01:20:06Z,PASS,,reversed,transparent,3,png,v1.5.1 (carried),,,
dist/brand/tagline/athar-tagline-lockup-en-reversed-on-transparent@3x.webp,3 tagline-and-colourway-variants,tagline-en,1830 x 2196,20378,afa3f76efff5805dc63310656e73f4590754eaae4ce5b10e6684bb32cba97ae0,resvg-js 2.6.2 + sharp 0.34.3 (WebP),rendered-assets-v1.5.0/dist/brand/monogram/athar-monogram-light.svg (<- Athar_Package 02 Logo/SVG/Athar_Logo_Monogram.svg) | rendered-assets-v1.5.0/dist/brand/wordmark/athar-wordmark-light.svg (<- Athar_Package 02 Logo/SVG/Athar_Logo_Horizontal.svg wordmark) | IBM Plex Sans (outlined),2026-09-30T01:20:06Z,PASS,,reversed,transparent,3,webp,v1.5.1 (carried),,,
dist/brand/tagline/athar-tagline-lockup-en-reversed-on-transparent.svg,3 tagline-and-colourway-variants,tagline-en,610 x 732,14575,4e20a17698461dd291b0290887ed810fdd976ed47d3ed35b6cff704aad4c68c5,svgo 4.1.0 (safe config),rendered-assets-v1.5.0/dist/brand/monogram/athar-monogram-light.svg (<- Athar_Package 02 Logo/SVG/Athar_Logo_Monogram.svg) | rendered-assets-v1.5.0/dist/brand/wordmark/athar-wordmark-light.svg (<- Athar_Package 02 Logo/SVG/Athar_Logo_Horizontal.svg wordmark),2026-09-30T01:20:32Z,PASS,,reversed,transparent,1,svg,v1.5.1 (carried),,,
dist/brand/tagline/athar-tagline-lockup-en-reversed-on-transparent.pdf,3 tagline-and-colourway-variants,tagline-en,610 x 732,12894,e63be5e324b752120eab6c0af18ba90b73fd29d9ee2f7195f0523336d09de88e,PyMuPDF 1.28.2 (MuPDF SVG->PDF),rendered-assets-v1.5.0/dist/brand/monogram/athar-monogram-light.svg (<- Athar_Package 02 Logo/SVG/Athar_Logo_Monogram.svg) | rendered-assets-v1.5.0/dist/brand/wordmark/athar-wordmark-light.svg (<- Athar_Package 02 Logo/SVG/Athar_Logo_Horizontal.svg wordmark),2026-09-30T01:20:32Z,PASS,,reversed,transparent,1,pdf,v1.5.1 (carried),,,
dist/brand/tagline/athar-tagline-lockup-en-reversed-on-deep_ocean@1x.png,3 tagline-and-colourway-variants,tagline-en,610 x 732,19399,f7291419c155d220ec042858bf3162ca51de61f44ce3092884f57e518088cd97,resvg-js 2.6.2 (resvg 0.40.0) + sharp 0.34.3/libvips 8.17.1,rendered-assets-v1.5.0/dist/brand/monogram/athar-monogram-light.svg (<- Athar_Package 02 Logo/SVG/Athar_Logo_Monogram.svg) | rendered-assets-v1.5.0/dist/brand/wordmark/athar-wordmark-light.svg (<- Athar_Package 02 Logo/SVG/Athar_Logo_Horizontal.svg wordmark) | IBM Plex Sans (outlined),2026-09-30T01:20:06Z,PASS,,reversed,deep_ocean,1,png,v1.5.1 (carried),,,
dist/brand/tagline/athar-tagline-lockup-en-reversed-on-deep_ocean@1x.webp,3 tagline-and-colourway-variants,tagline-en,610 x 732,7158,d8c7869d417bbc939046f2b99293e4e62c6f2434e182deda7905dd476424517b,resvg-js 2.6.2 + sharp 0.34.3 (WebP),rendered-assets-v1.5.0/dist/brand/monogram/athar-monogram-light.svg (<- Athar_Package 02 Logo/SVG/Athar_Logo_Monogram.svg) | rendered-assets-v1.5.0/dist/brand/wordmark/athar-wordmark-light.svg (<- Athar_Package 02 Logo/SVG/Athar_Logo_Horizontal.svg wordmark) | IBM Plex Sans (outlined),2026-09-30T01:20:06Z,PASS,,reversed,deep_ocean,1,webp,v1.5.1 (carried),,,
dist/brand/tagline/athar-tagline-lockup-en-reversed-on-deep_ocean@2x.png,3 tagline-and-colourway-variants,tagline-en,1220 x 1464,42341,e2f2f3123fc44283b1df86ed44900d18813752f2bc42fd520ef928b182040b0b,resvg-js 2.6.2 (resvg 0.40.0) + sharp 0.34.3/libvips 8.17.1,rendered-assets-v1.5.0/dist/brand/monogram/athar-monogram-light.svg (<- Athar_Package 02 Logo/SVG/Athar_Logo_Monogram.svg) | rendered-assets-v1.5.0/dist/brand/wordmark/athar-wordmark-light.svg (<- Athar_Package 02 Logo/SVG/Athar_Logo_Horizontal.svg wordmark) | IBM Plex Sans (outlined),2026-09-30T01:20:06Z,PASS,,reversed,deep_ocean,2,png,v1.5.1 (carried),,,
dist/brand/tagline/athar-tagline-lockup-en-reversed-on-deep_ocean@2x.webp,3 tagline-and-colourway-variants,tagline-en,1220 x 1464,14148,042f8e2453553b97acecb198ad2123a856261903a2b39029742d395343cc963b,resvg-js 2.6.2 + sharp 0.34.3 (WebP),rendered-assets-v1.5.0/dist/brand/monogram/athar-monogram-light.svg (<- Athar_Package 02 Logo/SVG/Athar_Logo_Monogram.svg) | rendered-assets-v1.5.0/dist/brand/wordmark/athar-wordmark-light.svg (<- Athar_Package 02 Logo/SVG/Athar_Logo_Horizontal.svg wordmark) | IBM Plex Sans (outlined),2026-09-30T01:20:06Z,PASS,,reversed,deep_ocean,2,webp,v1.5.1 (carried),,,
dist/brand/tagline/athar-tagline-lockup-en-reversed-on-deep_ocean@3x.png,3 tagline-and-colourway-variants,tagline-en,1830 x 2196,68892,67039428e44c20ab03d1f989652e5677054940addd8ce2f762f13f6af65eb095,resvg-js 2.6.2 (resvg 0.40.0) + sharp 0.34.3/libvips 8.17.1,rendered-assets-v1.5.0/dist/brand/monogram/athar-monogram-light.svg (<- Athar_Package 02 Logo/SVG/Athar_Logo_Monogram.svg) | rendered-assets-v1.5.0/dist/brand/wordmark/athar-wordmark-light.svg (<- Athar_Package 02 Logo/SVG/Athar_Logo_Horizontal.svg wordmark) | IBM Plex Sans (outlined),2026-09-30T01:20:07Z,PASS,,reversed,deep_ocean,3,png,v1.5.1 (carried),,,
dist/brand/tagline/athar-tagline-lockup-en-reversed-on-deep_ocean@3x.webp,3 tagline-and-colourway-variants,tagline-en,1830 x 2196,20526,eb12c160dc96170c0635a5bf2807ee1a7d392adeee3dea926459acb949d554fc,resvg-js 2.6.2 + sharp 0.34.3 (WebP),rendered-assets-v1.5.0/dist/brand/monogram/athar-monogram-light.svg (<- Athar_Package 02 Logo/SVG/Athar_Logo_Monogram.svg) | rendered-assets-v1.5.0/dist/brand/wordmark/athar-wordmark-light.svg (<- Athar_Package 02 Logo/SVG/Athar_Logo_Horizontal.svg wordmark) | IBM Plex Sans (outlined),2026-09-30T01:20:07Z,PASS,,reversed,deep_ocean,3,webp,v1.5.1 (carried),,,
dist/brand/tagline/athar-tagline-lockup-en-reversed-on-deep_ocean.svg,3 tagline-and-colourway-variants,tagline-en,610 x 732,14654,e388e9b0eac8e7f8b753e448f61c0b05a672e240fb603ffbc0ebac3c984bdccb,svgo 4.1.0 (safe config),rendered-assets-v1.5.0/dist/brand/monogram/athar-monogram-light.svg (<- Athar_Package 02 Logo/SVG/Athar_Logo_Monogram.svg) | rendered-assets-v1.5.0/dist/brand/wordmark/athar-wordmark-light.svg (<- Athar_Package 02 Logo/SVG/Athar_Logo_Horizontal.svg wordmark),2026-09-30T01:20:32Z,PASS,,reversed,deep_ocean,1,svg,v1.5.1 (carried),,,
dist/brand/tagline/athar-tagline-lockup-en-reversed-on-deep_ocean.pdf,3 tagline-and-colourway-variants,tagline-en,610 x 732,12953,8de2a56efe34dc6510f4b34ee1474591afec99982ac8e21ee8bb9e9a4ea4c68b,PyMuPDF 1.28.2 (MuPDF SVG->PDF),rendered-assets-v1.5.0/dist/brand/monogram/athar-monogram-light.svg (<- Athar_Package 02 Logo/SVG/Athar_Logo_Monogram.svg) | rendered-assets-v1.5.0/dist/brand/wordmark/athar-wordmark-light.svg (<- Athar_Package 02 Logo/SVG/Athar_Logo_Horizontal.svg wordmark),2026-09-30T01:20:32Z,PASS,,reversed,deep_ocean,1,pdf,v1.5.1 (carried),,,
dist/brand/tagline/athar-tagline-lockup-en-mono-black-on-transparent@1x.png,3 tagline-and-colourway-variants,tagline-en,610 x 732,12311,cc626ab973596f056f17a03dd92c1009cf96bdfbc8f318e9dd01e1efb9d76519,resvg-js 2.6.2 (resvg 0.40.0) + sharp 0.34.3/libvips 8.17.1,rendered-assets-v1.5.0/dist/brand/monogram/athar-monogram-light.svg (<- Athar_Package 02 Logo/SVG/Athar_Logo_Monogram.svg) | rendered-assets-v1.5.0/dist/brand/wordmark/athar-wordmark-light.svg (<- Athar_Package 02 Logo/SVG/Athar_Logo_Horizontal.svg wordmark) | IBM Plex Sans (outlined),2026-09-30T01:20:07Z,PASS,,mono-black,transparent,1,png,v1.5.1 (carried),,,
dist/brand/tagline/athar-tagline-lockup-en-mono-black-on-transparent@1x.webp,3 tagline-and-colourway-variants,tagline-en,610 x 732,6818,f555981af43d310667f7e175e7ec2649bea0c79efc9327e5031bca322b9ebc83,resvg-js 2.6.2 + sharp 0.34.3 (WebP),rendered-assets-v1.5.0/dist/brand/monogram/athar-monogram-light.svg (<- Athar_Package 02 Logo/SVG/Athar_Logo_Monogram.svg) | rendered-assets-v1.5.0/dist/brand/wordmark/athar-wordmark-light.svg (<- Athar_Package 02 Logo/SVG/Athar_Logo_Horizontal.svg wordmark) | IBM Plex Sans (outlined),2026-09-30T01:20:07Z,PASS,,mono-black,transparent,1,webp,v1.5.1 (carried),,,
dist/brand/tagline/athar-tagline-lockup-en-mono-black-on-transparent@2x.png,3 tagline-and-colourway-variants,tagline-en,1220 x 1464,28051,8c2c39174115b85b85f6ac75dd964ea3fa36fbba6aaf86522a32078839161500,resvg-js 2.6.2 (resvg 0.40.0) + sharp 0.34.3/libvips 8.17.1,rendered-assets-v1.5.0/dist/brand/monogram/athar-monogram-light.svg (<- Athar_Package 02 Logo/SVG/Athar_Logo_Monogram.svg) | rendered-assets-v1.5.0/dist/brand/wordmark/athar-wordmark-light.svg (<- Athar_Package 02 Logo/SVG/Athar_Logo_Horizontal.svg wordmark) | IBM Plex Sans (outlined),2026-09-30T01:20:07Z,PASS,,mono-black,transparent,2,png,v1.5.1 (carried),,,
dist/brand/tagline/athar-tagline-lockup-en-mono-black-on-transparent@2x.webp,3 tagline-and-colourway-variants,tagline-en,1220 x 1464,13394,003bdf88b14dfab2a3eadadfcf08cff77168e46fad28778028e4bc875a4f6b18,resvg-js 2.6.2 + sharp 0.34.3 (WebP),rendered-assets-v1.5.0/dist/brand/monogram/athar-monogram-light.svg (<- Athar_Package 02 Logo/SVG/Athar_Logo_Monogram.svg) | rendered-assets-v1.5.0/dist/brand/wordmark/athar-wordmark-light.svg (<- Athar_Package 02 Logo/SVG/Athar_Logo_Horizontal.svg wordmark) | IBM Plex Sans (outlined),2026-09-30T01:20:07Z,PASS,,mono-black,transparent,2,webp,v1.5.1 (carried),,,
dist/brand/tagline/athar-tagline-lockup-en-mono-black-on-transparent@3x.png,3 tagline-and-colourway-variants,tagline-en,1830 x 2196,47653,772d5c88ce79fd45cc31faffe8161f3a0e36ae4c037230e15f04554a1537dbfc,resvg-js 2.6.2 (resvg 0.40.0) + sharp 0.34.3/libvips 8.17.1,rendered-assets-v1.5.0/dist/brand/monogram/athar-monogram-light.svg (<- Athar_Package 02 Logo/SVG/Athar_Logo_Monogram.svg) | rendered-assets-v1.5.0/dist/brand/wordmark/athar-wordmark-light.svg (<- Athar_Package 02 Logo/SVG/Athar_Logo_Horizontal.svg wordmark) | IBM Plex Sans (outlined),2026-09-30T01:20:08Z,PASS,,mono-black,transparent,3,png,v1.5.1 (carried),,,
dist/brand/tagline/athar-tagline-lockup-en-mono-black-on-transparent@3x.webp,3 tagline-and-colourway-variants,tagline-en,1830 x 2196,20226,583393d3a5ae55f934c7f7b0123391c9c679982faf5ee05d4d1ec4fd541bc6f3,resvg-js 2.6.2 + sharp 0.34.3 (WebP),rendered-assets-v1.5.0/dist/brand/monogram/athar-monogram-light.svg (<- Athar_Package 02 Logo/SVG/Athar_Logo_Monogram.svg) | rendered-assets-v1.5.0/dist/brand/wordmark/athar-wordmark-light.svg (<- Athar_Package 02 Logo/SVG/Athar_Logo_Horizontal.svg wordmark) | IBM Plex Sans (outlined),2026-09-30T01:20:08Z,PASS,,mono-black,transparent,3,webp,v1.5.1 (carried),,,
dist/brand/tagline/athar-tagline-lockup-en-mono-black-on-transparent.svg,3 tagline-and-colourway-variants,tagline-en,610 x 732,14532,f71be7ae90f1e60265b6fa35fa6b11a6e057028f6b793ff4ece8e2c0e8059582,svgo 4.1.0 (safe config),rendered-assets-v1.5.0/dist/brand/monogram/athar-monogram-light.svg (<- Athar_Package 02 Logo/SVG/Athar_Logo_Monogram.svg) | rendered-assets-v1.5.0/dist/brand/wordmark/athar-wordmark-light.svg (<- Athar_Package 02 Logo/SVG/Athar_Logo_Horizontal.svg wordmark),2026-09-30T01:20:33Z,PASS,,mono-black,transparent,1,svg,v1.5.1 (carried),,,
dist/brand/tagline/athar-tagline-lockup-en-mono-black-on-transparent.pdf,3 tagline-and-colourway-variants,tagline-en,610 x 732,12882,00c7e6c2b09939295e381927cc43f664b27ac95b52aacbba7d288a95d1b6a018,PyMuPDF 1.28.2 (MuPDF SVG->PDF),rendered-assets-v1.5.0/dist/brand/monogram/athar-monogram-light.svg (<- Athar_Package 02 Logo/SVG/Athar_Logo_Monogram.svg) | rendered-assets-v1.5.0/dist/brand/wordmark/athar-wordmark-light.svg (<- Athar_Package 02 Logo/SVG/Athar_Logo_Horizontal.svg wordmark),2026-09-30T01:20:33Z,PASS,,mono-black,transparent,1,pdf,v1.5.1 (carried),,,
dist/brand/tagline/athar-tagline-lockup-en-mono-black-on-ivory@1x.png,3 tagline-and-colourway-variants,tagline-en,610 x 732,19638,1d2e8315653e541e74581da39358bb9a861a8ba9d45a1bed8ae190c78855bda2,resvg-js 2.6.2 (resvg 0.40.0) + sharp 0.34.3/libvips 8.17.1,rendered-assets-v1.5.0/dist/brand/monogram/athar-monogram-light.svg (<- Athar_Package 02 Logo/SVG/Athar_Logo_Monogram.svg) | rendered-assets-v1.5.0/dist/brand/wordmark/athar-wordmark-light.svg (<- Athar_Package 02 Logo/SVG/Athar_Logo_Horizontal.svg wordmark) | IBM Plex Sans (outlined),2026-09-30T01:20:08Z,PASS,,mono-black,ivory,1,png,v1.5.1 (carried),,,
dist/brand/tagline/athar-tagline-lockup-en-mono-black-on-ivory@1x.webp,3 tagline-and-colourway-variants,tagline-en,610 x 732,6850,ec9d19d896572281c45f613f10f66c4c58d8987ce9e481af9d8c216d82721857,resvg-js 2.6.2 + sharp 0.34.3 (WebP),rendered-assets-v1.5.0/dist/brand/monogram/athar-monogram-light.svg (<- Athar_Package 02 Logo/SVG/Athar_Logo_Monogram.svg) | rendered-assets-v1.5.0/dist/brand/wordmark/athar-wordmark-light.svg (<- Athar_Package 02 Logo/SVG/Athar_Logo_Horizontal.svg wordmark) | IBM Plex Sans (outlined),2026-09-30T01:20:08Z,PASS,,mono-black,ivory,1,webp,v1.5.1 (carried),,,
dist/brand/tagline/athar-tagline-lockup-en-mono-black-on-ivory@2x.png,3 tagline-and-colourway-variants,tagline-en,1220 x 1464,42946,56888494d5dd5a53c748b8616915fdb71f47e8f73943a1430c42aa91fe42f134,resvg-js 2.6.2 (resvg 0.40.0) + sharp 0.34.3/libvips 8.17.1,rendered-assets-v1.5.0/dist/brand/monogram/athar-monogram-light.svg (<- Athar_Package 02 Logo/SVG/Athar_Logo_Monogram.svg) | rendered-assets-v1.5.0/dist/brand/wordmark/athar-wordmark-light.svg (<- Athar_Package 02 Logo/SVG/Athar_Logo_Horizontal.svg wordmark) | IBM Plex Sans (outlined),2026-09-30T01:20:08Z,PASS,,mono-black,ivory,2,png,v1.5.1 (carried),,,
dist/brand/tagline/athar-tagline-lockup-en-mono-black-on-ivory@2x.webp,3 tagline-and-colourway-variants,tagline-en,1220 x 1464,13548,0897617cff9f9b2c4a122be0e22b55743cd005274682772147ab826854e24322,resvg-js 2.6.2 + sharp 0.34.3 (WebP),rendered-assets-v1.5.0/dist/brand/monogram/athar-monogram-light.svg (<- Athar_Package 02 Logo/SVG/Athar_Logo_Monogram.svg) | rendered-assets-v1.5.0/dist/brand/wordmark/athar-wordmark-light.svg (<- Athar_Package 02 Logo/SVG/Athar_Logo_Horizontal.svg wordmark) | IBM Plex Sans (outlined),2026-09-30T01:20:08Z,PASS,,mono-black,ivory,2,webp,v1.5.1 (carried),,,
dist/brand/tagline/athar-tagline-lockup-en-mono-black-on-ivory@3x.png,3 tagline-and-colourway-variants,tagline-en,1830 x 2196,69786,434fe5d09d2c66606385bc8850d2e74bd6b199695babcec2c19c8f373e9385ed,resvg-js 2.6.2 (resvg 0.40.0) + sharp 0.34.3/libvips 8.17.1,rendered-assets-v1.5.0/dist/brand/monogram/athar-monogram-light.svg (<- Athar_Package 02 Logo/SVG/Athar_Logo_Monogram.svg) | rendered-assets-v1.5.0/dist/brand/wordmark/athar-wordmark-light.svg (<- Athar_Package 02 Logo/SVG/Athar_Logo_Horizontal.svg wordmark) | IBM Plex Sans (outlined),2026-09-30T01:20:08Z,PASS,,mono-black,ivory,3,png,v1.5.1 (carried),,,
dist/brand/tagline/athar-tagline-lockup-en-mono-black-on-ivory@3x.webp,3 tagline-and-colourway-variants,tagline-en,1830 x 2196,20334,17394b819e3370c94fc823976d1865463e5a2af68c2987701f3f941f5e2df099,resvg-js 2.6.2 + sharp 0.34.3 (WebP),rendered-assets-v1.5.0/dist/brand/monogram/athar-monogram-light.svg (<- Athar_Package 02 Logo/SVG/Athar_Logo_Monogram.svg) | rendered-assets-v1.5.0/dist/brand/wordmark/athar-wordmark-light.svg (<- Athar_Package 02 Logo/SVG/Athar_Logo_Horizontal.svg wordmark) | IBM Plex Sans (outlined),2026-09-30T01:20:09Z,PASS,,mono-black,ivory,3,webp,v1.5.1 (carried),,,
dist/brand/tagline/athar-tagline-lockup-en-mono-black-on-ivory.svg,3 tagline-and-colourway-variants,tagline-en,610 x 732,14606,d144fd038e99176f686ebf3d658f1a2c8e45475ab05dc066512ce7779d2165cb,svgo 4.1.0 (safe config),rendered-assets-v1.5.0/dist/brand/monogram/athar-monogram-light.svg (<- Athar_Package 02 Logo/SVG/Athar_Logo_Monogram.svg) | rendered-assets-v1.5.0/dist/brand/wordmark/athar-wordmark-light.svg (<- Athar_Package 02 Logo/SVG/Athar_Logo_Horizontal.svg wordmark),2026-09-30T01:20:33Z,PASS,,mono-black,ivory,1,svg,v1.5.1 (carried),,,
dist/brand/tagline/athar-tagline-lockup-en-mono-black-on-ivory.pdf,3 tagline-and-colourway-variants,tagline-en,610 x 732,12942,97d583d7229d60fa02fd5cc4db28ea69cf15c16662cb292899f4e9699271ec63,PyMuPDF 1.28.2 (MuPDF SVG->PDF),rendered-assets-v1.5.0/dist/brand/monogram/athar-monogram-light.svg (<- Athar_Package 02 Logo/SVG/Athar_Logo_Monogram.svg) | rendered-assets-v1.5.0/dist/brand/wordmark/athar-wordmark-light.svg (<- Athar_Package 02 Logo/SVG/Athar_Logo_Horizontal.svg wordmark),2026-09-30T01:20:33Z,PASS,,mono-black,ivory,1,pdf,v1.5.1 (carried),,,
dist/brand/tagline/athar-tagline-lockup-en-mono-black-on-sand@1x.png,3 tagline-and-colourway-variants,tagline-en,610 x 732,19769,319fe858afc1fb1cf8f17d3c3655d481d3bb7bdeaf44c428fc3dd3908ec2bba7,resvg-js 2.6.2 (resvg 0.40.0) + sharp 0.34.3/libvips 8.17.1,rendered-assets-v1.5.0/dist/brand/monogram/athar-monogram-light.svg (<- Athar_Package 02 Logo/SVG/Athar_Logo_Monogram.svg) | rendered-assets-v1.5.0/dist/brand/wordmark/athar-wordmark-light.svg (<- Athar_Package 02 Logo/SVG/Athar_Logo_Horizontal.svg wordmark) | IBM Plex Sans (outlined),2026-09-30T01:20:09Z,PASS,,mono-black,sand,1,png,v1.5.1 (carried),,,
dist/brand/tagline/athar-tagline-lockup-en-mono-black-on-sand@1x.webp,3 tagline-and-colourway-variants,tagline-en,610 x 732,6856,7cbf635b9a4ce37c004f0031cd68c5d8a69b7ace16456bf471dbe1923189f8a5,resvg-js 2.6.2 + sharp 0.34.3 (WebP),rendered-assets-v1.5.0/dist/brand/monogram/athar-monogram-light.svg (<- Athar_Package 02 Logo/SVG/Athar_Logo_Monogram.svg) | rendered-assets-v1.5.0/dist/brand/wordmark/athar-wordmark-light.svg (<- Athar_Package 02 Logo/SVG/Athar_Logo_Horizontal.svg wordmark) | IBM Plex Sans (outlined),2026-09-30T01:20:09Z,PASS,,mono-black,sand,1,webp,v1.5.1 (carried),,,
dist/brand/tagline/athar-tagline-lockup-en-mono-black-on-sand@2x.png,3 tagline-and-colourway-variants,tagline-en,1220 x 1464,43243,d46b20c31508201b60ea4340fa91243adabeb4afe5ec4240f81c7f44e1cac6e4,resvg-js 2.6.2 (resvg 0.40.0) + sharp 0.34.3/libvips 8.17.1,rendered-assets-v1.5.0/dist/brand/monogram/athar-monogram-light.svg (<- Athar_Package 02 Logo/SVG/Athar_Logo_Monogram.svg) | rendered-assets-v1.5.0/dist/brand/wordmark/athar-wordmark-light.svg (<- Athar_Package 02 Logo/SVG/Athar_Logo_Horizontal.svg wordmark) | IBM Plex Sans (outlined),2026-09-30T01:20:09Z,PASS,,mono-black,sand,2,png,v1.5.1 (carried),,,
dist/brand/tagline/athar-tagline-lockup-en-mono-black-on-sand@2x.webp,3 tagline-and-colourway-variants,tagline-en,1220 x 1464,13518,49c34135b97578b78957850cbd09ccd552d65a18a340889fe944b7c8ca0e850c,resvg-js 2.6.2 + sharp 0.34.3 (WebP),rendered-assets-v1.5.0/dist/brand/monogram/athar-monogram-light.svg (<- Athar_Package 02 Logo/SVG/Athar_Logo_Monogram.svg) | rendered-assets-v1.5.0/dist/brand/wordmark/athar-wordmark-light.svg (<- Athar_Package 02 Logo/SVG/Athar_Logo_Horizontal.svg wordmark) | IBM Plex Sans (outlined),2026-09-30T01:20:09Z,PASS,,mono-black,sand,2,webp,v1.5.1 (carried),,,
dist/brand/tagline/athar-tagline-lockup-en-mono-black-on-sand@3x.png,3 tagline-and-colourway-variants,tagline-en,1830 x 2196,70299,c80ce0d6a64d74b702948f14e7fab99882d7e485f4b02ce0c7a1fedf41284579,resvg-js 2.6.2 (resvg 0.40.0) + sharp 0.34.3/libvips 8.17.1,rendered-assets-v1.5.0/dist/brand/monogram/athar-monogram-light.svg (<- Athar_Package 02 Logo/SVG/Athar_Logo_Monogram.svg) | rendered-assets-v1.5.0/dist/brand/wordmark/athar-wordmark-light.svg (<- Athar_Package 02 Logo/SVG/Athar_Logo_Horizontal.svg wordmark) | IBM Plex Sans (outlined),2026-09-30T01:20:09Z,PASS,,mono-black,sand,3,png,v1.5.1 (carried),,,
dist/brand/tagline/athar-tagline-lockup-en-mono-black-on-sand@3x.webp,3 tagline-and-colourway-variants,tagline-en,1830 x 2196,20346,3d292331fbee2631b3b4767472ba7552f4e4c3c39fd9f07618c9c4301355aae1,resvg-js 2.6.2 + sharp 0.34.3 (WebP),rendered-assets-v1.5.0/dist/brand/monogram/athar-monogram-light.svg (<- Athar_Package 02 Logo/SVG/Athar_Logo_Monogram.svg) | rendered-assets-v1.5.0/dist/brand/wordmark/athar-wordmark-light.svg (<- Athar_Package 02 Logo/SVG/Athar_Logo_Horizontal.svg wordmark) | IBM Plex Sans (outlined),2026-09-30T01:20:10Z,PASS,,mono-black,sand,3,webp,v1.5.1 (carried),,,
dist/brand/tagline/athar-tagline-lockup-en-mono-black-on-sand.svg,3 tagline-and-colourway-variants,tagline-en,610 x 732,14605,11f845cc6f3e59276a3a05f37729ca46e8dcc365c82a4330f393a0023ae899ef,svgo 4.1.0 (safe config),rendered-assets-v1.5.0/dist/brand/monogram/athar-monogram-light.svg (<- Athar_Package 02 Logo/SVG/Athar_Logo_Monogram.svg) | rendered-assets-v1.5.0/dist/brand/wordmark/athar-wordmark-light.svg (<- Athar_Package 02 Logo/SVG/Athar_Logo_Horizontal.svg wordmark),2026-09-30T01:20:33Z,PASS,,mono-black,sand,1,svg,v1.5.1 (carried),,,
dist/brand/tagline/athar-tagline-lockup-en-mono-black-on-sand.pdf,3 tagline-and-colourway-variants,tagline-en,610 x 732,12942,de2be68cf914700061f0592bb42c412fd32caa88f54f9de8ea815d9e872cea5e,PyMuPDF 1.28.2 (MuPDF SVG->PDF),rendered-assets-v1.5.0/dist/brand/monogram/athar-monogram-light.svg (<- Athar_Package 02 Logo/SVG/Athar_Logo_Monogram.svg) | rendered-assets-v1.5.0/dist/brand/wordmark/athar-wordmark-light.svg (<- Athar_Package 02 Logo/SVG/Athar_Logo_Horizontal.svg wordmark),2026-09-30T01:20:33Z,PASS,,mono-black,sand,1,pdf,v1.5.1 (carried),,,
dist/brand/tagline/athar-tagline-lockup-en-mono-white-on-transparent@1x.png,3 tagline-and-colourway-variants,tagline-en,610 x 732,13193,5f27ef2cb6b126b92b8ff17421c531d8cc4f6a577f21d243c951ed0d9c880909,resvg-js 2.6.2 (resvg 0.40.0) + sharp 0.34.3/libvips 8.17.1,rendered-assets-v1.5.0/dist/brand/monogram/athar-monogram-light.svg (<- Athar_Package 02 Logo/SVG/Athar_Logo_Monogram.svg) | rendered-assets-v1.5.0/dist/brand/wordmark/athar-wordmark-light.svg (<- Athar_Package 02 Logo/SVG/Athar_Logo_Horizontal.svg wordmark) | IBM Plex Sans (outlined),2026-09-30T01:20:10Z,PASS,,mono-white,transparent,1,png,v1.5.1 (carried),,,
dist/brand/tagline/athar-tagline-lockup-en-mono-white-on-transparent@1x.webp,3 tagline-and-colourway-variants,tagline-en,610 x 732,6826,968f4dd8fc59d6451da75552b1dfd29a2c664eea16a1ca71d348102839ea4c76,resvg-js 2.6.2 + sharp 0.34.3 (WebP),rendered-assets-v1.5.0/dist/brand/monogram/athar-monogram-light.svg (<- Athar_Package 02 Logo/SVG/Athar_Logo_Monogram.svg) | rendered-assets-v1.5.0/dist/brand/wordmark/athar-wordmark-light.svg (<- Athar_Package 02 Logo/SVG/Athar_Logo_Horizontal.svg wordmark) | IBM Plex Sans (outlined),2026-09-30T01:20:10Z,PASS,,mono-white,transparent,1,webp,v1.5.1 (carried),,,
dist/brand/tagline/athar-tagline-lockup-en-mono-white-on-transparent@2x.png,3 tagline-and-colourway-variants,tagline-en,1220 x 1464,30778,03ce2ebdae7dc722988711704d46a365da4eecfbf7737f35a54cf577bbe7e638,resvg-js 2.6.2 (resvg 0.40.0) + sharp 0.34.3/libvips 8.17.1,rendered-assets-v1.5.0/dist/brand/monogram/athar-monogram-light.svg (<- Athar_Package 02 Logo/SVG/Athar_Logo_Monogram.svg) | rendered-assets-v1.5.0/dist/brand/wordmark/athar-wordmark-light.svg (<- Athar_Package 02 Logo/SVG/Athar_Logo_Horizontal.svg wordmark) | IBM Plex Sans (outlined),2026-09-30T01:20:10Z,PASS,,mono-white,transparent,2,png,v1.5.1 (carried),,,
dist/brand/tagline/athar-tagline-lockup-en-mono-white-on-transparent@2x.webp,3 tagline-and-colourway-variants,tagline-en,1220 x 1464,13406,e582c3c3c4a62dc9d3161d6291318acbebda4759233e0add01b521c58737d0eb,resvg-js 2.6.2 + sharp 0.34.3 (WebP),rendered-assets-v1.5.0/dist/brand/monogram/athar-monogram-light.svg (<- Athar_Package 02 Logo/SVG/Athar_Logo_Monogram.svg) | rendered-assets-v1.5.0/dist/brand/wordmark/athar-wordmark-light.svg (<- Athar_Package 02 Logo/SVG/Athar_Logo_Horizontal.svg wordmark) | IBM Plex Sans (outlined),2026-09-30T01:20:10Z,PASS,,mono-white,transparent,2,webp,v1.5.1 (carried),,,
dist/brand/tagline/athar-tagline-lockup-en-mono-white-on-transparent@3x.png,3 tagline-and-colourway-variants,tagline-en,1830 x 2196,52518,60a2a605e93ac7cde44af297a3e909fdca11d628c2a84cd2cb7c7936e67e5ea8,resvg-js 2.6.2 (resvg 0.40.0) + sharp 0.34.3/libvips 8.17.1,rendered-assets-v1.5.0/dist/brand/monogram/athar-monogram-light.svg (<- Athar_Package 02 Logo/SVG/Athar_Logo_Monogram.svg) | rendered-assets-v1.5.0/dist/brand/wordmark/athar-wordmark-light.svg (<- Athar_Package 02 Logo/SVG/Athar_Logo_Horizontal.svg wordmark) | IBM Plex Sans (outlined),2026-09-30T01:20:10Z,PASS,,mono-white,transparent,3,png,v1.5.1 (carried),,,
dist/brand/tagline/athar-tagline-lockup-en-mono-white-on-transparent@3x.webp,3 tagline-and-colourway-variants,tagline-en,1830 x 2196,20234,d78c970f2184553b0bb2f239513acd40f0a987273ecdde8738925c37eb301bd8,resvg-js 2.6.2 + sharp 0.34.3 (WebP),rendered-assets-v1.5.0/dist/brand/monogram/athar-monogram-light.svg (<- Athar_Package 02 Logo/SVG/Athar_Logo_Monogram.svg) | rendered-assets-v1.5.0/dist/brand/wordmark/athar-wordmark-light.svg (<- Athar_Package 02 Logo/SVG/Athar_Logo_Horizontal.svg wordmark) | IBM Plex Sans (outlined),2026-09-30T01:20:11Z,PASS,,mono-white,transparent,3,webp,v1.5.1 (carried),,,
dist/brand/tagline/athar-tagline-lockup-en-mono-white-on-transparent.svg,3 tagline-and-colourway-variants,tagline-en,610 x 732,14568,39ecc9354a224a61fb5e0cd6c3127c41947359248e2605c682cfa600a2a52289,svgo 4.1.0 (safe config),rendered-assets-v1.5.0/dist/brand/monogram/athar-monogram-light.svg (<- Athar_Package 02 Logo/SVG/Athar_Logo_Monogram.svg) | rendered-assets-v1.5.0/dist/brand/wordmark/athar-wordmark-light.svg (<- Athar_Package 02 Logo/SVG/Athar_Logo_Horizontal.svg wordmark),2026-09-30T01:20:34Z,PASS,,mono-white,transparent,1,svg,v1.5.1 (carried),,,
dist/brand/tagline/athar-tagline-lockup-en-mono-white-on-transparent.pdf,3 tagline-and-colourway-variants,tagline-en,610 x 732,12882,6fd432b5fa33d97254335db624d4562eb025cbb000b43f1fcf915c433470a1f0,PyMuPDF 1.28.2 (MuPDF SVG->PDF),rendered-assets-v1.5.0/dist/brand/monogram/athar-monogram-light.svg (<- Athar_Package 02 Logo/SVG/Athar_Logo_Monogram.svg) | rendered-assets-v1.5.0/dist/brand/wordmark/athar-wordmark-light.svg (<- Athar_Package 02 Logo/SVG/Athar_Logo_Horizontal.svg wordmark),2026-09-30T01:20:34Z,PASS,,mono-white,transparent,1,pdf,v1.5.1 (carried),,,
dist/brand/tagline/athar-tagline-lockup-en-mono-white-on-deep_ocean@1x.png,3 tagline-and-colourway-variants,tagline-en,610 x 732,20005,180f3b5899ddf987073c4d6445ce6fabbe3d3df1b491fff0558252c472825346,resvg-js 2.6.2 (resvg 0.40.0) + sharp 0.34.3/libvips 8.17.1,rendered-assets-v1.5.0/dist/brand/monogram/athar-monogram-light.svg (<- Athar_Package 02 Logo/SVG/Athar_Logo_Monogram.svg) | rendered-assets-v1.5.0/dist/brand/wordmark/athar-wordmark-light.svg (<- Athar_Package 02 Logo/SVG/Athar_Logo_Horizontal.svg wordmark) | IBM Plex Sans (outlined),2026-09-30T01:20:11Z,PASS,,mono-white,deep_ocean,1,png,v1.5.1 (carried),,,
dist/brand/tagline/athar-tagline-lockup-en-mono-white-on-deep_ocean@1x.webp,3 tagline-and-colourway-variants,tagline-en,610 x 732,6850,a76d0588c70144781fba91e163b428f557ce28578b59982bdf5b41db7b3db6b8,resvg-js 2.6.2 + sharp 0.34.3 (WebP),rendered-assets-v1.5.0/dist/brand/monogram/athar-monogram-light.svg (<- Athar_Package 02 Logo/SVG/Athar_Logo_Monogram.svg) | rendered-assets-v1.5.0/dist/brand/wordmark/athar-wordmark-light.svg (<- Athar_Package 02 Logo/SVG/Athar_Logo_Horizontal.svg wordmark) | IBM Plex Sans (outlined),2026-09-30T01:20:11Z,PASS,,mono-white,deep_ocean,1,webp,v1.5.1 (carried),,,
dist/brand/tagline/athar-tagline-lockup-en-mono-white-on-deep_ocean@2x.png,3 tagline-and-colourway-variants,tagline-en,1220 x 1464,43920,acf4e22da732964d7b258fb8a1ace8bb5dca8821a6604cbf0b71332a3ce561a5,resvg-js 2.6.2 (resvg 0.40.0) + sharp 0.34.3/libvips 8.17.1,rendered-assets-v1.5.0/dist/brand/monogram/athar-monogram-light.svg (<- Athar_Package 02 Logo/SVG/Athar_Logo_Monogram.svg) | rendered-assets-v1.5.0/dist/brand/wordmark/athar-wordmark-light.svg (<- Athar_Package 02 Logo/SVG/Athar_Logo_Horizontal.svg wordmark) | IBM Plex Sans (outlined),2026-09-30T01:20:11Z,PASS,,mono-white,deep_ocean,2,png,v1.5.1 (carried),,,
dist/brand/tagline/athar-tagline-lockup-en-mono-white-on-deep_ocean@2x.webp,3 tagline-and-colourway-variants,tagline-en,1220 x 1464,13508,d600aee3dbac7651314a603bb71f4da2fcb0d118f3529676aa717f6fe285acd2,resvg-js 2.6.2 + sharp 0.34.3 (WebP),rendered-assets-v1.5.0/dist/brand/monogram/athar-monogram-light.svg (<- Athar_Package 02 Logo/SVG/Athar_Logo_Monogram.svg) | rendered-assets-v1.5.0/dist/brand/wordmark/athar-wordmark-light.svg (<- Athar_Package 02 Logo/SVG/Athar_Logo_Horizontal.svg wordmark) | IBM Plex Sans (outlined),2026-09-30T01:20:11Z,PASS,,mono-white,deep_ocean,2,webp,v1.5.1 (carried),,,
dist/brand/tagline/athar-tagline-lockup-en-mono-white-on-deep_ocean@3x.png,3 tagline-and-colourway-variants,tagline-en,1830 x 2196,71479,546354509cbe6bb31080090fde3d6a816b20f6086c7a7695218ac088a6849edb,resvg-js 2.6.2 (resvg 0.40.0) + sharp 0.34.3/libvips 8.17.1,rendered-assets-v1.5.0/dist/brand/monogram/athar-monogram-light.svg (<- Athar_Package 02 Logo/SVG/Athar_Logo_Monogram.svg) | rendered-assets-v1.5.0/dist/brand/wordmark/athar-wordmark-light.svg (<- Athar_Package 02 Logo/SVG/Athar_Logo_Horizontal.svg wordmark) | IBM Plex Sans (outlined),2026-09-30T01:20:11Z,PASS,,mono-white,deep_ocean,3,png,v1.5.1 (carried),,,
dist/brand/tagline/athar-tagline-lockup-en-mono-white-on-deep_ocean@3x.webp,3 tagline-and-colourway-variants,tagline-en,1830 x 2196,20328,b01ac4030de986cbe0ff94d92f9e1340ee68d3f3bc45b2dfcc907967ba4f4202,resvg-js 2.6.2 + sharp 0.34.3 (WebP),rendered-assets-v1.5.0/dist/brand/monogram/athar-monogram-light.svg (<- Athar_Package 02 Logo/SVG/Athar_Logo_Monogram.svg) | rendered-assets-v1.5.0/dist/brand/wordmark/athar-wordmark-light.svg (<- Athar_Package 02 Logo/SVG/Athar_Logo_Horizontal.svg wordmark) | IBM Plex Sans (outlined),2026-09-30T01:20:11Z,PASS,,mono-white,deep_ocean,3,webp,v1.5.1 (carried),,,
dist/brand/tagline/athar-tagline-lockup-en-mono-white-on-deep_ocean.svg,3 tagline-and-colourway-variants,tagline-en,610 x 732,14647,40a0aeab277cdc4ae7257fa03b33deebbe3633e8d24dcb6e028f754107e84c65,svgo 4.1.0 (safe config),rendered-assets-v1.5.0/dist/brand/monogram/athar-monogram-light.svg (<- Athar_Package 02 Logo/SVG/Athar_Logo_Monogram.svg) | rendered-assets-v1.5.0/dist/brand/wordmark/athar-wordmark-light.svg (<- Athar_Package 02 Logo/SVG/Athar_Logo_Horizontal.svg wordmark),2026-09-30T01:20:34Z,PASS,,mono-white,deep_ocean,1,svg,v1.5.1 (carried),,,
dist/brand/tagline/athar-tagline-lockup-en-mono-white-on-deep_ocean.pdf,3 tagline-and-colourway-variants,tagline-en,610 x 732,12944,76d4d0739a1c89d1fdec50a540073468b36036d355739668f1537f0afc0688b3,PyMuPDF 1.28.2 (MuPDF SVG->PDF),rendered-assets-v1.5.0/dist/brand/monogram/athar-monogram-light.svg (<- Athar_Package 02 Logo/SVG/Athar_Logo_Monogram.svg) | rendered-assets-v1.5.0/dist/brand/wordmark/athar-wordmark-light.svg (<- Athar_Package 02 Logo/SVG/Athar_Logo_Horizontal.svg wordmark),2026-09-30T01:20:34Z,PASS,,mono-white,deep_ocean,1,pdf,v1.5.1 (carried),,,
dist/brand/tagline/athar-tagline-lockup-en-mono-white-on-emerald@1x.png,3 tagline-and-colourway-variants,tagline-en,610 x 732,19044,7220b52fb0c4a801229cba639470e4b7e250b4c06359427e0e6cda0e2bad8a93,resvg-js 2.6.2 (resvg 0.40.0) + sharp 0.34.3/libvips 8.17.1,rendered-assets-v1.5.0/dist/brand/monogram/athar-monogram-light.svg (<- Athar_Package 02 Logo/SVG/Athar_Logo_Monogram.svg) | rendered-assets-v1.5.0/dist/brand/wordmark/athar-wordmark-light.svg (<- Athar_Package 02 Logo/SVG/Athar_Logo_Horizontal.svg wordmark) | IBM Plex Sans (outlined),2026-09-30T01:20:12Z,PASS,,mono-white,emerald,1,png,v1.5.1 (carried),,,
dist/brand/tagline/athar-tagline-lockup-en-mono-white-on-emerald@1x.webp,3 tagline-and-colourway-variants,tagline-en,610 x 732,6822,7216e645a23ccac6975a13c8d921440eb53258d34119304c43ec5d6699b2976b,resvg-js 2.6.2 + sharp 0.34.3 (WebP),rendered-assets-v1.5.0/dist/brand/monogram/athar-monogram-light.svg (<- Athar_Package 02 Logo/SVG/Athar_Logo_Monogram.svg) | rendered-assets-v1.5.0/dist/brand/wordmark/athar-wordmark-light.svg (<- Athar_Package 02 Logo/SVG/Athar_Logo_Horizontal.svg wordmark) | IBM Plex Sans (outlined),2026-09-30T01:20:12Z,PASS,,mono-white,emerald,1,webp,v1.5.1 (carried),,,
dist/brand/tagline/athar-tagline-lockup-en-mono-white-on-emerald@2x.png,3 tagline-and-colourway-variants,tagline-en,1220 x 1464,41954,5b613e7ca3d56654c1cda2b5b6ab8ce983ffaa8b2d779954fb21ef90cb748c2f,resvg-js 2.6.2 (resvg 0.40.0) + sharp 0.34.3/libvips 8.17.1,rendered-assets-v1.5.0/dist/brand/monogram/athar-monogram-light.svg (<- Athar_Package 02 Logo/SVG/Athar_Logo_Monogram.svg) | rendered-assets-v1.5.0/dist/brand/wordmark/athar-wordmark-light.svg (<- Athar_Package 02 Logo/SVG/Athar_Logo_Horizontal.svg wordmark) | IBM Plex Sans (outlined),2026-09-30T01:20:12Z,PASS,,mono-white,emerald,2,png,v1.5.1 (carried),,,
dist/brand/tagline/athar-tagline-lockup-en-mono-white-on-emerald@2x.webp,3 tagline-and-colourway-variants,tagline-en,1220 x 1464,13462,663465e9ee06dfe307a29c6c4d2fdf2298a89d71238c73be5ecbd252ff9fe41e,resvg-js 2.6.2 + sharp 0.34.3 (WebP),rendered-assets-v1.5.0/dist/brand/monogram/athar-monogram-light.svg (<- Athar_Package 02 Logo/SVG/Athar_Logo_Monogram.svg) | rendered-assets-v1.5.0/dist/brand/wordmark/athar-wordmark-light.svg (<- Athar_Package 02 Logo/SVG/Athar_Logo_Horizontal.svg wordmark) | IBM Plex Sans (outlined),2026-09-30T01:20:12Z,PASS,,mono-white,emerald,2,webp,v1.5.1 (carried),,,
dist/brand/tagline/athar-tagline-lockup-en-mono-white-on-emerald@3x.png,3 tagline-and-colourway-variants,tagline-en,1830 x 2196,68240,26eef389496a1bf6dd5c89dc23c27e604f8eb02f168fd16036fb66f3d18de8e0,resvg-js 2.6.2 (resvg 0.40.0) + sharp 0.34.3/libvips 8.17.1,rendered-assets-v1.5.0/dist/brand/monogram/athar-monogram-light.svg (<- Athar_Package 02 Logo/SVG/Athar_Logo_Monogram.svg) | rendered-assets-v1.5.0/dist/brand/wordmark/athar-wordmark-light.svg (<- Athar_Package 02 Logo/SVG/Athar_Logo_Horizontal.svg wordmark) | IBM Plex Sans (outlined),2026-09-30T01:20:12Z,PASS,,mono-white,emerald,3,png,v1.5.1 (carried),,,
dist/brand/tagline/athar-tagline-lockup-en-mono-white-on-emerald@3x.webp,3 tagline-and-colourway-variants,tagline-en,1830 x 2196,20272,08e78e15a25768237cbfbe6996eb6bcbc7d70070ccb68b142238b29242453656,resvg-js 2.6.2 + sharp 0.34.3 (WebP),rendered-assets-v1.5.0/dist/brand/monogram/athar-monogram-light.svg (<- Athar_Package 02 Logo/SVG/Athar_Logo_Monogram.svg) | rendered-assets-v1.5.0/dist/brand/wordmark/athar-wordmark-light.svg (<- Athar_Package 02 Logo/SVG/Athar_Logo_Horizontal.svg wordmark) | IBM Plex Sans (outlined),2026-09-30T01:20:12Z,PASS,,mono-white,emerald,3,webp,v1.5.1 (carried),,,
dist/brand/tagline/athar-tagline-lockup-en-mono-white-on-emerald.svg,3 tagline-and-colourway-variants,tagline-en,610 x 732,14644,e1792d29c50ac3c5ee6c3f69dd97374bb68c1a0c3741c7a1fc7a83cdda6aacbc,svgo 4.1.0 (safe config),rendered-assets-v1.5.0/dist/brand/monogram/athar-monogram-light.svg (<- Athar_Package 02 Logo/SVG/Athar_Logo_Monogram.svg) | rendered-assets-v1.5.0/dist/brand/wordmark/athar-wordmark-light.svg (<- Athar_Package 02 Logo/SVG/Athar_Logo_Horizontal.svg wordmark),2026-09-30T01:20:34Z,PASS,,mono-white,emerald,1,svg,v1.5.1 (carried),,,
dist/brand/tagline/athar-tagline-lockup-en-mono-white-on-emerald.pdf,3 tagline-and-colourway-variants,tagline-en,610 x 732,12938,f44016ce1652f52231ab3aa06089f7868e646baa9365ef2090309aa9679a5a62,PyMuPDF 1.28.2 (MuPDF SVG->PDF),rendered-assets-v1.5.0/dist/brand/monogram/athar-monogram-light.svg (<- Athar_Package 02 Logo/SVG/Athar_Logo_Monogram.svg) | rendered-assets-v1.5.0/dist/brand/wordmark/athar-wordmark-light.svg (<- Athar_Package 02 Logo/SVG/Athar_Logo_Horizontal.svg wordmark),2026-09-30T01:20:34Z,PASS,,mono-white,emerald,1,pdf,v1.5.1 (carried),,,
dist/brand/tagline/athar-tagline-lockup-en-ivory-on-emerald-on-emerald@1x.png,3 tagline-and-colourway-variants,tagline-en,610 x 732,19561,2e16b229c42cbb5c90a7cd1e8ec468359cfe153b1da129d1923f3f8d2f355695,resvg-js 2.6.2 (resvg 0.40.0) + sharp 0.34.3/libvips 8.17.1,rendered-assets-v1.5.0/dist/brand/monogram/athar-monogram-light.svg (<- Athar_Package 02 Logo/SVG/Athar_Logo_Monogram.svg) | rendered-assets-v1.5.0/dist/brand/wordmark/athar-wordmark-light.svg (<- Athar_Package 02 Logo/SVG/Athar_Logo_Horizontal.svg wordmark) | IBM Plex Sans (outlined),2026-09-30T01:20:13Z,PASS,,ivory-on-emerald,emerald,1,png,v1.5.1 (carried),,,
dist/brand/tagline/athar-tagline-lockup-en-ivory-on-emerald-on-emerald@1x.webp,3 tagline-and-colourway-variants,tagline-en,610 x 732,6826,9ed3d6f6cb577eba2850f232e1097e792c86de04f88cb59efefa54c51934301c,resvg-js 2.6.2 + sharp 0.34.3 (WebP),rendered-assets-v1.5.0/dist/brand/monogram/athar-monogram-light.svg (<- Athar_Package 02 Logo/SVG/Athar_Logo_Monogram.svg) | rendered-assets-v1.5.0/dist/brand/wordmark/athar-wordmark-light.svg (<- Athar_Package 02 Logo/SVG/Athar_Logo_Horizontal.svg wordmark) | IBM Plex Sans (outlined),2026-09-30T01:20:13Z,PASS,,ivory-on-emerald,emerald,1,webp,v1.5.1 (carried),,,
dist/brand/tagline/athar-tagline-lockup-en-ivory-on-emerald-on-emerald@2x.png,3 tagline-and-colourway-variants,tagline-en,1220 x 1464,42869,b20f58ec3db47fa34088085b15f6f83ef6a0865c32b35c3cb31795820c10ecef,resvg-js 2.6.2 (resvg 0.40.0) + sharp 0.34.3/libvips 8.17.1,rendered-assets-v1.5.0/dist/brand/monogram/athar-monogram-light.svg (<- Athar_Package 02 Logo/SVG/Athar_Logo_Monogram.svg) | rendered-assets-v1.5.0/dist/brand/wordmark/athar-wordmark-light.svg (<- Athar_Package 02 Logo/SVG/Athar_Logo_Horizontal.svg wordmark) | IBM Plex Sans (outlined),2026-09-30T01:20:13Z,PASS,,ivory-on-emerald,emerald,2,png,v1.5.1 (carried),,,
dist/brand/tagline/athar-tagline-lockup-en-ivory-on-emerald-on-emerald@2x.webp,3 tagline-and-colourway-variants,tagline-en,1220 x 1464,13444,42f7b94d4191171f84cdfe7700879e99c17fe4c26a04e44a004cbf4b1dfaac26,resvg-js 2.6.2 + sharp 0.34.3 (WebP),rendered-assets-v1.5.0/dist/brand/monogram/athar-monogram-light.svg (<- Athar_Package 02 Logo/SVG/Athar_Logo_Monogram.svg) | rendered-assets-v1.5.0/dist/brand/wordmark/athar-wordmark-light.svg (<- Athar_Package 02 Logo/SVG/Athar_Logo_Horizontal.svg wordmark) | IBM Plex Sans (outlined),2026-09-30T01:20:13Z,PASS,,ivory-on-emerald,emerald,2,webp,v1.5.1 (carried),,,
dist/brand/tagline/athar-tagline-lockup-en-ivory-on-emerald-on-emerald@3x.png,3 tagline-and-colourway-variants,tagline-en,1830 x 2196,69866,5375f8ce7adfbd90c22a0d8fead676d2a6f870be440979b6d1ea6f76d3cf676b,resvg-js 2.6.2 (resvg 0.40.0) + sharp 0.34.3/libvips 8.17.1,rendered-assets-v1.5.0/dist/brand/monogram/athar-monogram-light.svg (<- Athar_Package 02 Logo/SVG/Athar_Logo_Monogram.svg) | rendered-assets-v1.5.0/dist/brand/wordmark/athar-wordmark-light.svg (<- Athar_Package 02 Logo/SVG/Athar_Logo_Horizontal.svg wordmark) | IBM Plex Sans (outlined),2026-09-30T01:20:13Z,PASS,,ivory-on-emerald,emerald,3,png,v1.5.1 (carried),,,
dist/brand/tagline/athar-tagline-lockup-en-ivory-on-emerald-on-emerald@3x.webp,3 tagline-and-colourway-variants,tagline-en,1830 x 2196,20264,8aed20f9c42bf497835fcd7126987160114553718e1a1940b532c26d6133f12b,resvg-js 2.6.2 + sharp 0.34.3 (WebP),rendered-assets-v1.5.0/dist/brand/monogram/athar-monogram-light.svg (<- Athar_Package 02 Logo/SVG/Athar_Logo_Monogram.svg) | rendered-assets-v1.5.0/dist/brand/wordmark/athar-wordmark-light.svg (<- Athar_Package 02 Logo/SVG/Athar_Logo_Horizontal.svg wordmark) | IBM Plex Sans (outlined),2026-09-30T01:20:13Z,PASS,,ivory-on-emerald,emerald,3,webp,v1.5.1 (carried),,,
dist/brand/tagline/athar-tagline-lockup-en-ivory-on-emerald-on-emerald.svg,3 tagline-and-colourway-variants,tagline-en,610 x 732,14659,beb03b5c56a974aa47db940a57fec1938448693768fe9baca70ce0ddddb4ccca,svgo 4.1.0 (safe config),rendered-assets-v1.5.0/dist/brand/monogram/athar-monogram-light.svg (<- Athar_Package 02 Logo/SVG/Athar_Logo_Monogram.svg) | rendered-assets-v1.5.0/dist/brand/wordmark/athar-wordmark-light.svg (<- Athar_Package 02 Logo/SVG/Athar_Logo_Horizontal.svg wordmark),2026-09-30T01:20:35Z,PASS,,ivory-on-emerald,emerald,1,svg,v1.5.1 (carried),,,
dist/brand/tagline/athar-tagline-lockup-en-ivory-on-emerald-on-emerald.pdf,3 tagline-and-colourway-variants,tagline-en,610 x 732,12959,b1889c7f0c0d9f75aea6d888bf38739dd65e3e470775b1863d2674194ca44ca9,PyMuPDF 1.28.2 (MuPDF SVG->PDF),rendered-assets-v1.5.0/dist/brand/monogram/athar-monogram-light.svg (<- Athar_Package 02 Logo/SVG/Athar_Logo_Monogram.svg) | rendered-assets-v1.5.0/dist/brand/wordmark/athar-wordmark-light.svg (<- Athar_Package 02 Logo/SVG/Athar_Logo_Horizontal.svg wordmark),2026-09-30T01:20:35Z,PASS,,ivory-on-emerald,emerald,1,pdf,v1.5.1 (carried),,,
dist/brand/tagline/athar-tagline-lockup-en-ivory-on-emerald-on-transparent@1x.png,3 tagline-and-colourway-variants,tagline-en,610 x 732,19703,6e9c79d9cb5cf100d663326e4e63f3c7f4ef2a274aa12ee55e5234a72b86da40,resvg-js 2.6.2 (resvg 0.40.0) + sharp 0.34.3/libvips 8.17.1,rendered-assets-v1.5.0/dist/brand/monogram/athar-monogram-light.svg (<- Athar_Package 02 Logo/SVG/Athar_Logo_Monogram.svg) | rendered-assets-v1.5.0/dist/brand/wordmark/athar-wordmark-light.svg (<- Athar_Package 02 Logo/SVG/Athar_Logo_Horizontal.svg wordmark) | IBM Plex Sans (outlined),2026-09-30T01:20:13Z,PASS,,ivory-on-emerald,transparent,1,png,v1.5.1 (carried),,,
dist/brand/tagline/athar-tagline-lockup-en-ivory-on-emerald-on-transparent@1x.webp,3 tagline-and-colourway-variants,tagline-en,610 x 732,6860,137607af197962055ad746ddf9049caa5b9598f15269e8d804b1d80a7fe53775,resvg-js 2.6.2 + sharp 0.34.3 (WebP),rendered-assets-v1.5.0/dist/brand/monogram/athar-monogram-light.svg (<- Athar_Package 02 Logo/SVG/Athar_Logo_Monogram.svg) | rendered-assets-v1.5.0/dist/brand/wordmark/athar-wordmark-light.svg (<- Athar_Package 02 Logo/SVG/Athar_Logo_Horizontal.svg wordmark) | IBM Plex Sans (outlined),2026-09-30T01:20:13Z,PASS,,ivory-on-emerald,transparent,1,webp,v1.5.1 (carried),,,
dist/brand/tagline/athar-tagline-lockup-en-ivory-on-emerald-on-transparent@2x.png,3 tagline-and-colourway-variants,tagline-en,1220 x 1464,43789,f0e1417dd488050fa12cf0264eb70e7503c02dfbd5ff6e270e342f6f5625c385,resvg-js 2.6.2 (resvg 0.40.0) + sharp 0.34.3/libvips 8.17.1,rendered-assets-v1.5.0/dist/brand/monogram/athar-monogram-light.svg (<- Athar_Package 02 Logo/SVG/Athar_Logo_Monogram.svg) | rendered-assets-v1.5.0/dist/brand/wordmark/athar-wordmark-light.svg (<- Athar_Package 02 Logo/SVG/Athar_Logo_Horizontal.svg wordmark) | IBM Plex Sans (outlined),2026-09-30T01:20:14Z,PASS,,ivory-on-emerald,transparent,2,png,v1.5.1 (carried),,,
dist/brand/tagline/athar-tagline-lockup-en-ivory-on-emerald-on-transparent@2x.webp,3 tagline-and-colourway-variants,tagline-en,1220 x 1464,13440,e9691d9320406db1ceb656c2459da5801f3790dbfb6db9238196c4d4b21140d8,resvg-js 2.6.2 + sharp 0.34.3 (WebP),rendered-assets-v1.5.0/dist/brand/monogram/athar-monogram-light.svg (<- Athar_Package 02 Logo/SVG/Athar_Logo_Monogram.svg) | rendered-assets-v1.5.0/dist/brand/wordmark/athar-wordmark-light.svg (<- Athar_Package 02 Logo/SVG/Athar_Logo_Horizontal.svg wordmark) | IBM Plex Sans (outlined),2026-09-30T01:20:14Z,PASS,,ivory-on-emerald,transparent,2,webp,v1.5.1 (carried),,,
dist/brand/tagline/athar-tagline-lockup-en-ivory-on-emerald-on-transparent@3x.png,3 tagline-and-colourway-variants,tagline-en,1830 x 2196,70592,3c62bfdba4535691ee1ab7a63dce25deed2abba187dafaa98f3d64688f63461c,resvg-js 2.6.2 (resvg 0.40.0) + sharp 0.34.3/libvips 8.17.1,rendered-assets-v1.5.0/dist/brand/monogram/athar-monogram-light.svg (<- Athar_Package 02 Logo/SVG/Athar_Logo_Monogram.svg) | rendered-assets-v1.5.0/dist/brand/wordmark/athar-wordmark-light.svg (<- Athar_Package 02 Logo/SVG/Athar_Logo_Horizontal.svg wordmark) | IBM Plex Sans (outlined),2026-09-30T01:20:14Z,PASS,,ivory-on-emerald,transparent,3,png,v1.5.1 (carried),,,
dist/brand/tagline/athar-tagline-lockup-en-ivory-on-emerald-on-transparent@3x.webp,3 tagline-and-colourway-variants,tagline-en,1830 x 2196,20276,987261fae144fd1b2d43c6fe1b70b9350fd811668d0f30169b0d1d4b2f91ef21,resvg-js 2.6.2 + sharp 0.34.3 (WebP),rendered-assets-v1.5.0/dist/brand/monogram/athar-monogram-light.svg (<- Athar_Package 02 Logo/SVG/Athar_Logo_Monogram.svg) | rendered-assets-v1.5.0/dist/brand/wordmark/athar-wordmark-light.svg (<- Athar_Package 02 Logo/SVG/Athar_Logo_Horizontal.svg wordmark) | IBM Plex Sans (outlined),2026-09-30T01:20:14Z,PASS,,ivory-on-emerald,transparent,3,webp,v1.5.1 (carried),,,
dist/brand/tagline/athar-tagline-lockup-en-ivory-on-emerald-on-transparent.svg,3 tagline-and-colourway-variants,tagline-en,610 x 732,14583,70d8c751953683b1c02f3a9bbf3ba176e8496541efa29b947e2b1efec5a578b0,svgo 4.1.0 (safe config),rendered-assets-v1.5.0/dist/brand/monogram/athar-monogram-light.svg (<- Athar_Package 02 Logo/SVG/Athar_Logo_Monogram.svg) | rendered-assets-v1.5.0/dist/brand/wordmark/athar-wordmark-light.svg (<- Athar_Package 02 Logo/SVG/Athar_Logo_Horizontal.svg wordmark),2026-09-30T01:20:35Z,PASS,,ivory-on-emerald,transparent,1,svg,v1.5.1 (carried),,,
dist/brand/tagline/athar-tagline-lockup-en-ivory-on-emerald-on-transparent.pdf,3 tagline-and-colourway-variants,tagline-en,610 x 732,12904,acbbf3d8d7665acb8da47e12a089ae6a4a925e9bd6cf5586eb9872cf36aa0fa4,PyMuPDF 1.28.2 (MuPDF SVG->PDF),rendered-assets-v1.5.0/dist/brand/monogram/athar-monogram-light.svg (<- Athar_Package 02 Logo/SVG/Athar_Logo_Monogram.svg) | rendered-assets-v1.5.0/dist/brand/wordmark/athar-wordmark-light.svg (<- Athar_Package 02 Logo/SVG/Athar_Logo_Horizontal.svg wordmark),2026-09-30T01:20:35Z,PASS,,ivory-on-emerald,transparent,1,pdf,v1.5.1 (carried),,,
dist/brand/tagline/athar-tagline-lockup-en-signage-gold-on-deep_ocean@1x.png,3 tagline-and-colourway-variants,tagline-en,610 x 732,19517,5f62fcf2671ff85205a7b2d20928cce7c41599b097d01e48a945fa3d87581047,resvg-js 2.6.2 (resvg 0.40.0) + sharp 0.34.3/libvips 8.17.1,rendered-assets-v1.5.0/dist/brand/monogram/athar-monogram-light.svg (<- Athar_Package 02 Logo/SVG/Athar_Logo_Monogram.svg) | rendered-assets-v1.5.0/dist/brand/wordmark/athar-wordmark-light.svg (<- Athar_Package 02 Logo/SVG/Athar_Logo_Horizontal.svg wordmark) | IBM Plex Sans (outlined),2026-09-30T01:20:14Z,PASS,,signage-gold,deep_ocean,1,png,v1.5.1 (carried),,,
dist/brand/tagline/athar-tagline-lockup-en-signage-gold-on-deep_ocean@1x.webp,3 tagline-and-colourway-variants,tagline-en,610 x 732,6746,462c2e1b4ab2d2fa6db547e9ce3ebe394012d70330ff81df61dd4ed09b7d1599,resvg-js 2.6.2 + sharp 0.34.3 (WebP),rendered-assets-v1.5.0/dist/brand/monogram/athar-monogram-light.svg (<- Athar_Package 02 Logo/SVG/Athar_Logo_Monogram.svg) | rendered-assets-v1.5.0/dist/brand/wordmark/athar-wordmark-light.svg (<- Athar_Package 02 Logo/SVG/Athar_Logo_Horizontal.svg wordmark) | IBM Plex Sans (outlined),2026-09-30T01:20:14Z,PASS,,signage-gold,deep_ocean,1,webp,v1.5.1 (carried),,,
dist/brand/tagline/athar-tagline-lockup-en-signage-gold-on-deep_ocean@2x.png,3 tagline-and-colourway-variants,tagline-en,1220 x 1464,42830,0e9211eb742ceb2dd0713d6bb60dcd0811f4f6c8b9dcce6dc621f738b8c62349,resvg-js 2.6.2 (resvg 0.40.0) + sharp 0.34.3/libvips 8.17.1,rendered-assets-v1.5.0/dist/brand/monogram/athar-monogram-light.svg (<- Athar_Package 02 Logo/SVG/Athar_Logo_Monogram.svg) | rendered-assets-v1.5.0/dist/brand/wordmark/athar-wordmark-light.svg (<- Athar_Package 02 Logo/SVG/Athar_Logo_Horizontal.svg wordmark) | IBM Plex Sans (outlined),2026-09-30T01:20:15Z,PASS,,signage-gold,deep_ocean,2,png,v1.5.1 (carried),,,
dist/brand/tagline/athar-tagline-lockup-en-signage-gold-on-deep_ocean@2x.webp,3 tagline-and-colourway-variants,tagline-en,1220 x 1464,13342,e0c08b5419cbcd17388fafb444a9953ea4f50cf3a21a9c58d4e20fd6934f247b,resvg-js 2.6.2 + sharp 0.34.3 (WebP),rendered-assets-v1.5.0/dist/brand/monogram/athar-monogram-light.svg (<- Athar_Package 02 Logo/SVG/Athar_Logo_Monogram.svg) | rendered-assets-v1.5.0/dist/brand/wordmark/athar-wordmark-light.svg (<- Athar_Package 02 Logo/SVG/Athar_Logo_Horizontal.svg wordmark) | IBM Plex Sans (outlined),2026-09-30T01:20:15Z,PASS,,signage-gold,deep_ocean,2,webp,v1.5.1 (carried),,,
dist/brand/tagline/athar-tagline-lockup-en-signage-gold-on-deep_ocean@3x.png,3 tagline-and-colourway-variants,tagline-en,1830 x 2196,69856,32fd576ea27c26250a6440e125e70c9bfeb6ac01ae4a150f56f5df8d1833110c,resvg-js 2.6.2 (resvg 0.40.0) + sharp 0.34.3/libvips 8.17.1,rendered-assets-v1.5.0/dist/brand/monogram/athar-monogram-light.svg (<- Athar_Package 02 Logo/SVG/Athar_Logo_Monogram.svg) | rendered-assets-v1.5.0/dist/brand/wordmark/athar-wordmark-light.svg (<- Athar_Package 02 Logo/SVG/Athar_Logo_Horizontal.svg wordmark) | IBM Plex Sans (outlined),2026-09-30T01:20:15Z,PASS,,signage-gold,deep_ocean,3,png,v1.5.1 (carried),,,
dist/brand/tagline/athar-tagline-lockup-en-signage-gold-on-deep_ocean@3x.webp,3 tagline-and-colourway-variants,tagline-en,1830 x 2196,20074,03d92aef39b101c35981d43d7067e8c923caeaf4162abeb8186ea295fe1477de,resvg-js 2.6.2 + sharp 0.34.3 (WebP),rendered-assets-v1.5.0/dist/brand/monogram/athar-monogram-light.svg (<- Athar_Package 02 Logo/SVG/Athar_Logo_Monogram.svg) | rendered-assets-v1.5.0/dist/brand/wordmark/athar-wordmark-light.svg (<- Athar_Package 02 Logo/SVG/Athar_Logo_Horizontal.svg wordmark) | IBM Plex Sans (outlined),2026-09-30T01:20:15Z,PASS,,signage-gold,deep_ocean,3,webp,v1.5.1 (carried),,,
dist/brand/tagline/athar-tagline-lockup-en-signage-gold-on-deep_ocean.svg,3 tagline-and-colourway-variants,tagline-en,610 x 732,14658,c70a650827392e74b3a6f54c6e3e5efb6a90ca71671a4a9e72eefc72e456b01d,svgo 4.1.0 (safe config),rendered-assets-v1.5.0/dist/brand/monogram/athar-monogram-light.svg (<- Athar_Package 02 Logo/SVG/Athar_Logo_Monogram.svg) | rendered-assets-v1.5.0/dist/brand/wordmark/athar-wordmark-light.svg (<- Athar_Package 02 Logo/SVG/Athar_Logo_Horizontal.svg wordmark),2026-09-30T01:20:35Z,PASS,,signage-gold,deep_ocean,1,svg,v1.5.1 (carried),,,
dist/brand/tagline/athar-tagline-lockup-en-signage-gold-on-deep_ocean.pdf,3 tagline-and-colourway-variants,tagline-en,610 x 732,12938,029da9527bf50d4c384d522aa5bd1dcf812e7916716d49623bc5e211f184048e,PyMuPDF 1.28.2 (MuPDF SVG->PDF),rendered-assets-v1.5.0/dist/brand/monogram/athar-monogram-light.svg (<- Athar_Package 02 Logo/SVG/Athar_Logo_Monogram.svg) | rendered-assets-v1.5.0/dist/brand/wordmark/athar-wordmark-light.svg (<- Athar_Package 02 Logo/SVG/Athar_Logo_Horizontal.svg wordmark),2026-09-30T01:20:35Z,PASS,,signage-gold,deep_ocean,1,pdf,v1.5.1 (carried),,,
dist/brand/tagline/athar-tagline-lockup-en-signage-gold-on-transparent@1x.png,3 tagline-and-colourway-variants,tagline-en,610 x 732,18674,40c202cf9c7b02f252d66cff79d9ff52e5012834567ed8820d052501319e3c98,resvg-js 2.6.2 (resvg 0.40.0) + sharp 0.34.3/libvips 8.17.1,rendered-assets-v1.5.0/dist/brand/monogram/athar-monogram-light.svg (<- Athar_Package 02 Logo/SVG/Athar_Logo_Monogram.svg) | rendered-assets-v1.5.0/dist/brand/wordmark/athar-wordmark-light.svg (<- Athar_Package 02 Logo/SVG/Athar_Logo_Horizontal.svg wordmark) | IBM Plex Sans (outlined),2026-09-30T01:20:15Z,PASS,,signage-gold,transparent,1,png,v1.5.1 (carried),,,
dist/brand/tagline/athar-tagline-lockup-en-signage-gold-on-transparent@1x.webp,3 tagline-and-colourway-variants,tagline-en,610 x 732,6848,5b8ac94d88f293b721a372670d206da88edf2e6ac61c1da1631080aff91a42ca,resvg-js 2.6.2 + sharp 0.34.3 (WebP),rendered-assets-v1.5.0/dist/brand/monogram/athar-monogram-light.svg (<- Athar_Package 02 Logo/SVG/Athar_Logo_Monogram.svg) | rendered-assets-v1.5.0/dist/brand/wordmark/athar-wordmark-light.svg (<- Athar_Package 02 Logo/SVG/Athar_Logo_Horizontal.svg wordmark) | IBM Plex Sans (outlined),2026-09-30T01:20:15Z,PASS,,signage-gold,transparent,1,webp,v1.5.1 (carried),,,
dist/brand/tagline/athar-tagline-lockup-en-signage-gold-on-transparent@2x.png,3 tagline-and-colourway-variants,tagline-en,1220 x 1464,41369,897c53e94c26833669f272e8317303ea48e942c2fab408aed6ca94d9da468767,resvg-js 2.6.2 (resvg 0.40.0) + sharp 0.34.3/libvips 8.17.1,rendered-assets-v1.5.0/dist/brand/monogram/athar-monogram-light.svg (<- Athar_Package 02 Logo/SVG/Athar_Logo_Monogram.svg) | rendered-assets-v1.5.0/dist/brand/wordmark/athar-wordmark-light.svg (<- Athar_Package 02 Logo/SVG/Athar_Logo_Horizontal.svg wordmark) | IBM Plex Sans (outlined),2026-09-30T01:20:16Z,PASS,,signage-gold,transparent,2,png,v1.5.1 (carried),,,
dist/brand/tagline/athar-tagline-lockup-en-signage-gold-on-transparent@2x.webp,3 tagline-and-colourway-variants,tagline-en,1220 x 1464,13438,e07648bf7300a9e7fdccdb1ef3961ef46a8f418f5e3c6113cba047c1c008f525,resvg-js 2.6.2 + sharp 0.34.3 (WebP),rendered-assets-v1.5.0/dist/brand/monogram/athar-monogram-light.svg (<- Athar_Package 02 Logo/SVG/Athar_Logo_Monogram.svg) | rendered-assets-v1.5.0/dist/brand/wordmark/athar-wordmark-light.svg (<- Athar_Package 02 Logo/SVG/Athar_Logo_Horizontal.svg wordmark) | IBM Plex Sans (outlined),2026-09-30T01:20:16Z,PASS,,signage-gold,transparent,2,webp,v1.5.1 (carried),,,
dist/brand/tagline/athar-tagline-lockup-en-signage-gold-on-transparent@3x.png,3 tagline-and-colourway-variants,tagline-en,1830 x 2196,67289,4f56ea07d1ca014b643aee937674e820d17be4a38b0b31cf82daecd8040f4140,resvg-js 2.6.2 (resvg 0.40.0) + sharp 0.34.3/libvips 8.17.1,rendered-assets-v1.5.0/dist/brand/monogram/athar-monogram-light.svg (<- Athar_Package 02 Logo/SVG/Athar_Logo_Monogram.svg) | rendered-assets-v1.5.0/dist/brand/wordmark/athar-wordmark-light.svg (<- Athar_Package 02 Logo/SVG/Athar_Logo_Horizontal.svg wordmark) | IBM Plex Sans (outlined),2026-09-30T01:20:16Z,PASS,,signage-gold,transparent,3,png,v1.5.1 (carried),,,
dist/brand/tagline/athar-tagline-lockup-en-signage-gold-on-transparent@3x.webp,3 tagline-and-colourway-variants,tagline-en,1830 x 2196,20266,ef9a042366f7c4df433f18db0bf7833f1c9a63c378f5fef0d08338cb53522e64,resvg-js 2.6.2 + sharp 0.34.3 (WebP),rendered-assets-v1.5.0/dist/brand/monogram/athar-monogram-light.svg (<- Athar_Package 02 Logo/SVG/Athar_Logo_Monogram.svg) | rendered-assets-v1.5.0/dist/brand/wordmark/athar-wordmark-light.svg (<- Athar_Package 02 Logo/SVG/Athar_Logo_Horizontal.svg wordmark) | IBM Plex Sans (outlined),2026-09-30T01:20:16Z,PASS,,signage-gold,transparent,3,webp,v1.5.1 (carried),,,
dist/brand/tagline/athar-tagline-lockup-en-signage-gold-on-transparent.svg,3 tagline-and-colourway-variants,tagline-en,610 x 732,14579,c3fe4402613eecf4de6e79d200b2a8e7e74e651e30c286a25400b6c8764796d5,svgo 4.1.0 (safe config),rendered-assets-v1.5.0/dist/brand/monogram/athar-monogram-light.svg (<- Athar_Package 02 Logo/SVG/Athar_Logo_Monogram.svg) | rendered-assets-v1.5.0/dist/brand/wordmark/athar-wordmark-light.svg (<- Athar_Package 02 Logo/SVG/Athar_Logo_Horizontal.svg wordmark),2026-09-30T01:20:36Z,PASS,,signage-gold,transparent,1,svg,v1.5.1 (carried),,,
dist/brand/tagline/athar-tagline-lockup-en-signage-gold-on-transparent.pdf,3 tagline-and-colourway-variants,tagline-en,610 x 732,12877,1bc6bdfd7960022e2f93ff06634d4cabaf9352b8b68289326ff950cc1b72e9ee,PyMuPDF 1.28.2 (MuPDF SVG->PDF),rendered-assets-v1.5.0/dist/brand/monogram/athar-monogram-light.svg (<- Athar_Package 02 Logo/SVG/Athar_Logo_Monogram.svg) | rendered-assets-v1.5.0/dist/brand/wordmark/athar-wordmark-light.svg (<- Athar_Package 02 Logo/SVG/Athar_Logo_Horizontal.svg wordmark),2026-09-30T01:20:36Z,PASS,,signage-gold,transparent,1,pdf,v1.5.1 (carried),,,
dist/brand/tagline/athar-tagline-lockup-ar-navy-on-transparent@1x.png,3 tagline-and-colourway-variants,tagline-ar,610 x 732,18797,6db46a28c25953ada7713c2b20a23f87f15bd30146a6bdb6b347644d061ebc93,resvg-js 2.6.2 (resvg 0.40.0) + sharp 0.34.3/libvips 8.17.1,rendered-assets-v1.5.0/dist/brand/monogram/athar-monogram-light.svg (<- Athar_Package 02 Logo/SVG/Athar_Logo_Monogram.svg) | rendered-assets-v1.5.0/dist/brand/wordmark/athar-wordmark-light.svg (<- Athar_Package 02 Logo/SVG/Athar_Logo_Horizontal.svg wordmark) | IBM Plex Sans Arabic (outlined),2026-09-30T01:20:16Z,PASS,,navy,transparent,1,png,v1.5.1 (carried),,,
dist/brand/tagline/athar-tagline-lockup-ar-navy-on-transparent@1x.webp,3 tagline-and-colourway-variants,tagline-ar,610 x 732,6254,53ef630a8fdec83fbd830c06d9bd20c94670e835fdd7d9c5c7cefbf2bec7b802,resvg-js 2.6.2 + sharp 0.34.3 (WebP),rendered-assets-v1.5.0/dist/brand/monogram/athar-monogram-light.svg (<- Athar_Package 02 Logo/SVG/Athar_Logo_Monogram.svg) | rendered-assets-v1.5.0/dist/brand/wordmark/athar-wordmark-light.svg (<- Athar_Package 02 Logo/SVG/Athar_Logo_Horizontal.svg wordmark) | IBM Plex Sans Arabic (outlined),2026-09-30T01:20:16Z,PASS,,navy,transparent,1,webp,v1.5.1 (carried),,,
dist/brand/tagline/athar-tagline-lockup-ar-navy-on-transparent@2x.png,3 tagline-and-colourway-variants,tagline-ar,1220 x 1464,42615,1ac194d00c07954125c63cf30cda6679e24d2789eebf4e4b4fc47863971be6dd,resvg-js 2.6.2 (resvg 0.40.0) + sharp 0.34.3/libvips 8.17.1,rendered-assets-v1.5.0/dist/brand/monogram/athar-monogram-light.svg (<- Athar_Package 02 Logo/SVG/Athar_Logo_Monogram.svg) | rendered-assets-v1.5.0/dist/brand/wordmark/athar-wordmark-light.svg (<- Athar_Package 02 Logo/SVG/Athar_Logo_Horizontal.svg wordmark) | IBM Plex Sans Arabic (outlined),2026-09-30T01:20:17Z,PASS,,navy,transparent,2,png,v1.5.1 (carried),,,
dist/brand/tagline/athar-tagline-lockup-ar-navy-on-transparent@2x.webp,3 tagline-and-colourway-variants,tagline-ar,1220 x 1464,12554,6fe8e68a18a86df7c0b9c683c1bd45051e071f3eb84a831f1686b2dfaf1b2395,resvg-js 2.6.2 + sharp 0.34.3 (WebP),rendered-assets-v1.5.0/dist/brand/monogram/athar-monogram-light.svg (<- Athar_Package 02 Logo/SVG/Athar_Logo_Monogram.svg) | rendered-assets-v1.5.0/dist/brand/wordmark/athar-wordmark-light.svg (<- Athar_Package 02 Logo/SVG/Athar_Logo_Horizontal.svg wordmark) | IBM Plex Sans Arabic (outlined),2026-09-30T01:20:17Z,PASS,,navy,transparent,2,webp,v1.5.1 (carried),,,
dist/brand/tagline/athar-tagline-lockup-ar-navy-on-transparent@3x.png,3 tagline-and-colourway-variants,tagline-ar,1830 x 2196,69952,d64465389485419b710e05d4c70be5a9211d616b11103f95b1a4deb2d73f971d,resvg-js 2.6.2 (resvg 0.40.0) + sharp 0.34.3/libvips 8.17.1,rendered-assets-v1.5.0/dist/brand/monogram/athar-monogram-light.svg (<- Athar_Package 02 Logo/SVG/Athar_Logo_Monogram.svg) | rendered-assets-v1.5.0/dist/brand/wordmark/athar-wordmark-light.svg (<- Athar_Package 02 Logo/SVG/Athar_Logo_Horizontal.svg wordmark) | IBM Plex Sans Arabic (outlined),2026-09-30T01:20:17Z,PASS,,navy,transparent,3,png,v1.5.1 (carried),,,
dist/brand/tagline/athar-tagline-lockup-ar-navy-on-transparent@3x.webp,3 tagline-and-colourway-variants,tagline-ar,1830 x 2196,19282,91d511d8885362f0286eb0890a25842434d2da0511902149c2852b9123238b3e,resvg-js 2.6.2 + sharp 0.34.3 (WebP),rendered-assets-v1.5.0/dist/brand/monogram/athar-monogram-light.svg (<- Athar_Package 02 Logo/SVG/Athar_Logo_Monogram.svg) | rendered-assets-v1.5.0/dist/brand/wordmark/athar-wordmark-light.svg (<- Athar_Package 02 Logo/SVG/Athar_Logo_Horizontal.svg wordmark) | IBM Plex Sans Arabic (outlined),2026-09-30T01:20:17Z,PASS,,navy,transparent,3,webp,v1.5.1 (carried),,,
dist/brand/tagline/athar-tagline-lockup-ar-navy-on-transparent.svg,3 tagline-and-colourway-variants,tagline-ar,610 x 732,16001,608a6a103679379454b11ccdd9d441ae813b578a42c2404d94ed7f9a4c401d74,svgo 4.1.0 (safe config),rendered-assets-v1.5.0/dist/brand/monogram/athar-monogram-light.svg (<- Athar_Package 02 Logo/SVG/Athar_Logo_Monogram.svg) | rendered-assets-v1.5.0/dist/brand/wordmark/athar-wordmark-light.svg (<- Athar_Package 02 Logo/SVG/Athar_Logo_Horizontal.svg wordmark),2026-09-30T01:20:36Z,PASS,,navy,transparent,1,svg,v1.5.1 (carried),,,
dist/brand/tagline/athar-tagline-lockup-ar-navy-on-transparent.pdf,3 tagline-and-colourway-variants,tagline-ar,610 x 732,15539,3954e2b66d6b889c8da00d226e436cbfe510e9f3b287c16b60bcea519f0a6f63,PyMuPDF 1.28.2 (MuPDF SVG->PDF),rendered-assets-v1.5.0/dist/brand/monogram/athar-monogram-light.svg (<- Athar_Package 02 Logo/SVG/Athar_Logo_Monogram.svg) | rendered-assets-v1.5.0/dist/brand/wordmark/athar-wordmark-light.svg (<- Athar_Package 02 Logo/SVG/Athar_Logo_Horizontal.svg wordmark),2026-09-30T01:20:36Z,PASS,,navy,transparent,1,pdf,v1.5.1 (carried),,,
dist/brand/tagline/athar-tagline-lockup-ar-navy-on-ivory@1x.png,3 tagline-and-colourway-variants,tagline-ar,610 x 732,17986,431bb34c46590c24154e20093efefbd4b1ea2608a1098f70e788a5f78a6d611a,resvg-js 2.6.2 (resvg 0.40.0) + sharp 0.34.3/libvips 8.17.1,rendered-assets-v1.5.0/dist/brand/monogram/athar-monogram-light.svg (<- Athar_Package 02 Logo/SVG/Athar_Logo_Monogram.svg) | rendered-assets-v1.5.0/dist/brand/wordmark/athar-wordmark-light.svg (<- Athar_Package 02 Logo/SVG/Athar_Logo_Horizontal.svg wordmark) | IBM Plex Sans Arabic (outlined),2026-09-30T01:20:17Z,PASS,,navy,ivory,1,png,v1.5.1 (carried),,,
dist/brand/tagline/athar-tagline-lockup-ar-navy-on-ivory@1x.webp,3 tagline-and-colourway-variants,tagline-ar,610 x 732,6236,7ab359e5ab616217f7679a68b230bb4fc5c0f5eaa88acdc4bc5f97a8c1a6641c,resvg-js 2.6.2 + sharp 0.34.3 (WebP),rendered-assets-v1.5.0/dist/brand/monogram/athar-monogram-light.svg (<- Athar_Package 02 Logo/SVG/Athar_Logo_Monogram.svg) | rendered-assets-v1.5.0/dist/brand/wordmark/athar-wordmark-light.svg (<- Athar_Package 02 Logo/SVG/Athar_Logo_Horizontal.svg wordmark) | IBM Plex Sans Arabic (outlined),2026-09-30T01:20:17Z,PASS,,navy,ivory,1,webp,v1.5.1 (carried),,,
dist/brand/tagline/athar-tagline-lockup-ar-navy-on-ivory@2x.png,3 tagline-and-colourway-variants,tagline-ar,1220 x 1464,40816,fd93505498aec1c32f6df36f0fa6dee65c54179cf4006f3f537ea9a840604d82,resvg-js 2.6.2 (resvg 0.40.0) + sharp 0.34.3/libvips 8.17.1,rendered-assets-v1.5.0/dist/brand/monogram/athar-monogram-light.svg (<- Athar_Package 02 Logo/SVG/Athar_Logo_Monogram.svg) | rendered-assets-v1.5.0/dist/brand/wordmark/athar-wordmark-light.svg (<- Athar_Package 02 Logo/SVG/Athar_Logo_Horizontal.svg wordmark) | IBM Plex Sans Arabic (outlined),2026-09-30T01:20:18Z,PASS,,navy,ivory,2,png,v1.5.1 (carried),,,
dist/brand/tagline/athar-tagline-lockup-ar-navy-on-ivory@2x.webp,3 tagline-and-colourway-variants,tagline-ar,1220 x 1464,12666,c91cfb76a3bcdc30afaa8cd717985d82957f9163857b58856189f989fab42671,resvg-js 2.6.2 + sharp 0.34.3 (WebP),rendered-assets-v1.5.0/dist/brand/monogram/athar-monogram-light.svg (<- Athar_Package 02 Logo/SVG/Athar_Logo_Monogram.svg) | rendered-assets-v1.5.0/dist/brand/wordmark/athar-wordmark-light.svg (<- Athar_Package 02 Logo/SVG/Athar_Logo_Horizontal.svg wordmark) | IBM Plex Sans Arabic (outlined),2026-09-30T01:20:18Z,PASS,,navy,ivory,2,webp,v1.5.1 (carried),,,
dist/brand/tagline/athar-tagline-lockup-ar-navy-on-ivory@3x.png,3 tagline-and-colourway-variants,tagline-ar,1830 x 2196,67650,3bae861ca81ded27453ad4fb8e2d013fb64639f55c84310a9f9441992822fa4d,resvg-js 2.6.2 (resvg 0.40.0) + sharp 0.34.3/libvips 8.17.1,rendered-assets-v1.5.0/dist/brand/monogram/athar-monogram-light.svg (<- Athar_Package 02 Logo/SVG/Athar_Logo_Monogram.svg) | rendered-assets-v1.5.0/dist/brand/wordmark/athar-wordmark-light.svg (<- Athar_Package 02 Logo/SVG/Athar_Logo_Horizontal.svg wordmark) | IBM Plex Sans Arabic (outlined),2026-09-30T01:20:18Z,PASS,,navy,ivory,3,png,v1.5.1 (carried),,,
dist/brand/tagline/athar-tagline-lockup-ar-navy-on-ivory@3x.webp,3 tagline-and-colourway-variants,tagline-ar,1830 x 2196,19354,b145d335225c3afc84b173422a245da882afec48e3b14ff5a314c44a380d4ad2,resvg-js 2.6.2 + sharp 0.34.3 (WebP),rendered-assets-v1.5.0/dist/brand/monogram/athar-monogram-light.svg (<- Athar_Package 02 Logo/SVG/Athar_Logo_Monogram.svg) | rendered-assets-v1.5.0/dist/brand/wordmark/athar-wordmark-light.svg (<- Athar_Package 02 Logo/SVG/Athar_Logo_Horizontal.svg wordmark) | IBM Plex Sans Arabic (outlined),2026-09-30T01:20:18Z,PASS,,navy,ivory,3,webp,v1.5.1 (carried),,,
dist/brand/tagline/athar-tagline-lockup-ar-navy-on-ivory.svg,3 tagline-and-colourway-variants,tagline-ar,610 x 732,16075,93770d473c9639241988cbf2d436b4d88a9cdea6a4c106b88c775d0a610dd97f,svgo 4.1.0 (safe config),rendered-assets-v1.5.0/dist/brand/monogram/athar-monogram-light.svg (<- Athar_Package 02 Logo/SVG/Athar_Logo_Monogram.svg) | rendered-assets-v1.5.0/dist/brand/wordmark/athar-wordmark-light.svg (<- Athar_Package 02 Logo/SVG/Athar_Logo_Horizontal.svg wordmark),2026-09-30T01:20:36Z,PASS,,navy,ivory,1,svg,v1.5.1 (carried),,,
dist/brand/tagline/athar-tagline-lockup-ar-navy-on-ivory.pdf,3 tagline-and-colourway-variants,tagline-ar,610 x 732,15589,4718eb7db6ce69fcec2c3503d6f56eab318cb87d1bac655b518c46f8208a03b8,PyMuPDF 1.28.2 (MuPDF SVG->PDF),rendered-assets-v1.5.0/dist/brand/monogram/athar-monogram-light.svg (<- Athar_Package 02 Logo/SVG/Athar_Logo_Monogram.svg) | rendered-assets-v1.5.0/dist/brand/wordmark/athar-wordmark-light.svg (<- Athar_Package 02 Logo/SVG/Athar_Logo_Horizontal.svg wordmark),2026-09-30T01:20:36Z,PASS,,navy,ivory,1,pdf,v1.5.1 (carried),,,
dist/brand/tagline/athar-tagline-lockup-ar-navy-on-sand@1x.png,3 tagline-and-colourway-variants,tagline-ar,610 x 732,18325,b1316db7d921524f06985b7467fba1cdb02ff4eac3474627e3ee87586a43dee7,resvg-js 2.6.2 (resvg 0.40.0) + sharp 0.34.3/libvips 8.17.1,rendered-assets-v1.5.0/dist/brand/monogram/athar-monogram-light.svg (<- Athar_Package 02 Logo/SVG/Athar_Logo_Monogram.svg) | rendered-assets-v1.5.0/dist/brand/wordmark/athar-wordmark-light.svg (<- Athar_Package 02 Logo/SVG/Athar_Logo_Horizontal.svg wordmark) | IBM Plex Sans Arabic (outlined),2026-09-30T01:20:18Z,PASS,,navy,sand,1,png,v1.5.1 (carried),,,
dist/brand/tagline/athar-tagline-lockup-ar-navy-on-sand@1x.webp,3 tagline-and-colourway-variants,tagline-ar,610 x 732,6278,446d7fd7444fc44fa98a6dde248353b59bf1b1d227bfe9ad37c17f19cd0b42a1,resvg-js 2.6.2 + sharp 0.34.3 (WebP),rendered-assets-v1.5.0/dist/brand/monogram/athar-monogram-light.svg (<- Athar_Package 02 Logo/SVG/Athar_Logo_Monogram.svg) | rendered-assets-v1.5.0/dist/brand/wordmark/athar-wordmark-light.svg (<- Athar_Package 02 Logo/SVG/Athar_Logo_Horizontal.svg wordmark) | IBM Plex Sans Arabic (outlined),2026-09-30T01:20:18Z,PASS,,navy,sand,1,webp,v1.5.1 (carried),,,
dist/brand/tagline/athar-tagline-lockup-ar-navy-on-sand@2x.png,3 tagline-and-colourway-variants,tagline-ar,1220 x 1464,41508,77c9bb33675bf70f1a1c6407433c9d43efd8f7e4022358d3983969c4fc5371bd,resvg-js 2.6.2 (resvg 0.40.0) + sharp 0.34.3/libvips 8.17.1,rendered-assets-v1.5.0/dist/brand/monogram/athar-monogram-light.svg (<- Athar_Package 02 Logo/SVG/Athar_Logo_Monogram.svg) | rendered-assets-v1.5.0/dist/brand/wordmark/athar-wordmark-light.svg (<- Athar_Package 02 Logo/SVG/Athar_Logo_Horizontal.svg wordmark) | IBM Plex Sans Arabic (outlined),2026-09-30T01:20:19Z,PASS,,navy,sand,2,png,v1.5.1 (carried),,,
dist/brand/tagline/athar-tagline-lockup-ar-navy-on-sand@2x.webp,3 tagline-and-colourway-variants,tagline-ar,1220 x 1464,12626,7baae52dede3cc9852d2f89de876fc272fa3642f5c7cedc724d447924958f3b7,resvg-js 2.6.2 + sharp 0.34.3 (WebP),rendered-assets-v1.5.0/dist/brand/monogram/athar-monogram-light.svg (<- Athar_Package 02 Logo/SVG/Athar_Logo_Monogram.svg) | rendered-assets-v1.5.0/dist/brand/wordmark/athar-wordmark-light.svg (<- Athar_Package 02 Logo/SVG/Athar_Logo_Horizontal.svg wordmark) | IBM Plex Sans Arabic (outlined),2026-09-30T01:20:19Z,PASS,,navy,sand,2,webp,v1.5.1 (carried),,,
dist/brand/tagline/athar-tagline-lockup-ar-navy-on-sand@3x.png,3 tagline-and-colourway-variants,tagline-ar,1830 x 2196,68976,f1be3fb3944744b8ec82fa17faee59bf4af3b1a99358349e4362cafc01e92a9b,resvg-js 2.6.2 (resvg 0.40.0) + sharp 0.34.3/libvips 8.17.1,rendered-assets-v1.5.0/dist/brand/monogram/athar-monogram-light.svg (<- Athar_Package 02 Logo/SVG/Athar_Logo_Monogram.svg) | rendered-assets-v1.5.0/dist/brand/wordmark/athar-wordmark-light.svg (<- Athar_Package 02 Logo/SVG/Athar_Logo_Horizontal.svg wordmark) | IBM Plex Sans Arabic (outlined),2026-09-30T01:20:19Z,PASS,,navy,sand,3,png,v1.5.1 (carried),,,
dist/brand/tagline/athar-tagline-lockup-ar-navy-on-sand@3x.webp,3 tagline-and-colourway-variants,tagline-ar,1830 x 2196,19306,57f68d0f19df80021a919a5d2ee0144a350a46c65dde9ddaea579953f0bd5fd5,resvg-js 2.6.2 + sharp 0.34.3 (WebP),rendered-assets-v1.5.0/dist/brand/monogram/athar-monogram-light.svg (<- Athar_Package 02 Logo/SVG/Athar_Logo_Monogram.svg) | rendered-assets-v1.5.0/dist/brand/wordmark/athar-wordmark-light.svg (<- Athar_Package 02 Logo/SVG/Athar_Logo_Horizontal.svg wordmark) | IBM Plex Sans Arabic (outlined),2026-09-30T01:20:19Z,PASS,,navy,sand,3,webp,v1.5.1 (carried),,,
dist/brand/tagline/athar-tagline-lockup-ar-navy-on-sand.svg,3 tagline-and-colourway-variants,tagline-ar,610 x 732,16074,6265f5de7fa27656d693f22d8f25a79a902fcf47e4a17a9aa6793a2dd4308c1a,svgo 4.1.0 (safe config),rendered-assets-v1.5.0/dist/brand/monogram/athar-monogram-light.svg (<- Athar_Package 02 Logo/SVG/Athar_Logo_Monogram.svg) | rendered-assets-v1.5.0/dist/brand/wordmark/athar-wordmark-light.svg (<- Athar_Package 02 Logo/SVG/Athar_Logo_Horizontal.svg wordmark),2026-09-30T01:20:37Z,PASS,,navy,sand,1,svg,v1.5.1 (carried),,,
dist/brand/tagline/athar-tagline-lockup-ar-navy-on-sand.pdf,3 tagline-and-colourway-variants,tagline-ar,610 x 732,15599,f278a32bb36e618c4039033a490fb157ce3d7b51fe158cdefb394ffe5fa9d2cc,PyMuPDF 1.28.2 (MuPDF SVG->PDF),rendered-assets-v1.5.0/dist/brand/monogram/athar-monogram-light.svg (<- Athar_Package 02 Logo/SVG/Athar_Logo_Monogram.svg) | rendered-assets-v1.5.0/dist/brand/wordmark/athar-wordmark-light.svg (<- Athar_Package 02 Logo/SVG/Athar_Logo_Horizontal.svg wordmark),2026-09-30T01:20:37Z,PASS,,navy,sand,1,pdf,v1.5.1 (carried),,,
dist/brand/tagline/athar-tagline-lockup-ar-reversed-on-transparent@1x.png,3 tagline-and-colourway-variants,tagline-ar,610 x 732,18747,cd514f998fc991c3ca0b815bb8fda7f0d229b0f1ce968f2c648463ec408b6206,resvg-js 2.6.2 (resvg 0.40.0) + sharp 0.34.3/libvips 8.17.1,rendered-assets-v1.5.0/dist/brand/monogram/athar-monogram-light.svg (<- Athar_Package 02 Logo/SVG/Athar_Logo_Monogram.svg) | rendered-assets-v1.5.0/dist/brand/wordmark/athar-wordmark-light.svg (<- Athar_Package 02 Logo/SVG/Athar_Logo_Horizontal.svg wordmark) | IBM Plex Sans Arabic (outlined),2026-09-30T01:20:19Z,PASS,,reversed,transparent,1,png,v1.5.1 (carried),,,
dist/brand/tagline/athar-tagline-lockup-ar-reversed-on-transparent@1x.webp,3 tagline-and-colourway-variants,tagline-ar,610 x 732,6458,b0ddb40112f77bbf076eee7bbdf0fab1cad7d7466f0a976df57b17f25c4f8e59,resvg-js 2.6.2 + sharp 0.34.3 (WebP),rendered-assets-v1.5.0/dist/brand/monogram/athar-monogram-light.svg (<- Athar_Package 02 Logo/SVG/Athar_Logo_Monogram.svg) | rendered-assets-v1.5.0/dist/brand/wordmark/athar-wordmark-light.svg (<- Athar_Package 02 Logo/SVG/Athar_Logo_Horizontal.svg wordmark) | IBM Plex Sans Arabic (outlined),2026-09-30T01:20:19Z,PASS,,reversed,transparent,1,webp,v1.5.1 (carried),,,
dist/brand/tagline/athar-tagline-lockup-ar-reversed-on-transparent@2x.png,3 tagline-and-colourway-variants,tagline-ar,1220 x 1464,42754,beaa139d3abdd369e7ebb60328ee5ab1385dcedf710c41992e2fcb8a8a943935,resvg-js 2.6.2 (resvg 0.40.0) + sharp 0.34.3/libvips 8.17.1,rendered-assets-v1.5.0/dist/brand/monogram/athar-monogram-light.svg (<- Athar_Package 02 Logo/SVG/Athar_Logo_Monogram.svg) | rendered-assets-v1.5.0/dist/brand/wordmark/athar-wordmark-light.svg (<- Athar_Package 02 Logo/SVG/Athar_Logo_Horizontal.svg wordmark) | IBM Plex Sans Arabic (outlined),2026-09-30T01:20:20Z,PASS,,reversed,transparent,2,png,v1.5.1 (carried),,,
dist/brand/tagline/athar-tagline-lockup-ar-reversed-on-transparent@2x.webp,3 tagline-and-colourway-variants,tagline-ar,1220 x 1464,13220,aabad703a0445f2ed0ce0349180dc1ce86395ba41a9bc5f25630df64b021cadc,resvg-js 2.6.2 + sharp 0.34.3 (WebP),rendered-assets-v1.5.0/dist/brand/monogram/athar-monogram-light.svg (<- Athar_Package 02 Logo/SVG/Athar_Logo_Monogram.svg) | rendered-assets-v1.5.0/dist/brand/wordmark/athar-wordmark-light.svg (<- Athar_Package 02 Logo/SVG/Athar_Logo_Horizontal.svg wordmark) | IBM Plex Sans Arabic (outlined),2026-09-30T01:20:20Z,PASS,,reversed,transparent,2,webp,v1.5.1 (carried),,,
dist/brand/tagline/athar-tagline-lockup-ar-reversed-on-transparent@3x.png,3 tagline-and-colourway-variants,tagline-ar,1830 x 2196,69904,fe56d7cc2630440284eb8367046301165033784615f44949a39f4de23da3501e,resvg-js 2.6.2 (resvg 0.40.0) + sharp 0.34.3/libvips 8.17.1,rendered-assets-v1.5.0/dist/brand/monogram/athar-monogram-light.svg (<- Athar_Package 02 Logo/SVG/Athar_Logo_Monogram.svg) | rendered-assets-v1.5.0/dist/brand/wordmark/athar-wordmark-light.svg (<- Athar_Package 02 Logo/SVG/Athar_Logo_Horizontal.svg wordmark) | IBM Plex Sans Arabic (outlined),2026-09-30T01:20:20Z,PASS,,reversed,transparent,3,png,v1.5.1 (carried),,,
dist/brand/tagline/athar-tagline-lockup-ar-reversed-on-transparent@3x.webp,3 tagline-and-colourway-variants,tagline-ar,1830 x 2196,19408,8922e84be75cbb2a24fec052d3829d23428d882734adac88b48d50c8cd1a76bc,resvg-js 2.6.2 + sharp 0.34.3 (WebP),rendered-assets-v1.5.0/dist/brand/monogram/athar-monogram-light.svg (<- Athar_Package 02 Logo/SVG/Athar_Logo_Monogram.svg) | rendered-assets-v1.5.0/dist/brand/wordmark/athar-wordmark-light.svg (<- Athar_Package 02 Logo/SVG/Athar_Logo_Horizontal.svg wordmark) | IBM Plex Sans Arabic (outlined),2026-09-30T01:20:20Z,PASS,,reversed,transparent,3,webp,v1.5.1 (carried),,,
dist/brand/tagline/athar-tagline-lockup-ar-reversed-on-transparent.svg,3 tagline-and-colourway-variants,tagline-ar,610 x 732,16005,fef166df95e56b153c7e4221a5e9f2ea3b5c901abd66d6aff6b4b1879c141718,svgo 4.1.0 (safe config),rendered-assets-v1.5.0/dist/brand/monogram/athar-monogram-light.svg (<- Athar_Package 02 Logo/SVG/Athar_Logo_Monogram.svg) | rendered-assets-v1.5.0/dist/brand/wordmark/athar-wordmark-light.svg (<- Athar_Package 02 Logo/SVG/Athar_Logo_Horizontal.svg wordmark),2026-09-30T01:20:37Z,PASS,,reversed,transparent,1,svg,v1.5.1 (carried),,,
dist/brand/tagline/athar-tagline-lockup-ar-reversed-on-transparent.pdf,3 tagline-and-colourway-variants,tagline-ar,610 x 732,15534,de7969945b050d8c016af50b2c7557d47b21bd355a6ba862d3474e4485ded192,PyMuPDF 1.28.2 (MuPDF SVG->PDF),rendered-assets-v1.5.0/dist/brand/monogram/athar-monogram-light.svg (<- Athar_Package 02 Logo/SVG/Athar_Logo_Monogram.svg) | rendered-assets-v1.5.0/dist/brand/wordmark/athar-wordmark-light.svg (<- Athar_Package 02 Logo/SVG/Athar_Logo_Horizontal.svg wordmark),2026-09-30T01:20:37Z,PASS,,reversed,transparent,1,pdf,v1.5.1 (carried),,,
dist/brand/tagline/athar-tagline-lockup-ar-reversed-on-deep_ocean@1x.png,3 tagline-and-colourway-variants,tagline-ar,610 x 732,18374,a9cdc268f67aaa03c6185dcceff6c178e96780c9e4ff275c9ea01a861629abf0,resvg-js 2.6.2 (resvg 0.40.0) + sharp 0.34.3/libvips 8.17.1,rendered-assets-v1.5.0/dist/brand/monogram/athar-monogram-light.svg (<- Athar_Package 02 Logo/SVG/Athar_Logo_Monogram.svg) | rendered-assets-v1.5.0/dist/brand/wordmark/athar-wordmark-light.svg (<- Athar_Package 02 Logo/SVG/Athar_Logo_Horizontal.svg wordmark) | IBM Plex Sans Arabic (outlined),2026-09-30T01:20:20Z,PASS,,reversed,deep_ocean,1,png,v1.5.1 (carried),,,
dist/brand/tagline/athar-tagline-lockup-ar-reversed-on-deep_ocean@1x.webp,3 tagline-and-colourway-variants,tagline-ar,610 x 732,6454,16d4f18c7587da1672b2a30c1f9d42522be298d48fadf999e9ed894bc7c3c6ed,resvg-js 2.6.2 + sharp 0.34.3 (WebP),rendered-assets-v1.5.0/dist/brand/monogram/athar-monogram-light.svg (<- Athar_Package 02 Logo/SVG/Athar_Logo_Monogram.svg) | rendered-assets-v1.5.0/dist/brand/wordmark/athar-wordmark-light.svg (<- Athar_Package 02 Logo/SVG/Athar_Logo_Horizontal.svg wordmark) | IBM Plex Sans Arabic (outlined),2026-09-30T01:20:20Z,PASS,,reversed,deep_ocean,1,webp,v1.5.1 (carried),,,
dist/brand/tagline/athar-tagline-lockup-ar-reversed-on-deep_ocean@2x.png,3 tagline-and-colourway-variants,tagline-ar,1220 x 1464,41779,e9f854d37db8b2622dd2b0263d4c1c0139cf692b1aa695df8af7a30fc00ebf72,resvg-js 2.6.2 (resvg 0.40.0) + sharp 0.34.3/libvips 8.17.1,rendered-assets-v1.5.0/dist/brand/monogram/athar-monogram-light.svg (<- Athar_Package 02 Logo/SVG/Athar_Logo_Monogram.svg) | rendered-assets-v1.5.0/dist/brand/wordmark/athar-wordmark-light.svg (<- Athar_Package 02 Logo/SVG/Athar_Logo_Horizontal.svg wordmark) | IBM Plex Sans Arabic (outlined),2026-09-30T01:20:21Z,PASS,,reversed,deep_ocean,2,png,v1.5.1 (carried),,,
dist/brand/tagline/athar-tagline-lockup-ar-reversed-on-deep_ocean@2x.webp,3 tagline-and-colourway-variants,tagline-ar,1220 x 1464,13282,a4b2e60eee62a865ca0ebaa2865ecddab526b7ced1650cb57cb484d2dfce4c89,resvg-js 2.6.2 + sharp 0.34.3 (WebP),rendered-assets-v1.5.0/dist/brand/monogram/athar-monogram-light.svg (<- Athar_Package 02 Logo/SVG/Athar_Logo_Monogram.svg) | rendered-assets-v1.5.0/dist/brand/wordmark/athar-wordmark-light.svg (<- Athar_Package 02 Logo/SVG/Athar_Logo_Horizontal.svg wordmark) | IBM Plex Sans Arabic (outlined),2026-09-30T01:20:21Z,PASS,,reversed,deep_ocean,2,webp,v1.5.1 (carried),,,
dist/brand/tagline/athar-tagline-lockup-ar-reversed-on-deep_ocean@3x.png,3 tagline-and-colourway-variants,tagline-ar,1830 x 2196,68794,a2490871475c331e8dc3401ffd5ee2add8e68234c75bee4a601d0e66f85071ea,resvg-js 2.6.2 (resvg 0.40.0) + sharp 0.34.3/libvips 8.17.1,rendered-assets-v1.5.0/dist/brand/monogram/athar-monogram-light.svg (<- Athar_Package 02 Logo/SVG/Athar_Logo_Monogram.svg) | rendered-assets-v1.5.0/dist/brand/wordmark/athar-wordmark-light.svg (<- Athar_Package 02 Logo/SVG/Athar_Logo_Horizontal.svg wordmark) | IBM Plex Sans Arabic (outlined),2026-09-30T01:20:21Z,PASS,,reversed,deep_ocean,3,png,v1.5.1 (carried),,,
dist/brand/tagline/athar-tagline-lockup-ar-reversed-on-deep_ocean@3x.webp,3 tagline-and-colourway-variants,tagline-ar,1830 x 2196,19584,5fdbf583535940f552935d74eea621326a4afc136d79ca8b44b5e0fda5e5db7b,resvg-js 2.6.2 + sharp 0.34.3 (WebP),rendered-assets-v1.5.0/dist/brand/monogram/athar-monogram-light.svg (<- Athar_Package 02 Logo/SVG/Athar_Logo_Monogram.svg) | rendered-assets-v1.5.0/dist/brand/wordmark/athar-wordmark-light.svg (<- Athar_Package 02 Logo/SVG/Athar_Logo_Horizontal.svg wordmark) | IBM Plex Sans Arabic (outlined),2026-09-30T01:20:21Z,PASS,,reversed,deep_ocean,3,webp,v1.5.1 (carried),,,
dist/brand/tagline/athar-tagline-lockup-ar-reversed-on-deep_ocean.svg,3 tagline-and-colourway-variants,tagline-ar,610 x 732,16084,6d3714cb6ea79748bf371c3f6ab4dc060f1ac69181b278eb11cd254a0d1bd5b8,svgo 4.1.0 (safe config),rendered-assets-v1.5.0/dist/brand/monogram/athar-monogram-light.svg (<- Athar_Package 02 Logo/SVG/Athar_Logo_Monogram.svg) | rendered-assets-v1.5.0/dist/brand/wordmark/athar-wordmark-light.svg (<- Athar_Package 02 Logo/SVG/Athar_Logo_Horizontal.svg wordmark),2026-09-30T01:20:37Z,PASS,,reversed,deep_ocean,1,svg,v1.5.1 (carried),,,
dist/brand/tagline/athar-tagline-lockup-ar-reversed-on-deep_ocean.pdf,3 tagline-and-colourway-variants,tagline-ar,610 x 732,15594,51707a0f3f97c7612abcdf8c08f03c9006f9f4d00630612e4376d4e4c4c42127,PyMuPDF 1.28.2 (MuPDF SVG->PDF),rendered-assets-v1.5.0/dist/brand/monogram/athar-monogram-light.svg (<- Athar_Package 02 Logo/SVG/Athar_Logo_Monogram.svg) | rendered-assets-v1.5.0/dist/brand/wordmark/athar-wordmark-light.svg (<- Athar_Package 02 Logo/SVG/Athar_Logo_Horizontal.svg wordmark),2026-09-30T01:20:37Z,PASS,,reversed,deep_ocean,1,pdf,v1.5.1 (carried),,,
dist/brand/tagline/athar-tagline-lockup-ar-mono-black-on-transparent@1x.png,3 tagline-and-colourway-variants,tagline-ar,610 x 732,11685,b8f3404814097612e204503bc74d6f601c4fee85b59e3ad981e951324236004d,resvg-js 2.6.2 (resvg 0.40.0) + sharp 0.34.3/libvips 8.17.1,rendered-assets-v1.5.0/dist/brand/monogram/athar-monogram-light.svg (<- Athar_Package 02 Logo/SVG/Athar_Logo_Monogram.svg) | rendered-assets-v1.5.0/dist/brand/wordmark/athar-wordmark-light.svg (<- Athar_Package 02 Logo/SVG/Athar_Logo_Horizontal.svg wordmark) | IBM Plex Sans Arabic (outlined),2026-09-30T01:20:21Z,PASS,,mono-black,transparent,1,png,v1.5.1 (carried),,,
dist/brand/tagline/athar-tagline-lockup-ar-mono-black-on-transparent@1x.webp,3 tagline-and-colourway-variants,tagline-ar,610 x 732,6268,16909e00304a1c27402dee0dfa582210ad472d7c11881b238f3285781505ce30,resvg-js 2.6.2 + sharp 0.34.3 (WebP),rendered-assets-v1.5.0/dist/brand/monogram/athar-monogram-light.svg (<- Athar_Package 02 Logo/SVG/Athar_Logo_Monogram.svg) | rendered-assets-v1.5.0/dist/brand/wordmark/athar-wordmark-light.svg (<- Athar_Package 02 Logo/SVG/Athar_Logo_Horizontal.svg wordmark) | IBM Plex Sans Arabic (outlined),2026-09-30T01:20:21Z,PASS,,mono-black,transparent,1,webp,v1.5.1 (carried),,,
dist/brand/tagline/athar-tagline-lockup-ar-mono-black-on-transparent@2x.png,3 tagline-and-colourway-variants,tagline-ar,1220 x 1464,27173,b59852419ac66967b2ef15b2152e7f9554ba52f3b0497aab8d861a723a35cb0c,resvg-js 2.6.2 (resvg 0.40.0) + sharp 0.34.3/libvips 8.17.1,rendered-assets-v1.5.0/dist/brand/monogram/athar-monogram-light.svg (<- Athar_Package 02 Logo/SVG/Athar_Logo_Monogram.svg) | rendered-assets-v1.5.0/dist/brand/wordmark/athar-wordmark-light.svg (<- Athar_Package 02 Logo/SVG/Athar_Logo_Horizontal.svg wordmark) | IBM Plex Sans Arabic (outlined),2026-09-30T01:20:21Z,PASS,,mono-black,transparent,2,png,v1.5.1 (carried),,,
dist/brand/tagline/athar-tagline-lockup-ar-mono-black-on-transparent@2x.webp,3 tagline-and-colourway-variants,tagline-ar,1220 x 1464,12512,11229398468629285bd8dd320eca5e430a8edffafa7062f51918d6d52c78fb63,resvg-js 2.6.2 + sharp 0.34.3 (WebP),rendered-assets-v1.5.0/dist/brand/monogram/athar-monogram-light.svg (<- Athar_Package 02 Logo/SVG/Athar_Logo_Monogram.svg) | rendered-assets-v1.5.0/dist/brand/wordmark/athar-wordmark-light.svg (<- Athar_Package 02 Logo/SVG/Athar_Logo_Horizontal.svg wordmark) | IBM Plex Sans Arabic (outlined),2026-09-30T01:20:22Z,PASS,,mono-black,transparent,2,webp,v1.5.1 (carried),,,
dist/brand/tagline/athar-tagline-lockup-ar-mono-black-on-transparent@3x.png,3 tagline-and-colourway-variants,tagline-ar,1830 x 2196,46694,b9bd4837417475b0e00227e1049d1f2d92e350f7106e8aa1260b98f39471d64d,resvg-js 2.6.2 (resvg 0.40.0) + sharp 0.34.3/libvips 8.17.1,rendered-assets-v1.5.0/dist/brand/monogram/athar-monogram-light.svg (<- Athar_Package 02 Logo/SVG/Athar_Logo_Monogram.svg) | rendered-assets-v1.5.0/dist/brand/wordmark/athar-wordmark-light.svg (<- Athar_Package 02 Logo/SVG/Athar_Logo_Horizontal.svg wordmark) | IBM Plex Sans Arabic (outlined),2026-09-30T01:20:22Z,PASS,,mono-black,transparent,3,png,v1.5.1 (carried),,,
dist/brand/tagline/athar-tagline-lockup-ar-mono-black-on-transparent@3x.webp,3 tagline-and-colourway-variants,tagline-ar,1830 x 2196,19246,20191c216cda7691fda93b5b49e2a5c8949bcfb615921d0a7d2633cc8b3fd592,resvg-js 2.6.2 + sharp 0.34.3 (WebP),rendered-assets-v1.5.0/dist/brand/monogram/athar-monogram-light.svg (<- Athar_Package 02 Logo/SVG/Athar_Logo_Monogram.svg) | rendered-assets-v1.5.0/dist/brand/wordmark/athar-wordmark-light.svg (<- Athar_Package 02 Logo/SVG/Athar_Logo_Horizontal.svg wordmark) | IBM Plex Sans Arabic (outlined),2026-09-30T01:20:22Z,PASS,,mono-black,transparent,3,webp,v1.5.1 (carried),,,
dist/brand/tagline/athar-tagline-lockup-ar-mono-black-on-transparent.svg,3 tagline-and-colourway-variants,tagline-ar,610 x 732,15962,58b38f6ed0b06adb70b7a3ee4654385e0a3ec486e40dc375ea5134e6d6f2fdfe,svgo 4.1.0 (safe config),rendered-assets-v1.5.0/dist/brand/monogram/athar-monogram-light.svg (<- Athar_Package 02 Logo/SVG/Athar_Logo_Monogram.svg) | rendered-assets-v1.5.0/dist/brand/wordmark/athar-wordmark-light.svg (<- Athar_Package 02 Logo/SVG/Athar_Logo_Horizontal.svg wordmark),2026-09-30T01:20:38Z,PASS,,mono-black,transparent,1,svg,v1.5.1 (carried),,,
dist/brand/tagline/athar-tagline-lockup-ar-mono-black-on-transparent.pdf,3 tagline-and-colourway-variants,tagline-ar,610 x 732,15527,5b32122a7050b26996f99d0c40be58ab3dd91e28e997b036ea232232c21fd52f,PyMuPDF 1.28.2 (MuPDF SVG->PDF),rendered-assets-v1.5.0/dist/brand/monogram/athar-monogram-light.svg (<- Athar_Package 02 Logo/SVG/Athar_Logo_Monogram.svg) | rendered-assets-v1.5.0/dist/brand/wordmark/athar-wordmark-light.svg (<- Athar_Package 02 Logo/SVG/Athar_Logo_Horizontal.svg wordmark),2026-09-30T01:20:38Z,PASS,,mono-black,transparent,1,pdf,v1.5.1 (carried),,,
dist/brand/tagline/athar-tagline-lockup-ar-mono-black-on-ivory@1x.png,3 tagline-and-colourway-variants,tagline-ar,610 x 732,18796,31b05abcd1cf1a7e2e60f59263460d142f830abd44a88e0395ee34119d619c81,resvg-js 2.6.2 (resvg 0.40.0) + sharp 0.34.3/libvips 8.17.1,rendered-assets-v1.5.0/dist/brand/monogram/athar-monogram-light.svg (<- Athar_Package 02 Logo/SVG/Athar_Logo_Monogram.svg) | rendered-assets-v1.5.0/dist/brand/wordmark/athar-wordmark-light.svg (<- Athar_Package 02 Logo/SVG/Athar_Logo_Horizontal.svg wordmark) | IBM Plex Sans Arabic (outlined),2026-09-30T01:20:22Z,PASS,,mono-black,ivory,1,png,v1.5.1 (carried),,,
dist/brand/tagline/athar-tagline-lockup-ar-mono-black-on-ivory@1x.webp,3 tagline-and-colourway-variants,tagline-ar,610 x 732,6298,51cb0c06c4192dd08240252b7cccd308d54a526263e6c630049a0bd9d768936a,resvg-js 2.6.2 + sharp 0.34.3 (WebP),rendered-assets-v1.5.0/dist/brand/monogram/athar-monogram-light.svg (<- Athar_Package 02 Logo/SVG/Athar_Logo_Monogram.svg) | rendered-assets-v1.5.0/dist/brand/wordmark/athar-wordmark-light.svg (<- Athar_Package 02 Logo/SVG/Athar_Logo_Horizontal.svg wordmark) | IBM Plex Sans Arabic (outlined),2026-09-30T01:20:22Z,PASS,,mono-black,ivory,1,webp,v1.5.1 (carried),,,
dist/brand/tagline/athar-tagline-lockup-ar-mono-black-on-ivory@2x.png,3 tagline-and-colourway-variants,tagline-ar,1220 x 1464,42193,4bc04ff83745ee9eb7cd5ec939c9ca64ea5efa9685963252a6a2e6e45c049fcb,resvg-js 2.6.2 (resvg 0.40.0) + sharp 0.34.3/libvips 8.17.1,rendered-assets-v1.5.0/dist/brand/monogram/athar-monogram-light.svg (<- Athar_Package 02 Logo/SVG/Athar_Logo_Monogram.svg) | rendered-assets-v1.5.0/dist/brand/wordmark/athar-wordmark-light.svg (<- Athar_Package 02 Logo/SVG/Athar_Logo_Horizontal.svg wordmark) | IBM Plex Sans Arabic (outlined),2026-09-30T01:20:22Z,PASS,,mono-black,ivory,2,png,v1.5.1 (carried),,,
dist/brand/tagline/athar-tagline-lockup-ar-mono-black-on-ivory@2x.webp,3 tagline-and-colourway-variants,tagline-ar,1220 x 1464,12664,ec778216575c636d6e81988ae7df2401300ad42442b0e6a69de65e35c1ab6ceb,resvg-js 2.6.2 + sharp 0.34.3 (WebP),rendered-assets-v1.5.0/dist/brand/monogram/athar-monogram-light.svg (<- Athar_Package 02 Logo/SVG/Athar_Logo_Monogram.svg) | rendered-assets-v1.5.0/dist/brand/wordmark/athar-wordmark-light.svg (<- Athar_Package 02 Logo/SVG/Athar_Logo_Horizontal.svg wordmark) | IBM Plex Sans Arabic (outlined),2026-09-30T01:20:23Z,PASS,,mono-black,ivory,2,webp,v1.5.1 (carried),,,
dist/brand/tagline/athar-tagline-lockup-ar-mono-black-on-ivory@3x.png,3 tagline-and-colourway-variants,tagline-ar,1830 x 2196,69521,8796c827efa9cf13b05269928f8a90e558f6db99461063819e1c71e2bf6769a6,resvg-js 2.6.2 (resvg 0.40.0) + sharp 0.34.3/libvips 8.17.1,rendered-assets-v1.5.0/dist/brand/monogram/athar-monogram-light.svg (<- Athar_Package 02 Logo/SVG/Athar_Logo_Monogram.svg) | rendered-assets-v1.5.0/dist/brand/wordmark/athar-wordmark-light.svg (<- Athar_Package 02 Logo/SVG/Athar_Logo_Horizontal.svg wordmark) | IBM Plex Sans Arabic (outlined),2026-09-30T01:20:23Z,PASS,,mono-black,ivory,3,png,v1.5.1 (carried),,,
dist/brand/tagline/athar-tagline-lockup-ar-mono-black-on-ivory@3x.webp,3 tagline-and-colourway-variants,tagline-ar,1830 x 2196,19394,4f39aacc150ac6a25f0ab8518da00f46f8145844e267021108b031bbeac054f0,resvg-js 2.6.2 + sharp 0.34.3 (WebP),rendered-assets-v1.5.0/dist/brand/monogram/athar-monogram-light.svg (<- Athar_Package 02 Logo/SVG/Athar_Logo_Monogram.svg) | rendered-assets-v1.5.0/dist/brand/wordmark/athar-wordmark-light.svg (<- Athar_Package 02 Logo/SVG/Athar_Logo_Horizontal.svg wordmark) | IBM Plex Sans Arabic (outlined),2026-09-30T01:20:23Z,PASS,,mono-black,ivory,3,webp,v1.5.1 (carried),,,
dist/brand/tagline/athar-tagline-lockup-ar-mono-black-on-ivory.svg,3 tagline-and-colourway-variants,tagline-ar,610 x 732,16036,df131322b6683701d2f786c1f31f761fa2d778d83f35f14dab5240c71096cf58,svgo 4.1.0 (safe config),rendered-assets-v1.5.0/dist/brand/monogram/athar-monogram-light.svg (<- Athar_Package 02 Logo/SVG/Athar_Logo_Monogram.svg) | rendered-assets-v1.5.0/dist/brand/wordmark/athar-wordmark-light.svg (<- Athar_Package 02 Logo/SVG/Athar_Logo_Horizontal.svg wordmark),2026-09-30T01:20:38Z,PASS,,mono-black,ivory,1,svg,v1.5.1 (carried),,,
dist/brand/tagline/athar-tagline-lockup-ar-mono-black-on-ivory.pdf,3 tagline-and-colourway-variants,tagline-ar,610 x 732,15583,f498a7b1f5e91746a9abbe2525ff8ee9780c5ca91b7887addc2e3d10c21927e3,PyMuPDF 1.28.2 (MuPDF SVG->PDF),rendered-assets-v1.5.0/dist/brand/monogram/athar-monogram-light.svg (<- Athar_Package 02 Logo/SVG/Athar_Logo_Monogram.svg) | rendered-assets-v1.5.0/dist/brand/wordmark/athar-wordmark-light.svg (<- Athar_Package 02 Logo/SVG/Athar_Logo_Horizontal.svg wordmark),2026-09-30T01:20:38Z,PASS,,mono-black,ivory,1,pdf,v1.5.1 (carried),,,
dist/brand/tagline/athar-tagline-lockup-ar-mono-black-on-sand@1x.png,3 tagline-and-colourway-variants,tagline-ar,610 x 732,18697,be85067a5d0f307eb566b8c521defb2ac52e9b0673c68f1ca2deef9766237545,resvg-js 2.6.2 (resvg 0.40.0) + sharp 0.34.3/libvips 8.17.1,rendered-assets-v1.5.0/dist/brand/monogram/athar-monogram-light.svg (<- Athar_Package 02 Logo/SVG/Athar_Logo_Monogram.svg) | rendered-assets-v1.5.0/dist/brand/wordmark/athar-wordmark-light.svg (<- Athar_Package 02 Logo/SVG/Athar_Logo_Horizontal.svg wordmark) | IBM Plex Sans Arabic (outlined),2026-09-30T01:20:23Z,PASS,,mono-black,sand,1,png,v1.5.1 (carried),,,
dist/brand/tagline/athar-tagline-lockup-ar-mono-black-on-sand@1x.webp,3 tagline-and-colourway-variants,tagline-ar,610 x 732,6308,2ef4cc6fec19ac001231387569c0acd7d8e370adbdc4c68d7efa2621b1ff1324,resvg-js 2.6.2 + sharp 0.34.3 (WebP),rendered-assets-v1.5.0/dist/brand/monogram/athar-monogram-light.svg (<- Athar_Package 02 Logo/SVG/Athar_Logo_Monogram.svg) | rendered-assets-v1.5.0/dist/brand/wordmark/athar-wordmark-light.svg (<- Athar_Package 02 Logo/SVG/Athar_Logo_Horizontal.svg wordmark) | IBM Plex Sans Arabic (outlined),2026-09-30T01:20:23Z,PASS,,mono-black,sand,1,webp,v1.5.1 (carried),,,
dist/brand/tagline/athar-tagline-lockup-ar-mono-black-on-sand@2x.png,3 tagline-and-colourway-variants,tagline-ar,1220 x 1464,42561,07e939706bcc39c07805fd36e8ea5a5e831f26ec056fcd6ac32063cbcc822712,resvg-js 2.6.2 (resvg 0.40.0) + sharp 0.34.3/libvips 8.17.1,rendered-assets-v1.5.0/dist/brand/monogram/athar-monogram-light.svg (<- Athar_Package 02 Logo/SVG/Athar_Logo_Monogram.svg) | rendered-assets-v1.5.0/dist/brand/wordmark/athar-wordmark-light.svg (<- Athar_Package 02 Logo/SVG/Athar_Logo_Horizontal.svg wordmark) | IBM Plex Sans Arabic (outlined),2026-09-30T01:20:23Z,PASS,,mono-black,sand,2,png,v1.5.1 (carried),,,
dist/brand/tagline/athar-tagline-lockup-ar-mono-black-on-sand@2x.webp,3 tagline-and-colourway-variants,tagline-ar,1220 x 1464,12668,0a838e036ac8d21f9c73959a80e2d83a9ad9d2d04241c692893455e02b950c38,resvg-js 2.6.2 + sharp 0.34.3 (WebP),rendered-assets-v1.5.0/dist/brand/monogram/athar-monogram-light.svg (<- Athar_Package 02 Logo/SVG/Athar_Logo_Monogram.svg) | rendered-assets-v1.5.0/dist/brand/wordmark/athar-wordmark-light.svg (<- Athar_Package 02 Logo/SVG/Athar_Logo_Horizontal.svg wordmark) | IBM Plex Sans Arabic (outlined),2026-09-30T01:20:23Z,PASS,,mono-black,sand,2,webp,v1.5.1 (carried),,,
dist/brand/tagline/athar-tagline-lockup-ar-mono-black-on-sand@3x.png,3 tagline-and-colourway-variants,tagline-ar,1830 x 2196,70110,abab9ffe0f3099efaafd8ff68c2540c4c03ddcf50d04063bba5d3ba35f79c304,resvg-js 2.6.2 (resvg 0.40.0) + sharp 0.34.3/libvips 8.17.1,rendered-assets-v1.5.0/dist/brand/monogram/athar-monogram-light.svg (<- Athar_Package 02 Logo/SVG/Athar_Logo_Monogram.svg) | rendered-assets-v1.5.0/dist/brand/wordmark/athar-wordmark-light.svg (<- Athar_Package 02 Logo/SVG/Athar_Logo_Horizontal.svg wordmark) | IBM Plex Sans Arabic (outlined),2026-09-30T01:20:24Z,PASS,,mono-black,sand,3,png,v1.5.1 (carried),,,
dist/brand/tagline/athar-tagline-lockup-ar-mono-black-on-sand@3x.webp,3 tagline-and-colourway-variants,tagline-ar,1830 x 2196,19398,0bb25ef3447a2bbff965f7ff45249b6b723779275a6980c2c6447aea3cd306b5,resvg-js 2.6.2 + sharp 0.34.3 (WebP),rendered-assets-v1.5.0/dist/brand/monogram/athar-monogram-light.svg (<- Athar_Package 02 Logo/SVG/Athar_Logo_Monogram.svg) | rendered-assets-v1.5.0/dist/brand/wordmark/athar-wordmark-light.svg (<- Athar_Package 02 Logo/SVG/Athar_Logo_Horizontal.svg wordmark) | IBM Plex Sans Arabic (outlined),2026-09-30T01:20:24Z,PASS,,mono-black,sand,3,webp,v1.5.1 (carried),,,
dist/brand/tagline/athar-tagline-lockup-ar-mono-black-on-sand.svg,3 tagline-and-colourway-variants,tagline-ar,610 x 732,16035,ce9823386fa4edc29f5a48e5ffc3c658a1a7ae5c24cfa6fb1654ee8407b011a6,svgo 4.1.0 (safe config),rendered-assets-v1.5.0/dist/brand/monogram/athar-monogram-light.svg (<- Athar_Package 02 Logo/SVG/Athar_Logo_Monogram.svg) | rendered-assets-v1.5.0/dist/brand/wordmark/athar-wordmark-light.svg (<- Athar_Package 02 Logo/SVG/Athar_Logo_Horizontal.svg wordmark),2026-09-30T01:20:38Z,PASS,,mono-black,sand,1,svg,v1.5.1 (carried),,,
dist/brand/tagline/athar-tagline-lockup-ar-mono-black-on-sand.pdf,3 tagline-and-colourway-variants,tagline-ar,610 x 732,15590,04e4d3276a7cd49c36ecb2773b2186aa12773f63d7fab1272b24cdae9bbfb1ce,PyMuPDF 1.28.2 (MuPDF SVG->PDF),rendered-assets-v1.5.0/dist/brand/monogram/athar-monogram-light.svg (<- Athar_Package 02 Logo/SVG/Athar_Logo_Monogram.svg) | rendered-assets-v1.5.0/dist/brand/wordmark/athar-wordmark-light.svg (<- Athar_Package 02 Logo/SVG/Athar_Logo_Horizontal.svg wordmark),2026-09-30T01:20:38Z,PASS,,mono-black,sand,1,pdf,v1.5.1 (carried),,,
dist/brand/tagline/athar-tagline-lockup-ar-mono-white-on-transparent@1x.png,3 tagline-and-colourway-variants,tagline-ar,610 x 732,12611,238e53cd1456240987adb29f264a456896d65a28dfe4eb5eecebad4f4e923d30,resvg-js 2.6.2 (resvg 0.40.0) + sharp 0.34.3/libvips 8.17.1,rendered-assets-v1.5.0/dist/brand/monogram/athar-monogram-light.svg (<- Athar_Package 02 Logo/SVG/Athar_Logo_Monogram.svg) | rendered-assets-v1.5.0/dist/brand/wordmark/athar-wordmark-light.svg (<- Athar_Package 02 Logo/SVG/Athar_Logo_Horizontal.svg wordmark) | IBM Plex Sans Arabic (outlined),2026-09-30T01:20:24Z,PASS,,mono-white,transparent,1,png,v1.5.1 (carried),,,
dist/brand/tagline/athar-tagline-lockup-ar-mono-white-on-transparent@1x.webp,3 tagline-and-colourway-variants,tagline-ar,610 x 732,6274,1907871d8c04b9b350c51518d7085043d8699ff946c2493c37af91665a33646f,resvg-js 2.6.2 + sharp 0.34.3 (WebP),rendered-assets-v1.5.0/dist/brand/monogram/athar-monogram-light.svg (<- Athar_Package 02 Logo/SVG/Athar_Logo_Monogram.svg) | rendered-assets-v1.5.0/dist/brand/wordmark/athar-wordmark-light.svg (<- Athar_Package 02 Logo/SVG/Athar_Logo_Horizontal.svg wordmark) | IBM Plex Sans Arabic (outlined),2026-09-30T01:20:24Z,PASS,,mono-white,transparent,1,webp,v1.5.1 (carried),,,
dist/brand/tagline/athar-tagline-lockup-ar-mono-white-on-transparent@2x.png,3 tagline-and-colourway-variants,tagline-ar,1220 x 1464,29941,ab5e2b2147255370c009a9da9d61f285429b0d45fe8c06d3b0a4b2628f855f02,resvg-js 2.6.2 (resvg 0.40.0) + sharp 0.34.3/libvips 8.17.1,rendered-assets-v1.5.0/dist/brand/monogram/athar-monogram-light.svg (<- Athar_Package 02 Logo/SVG/Athar_Logo_Monogram.svg) | rendered-assets-v1.5.0/dist/brand/wordmark/athar-wordmark-light.svg (<- Athar_Package 02 Logo/SVG/Athar_Logo_Horizontal.svg wordmark) | IBM Plex Sans Arabic (outlined),2026-09-30T01:20:24Z,PASS,,mono-white,transparent,2,png,v1.5.1 (carried),,,
dist/brand/tagline/athar-tagline-lockup-ar-mono-white-on-transparent@2x.webp,3 tagline-and-colourway-variants,tagline-ar,1220 x 1464,12524,ea0b135bddb16e09dd19d0e48fdc9a82b68a74f5bf625732761c4fc92221f3ae,resvg-js 2.6.2 + sharp 0.34.3 (WebP),rendered-assets-v1.5.0/dist/brand/monogram/athar-monogram-light.svg (<- Athar_Package 02 Logo/SVG/Athar_Logo_Monogram.svg) | rendered-assets-v1.5.0/dist/brand/wordmark/athar-wordmark-light.svg (<- Athar_Package 02 Logo/SVG/Athar_Logo_Horizontal.svg wordmark) | IBM Plex Sans Arabic (outlined),2026-09-30T01:20:24Z,PASS,,mono-white,transparent,2,webp,v1.5.1 (carried),,,
dist/brand/tagline/athar-tagline-lockup-ar-mono-white-on-transparent@3x.png,3 tagline-and-colourway-variants,tagline-ar,1830 x 2196,51765,8bd1986ccb6169573392030019601cec4d33287ce1652bcdc33c25b29bae6fd5,resvg-js 2.6.2 (resvg 0.40.0) + sharp 0.34.3/libvips 8.17.1,rendered-assets-v1.5.0/dist/brand/monogram/athar-monogram-light.svg (<- Athar_Package 02 Logo/SVG/Athar_Logo_Monogram.svg) | rendered-assets-v1.5.0/dist/brand/wordmark/athar-wordmark-light.svg (<- Athar_Package 02 Logo/SVG/Athar_Logo_Horizontal.svg wordmark) | IBM Plex Sans Arabic (outlined),2026-09-30T01:20:25Z,PASS,,mono-white,transparent,3,png,v1.5.1 (carried),,,
dist/brand/tagline/athar-tagline-lockup-ar-mono-white-on-transparent@3x.webp,3 tagline-and-colourway-variants,tagline-ar,1830 x 2196,19254,12249de4a0bd4e89542f36cbb9a21d98c6e98362b25c7f3933a06b71c353e700,resvg-js 2.6.2 + sharp 0.34.3 (WebP),rendered-assets-v1.5.0/dist/brand/monogram/athar-monogram-light.svg (<- Athar_Package 02 Logo/SVG/Athar_Logo_Monogram.svg) | rendered-assets-v1.5.0/dist/brand/wordmark/athar-wordmark-light.svg (<- Athar_Package 02 Logo/SVG/Athar_Logo_Horizontal.svg wordmark) | IBM Plex Sans Arabic (outlined),2026-09-30T01:20:25Z,PASS,,mono-white,transparent,3,webp,v1.5.1 (carried),,,
dist/brand/tagline/athar-tagline-lockup-ar-mono-white-on-transparent.svg,3 tagline-and-colourway-variants,tagline-ar,610 x 732,15998,a0fa41c11a282899e12c26a917251f68541e0bda099f2adc6179b261134f7c8e,svgo 4.1.0 (safe config),rendered-assets-v1.5.0/dist/brand/monogram/athar-monogram-light.svg (<- Athar_Package 02 Logo/SVG/Athar_Logo_Monogram.svg) | rendered-assets-v1.5.0/dist/brand/wordmark/athar-wordmark-light.svg (<- Athar_Package 02 Logo/SVG/Athar_Logo_Horizontal.svg wordmark),2026-09-30T01:20:39Z,PASS,,mono-white,transparent,1,svg,v1.5.1 (carried),,,
dist/brand/tagline/athar-tagline-lockup-ar-mono-white-on-transparent.pdf,3 tagline-and-colourway-variants,tagline-ar,610 x 732,15527,db198a652f0bffd97b0cd212aa784b509b53733cf9c579918deeb7131005eb41,PyMuPDF 1.28.2 (MuPDF SVG->PDF),rendered-assets-v1.5.0/dist/brand/monogram/athar-monogram-light.svg (<- Athar_Package 02 Logo/SVG/Athar_Logo_Monogram.svg) | rendered-assets-v1.5.0/dist/brand/wordmark/athar-wordmark-light.svg (<- Athar_Package 02 Logo/SVG/Athar_Logo_Horizontal.svg wordmark),2026-09-30T01:20:39Z,PASS,,mono-white,transparent,1,pdf,v1.5.1 (carried),,,
dist/brand/tagline/athar-tagline-lockup-ar-mono-white-on-deep_ocean@1x.png,3 tagline-and-colourway-variants,tagline-ar,610 x 732,19183,d8ba5e7633854f5271cf1c247b63e99a899c255f4d6f71db01667691ce6c9f3e,resvg-js 2.6.2 (resvg 0.40.0) + sharp 0.34.3/libvips 8.17.1,rendered-assets-v1.5.0/dist/brand/monogram/athar-monogram-light.svg (<- Athar_Package 02 Logo/SVG/Athar_Logo_Monogram.svg) | rendered-assets-v1.5.0/dist/brand/wordmark/athar-wordmark-light.svg (<- Athar_Package 02 Logo/SVG/Athar_Logo_Horizontal.svg wordmark) | IBM Plex Sans Arabic (outlined),2026-09-30T01:20:25Z,PASS,,mono-white,deep_ocean,1,png,v1.5.1 (carried),,,
dist/brand/tagline/athar-tagline-lockup-ar-mono-white-on-deep_ocean@1x.webp,3 tagline-and-colourway-variants,tagline-ar,610 x 732,6298,2167550de52640ccd99ad6503f2639a95062f9d40d499fa7cad4450a7c23f861,resvg-js 2.6.2 + sharp 0.34.3 (WebP),rendered-assets-v1.5.0/dist/brand/monogram/athar-monogram-light.svg (<- Athar_Package 02 Logo/SVG/Athar_Logo_Monogram.svg) | rendered-assets-v1.5.0/dist/brand/wordmark/athar-wordmark-light.svg (<- Athar_Package 02 Logo/SVG/Athar_Logo_Horizontal.svg wordmark) | IBM Plex Sans Arabic (outlined),2026-09-30T01:20:25Z,PASS,,mono-white,deep_ocean,1,webp,v1.5.1 (carried),,,
dist/brand/tagline/athar-tagline-lockup-ar-mono-white-on-deep_ocean@2x.png,3 tagline-and-colourway-variants,tagline-ar,1220 x 1464,43228,b2faad29585d0d2fb1b99c2796cc11ea21016ecb18bc15759a0379f7bc98b1ac,resvg-js 2.6.2 (resvg 0.40.0) + sharp 0.34.3/libvips 8.17.1,rendered-assets-v1.5.0/dist/brand/monogram/athar-monogram-light.svg (<- Athar_Package 02 Logo/SVG/Athar_Logo_Monogram.svg) | rendered-assets-v1.5.0/dist/brand/wordmark/athar-wordmark-light.svg (<- Athar_Package 02 Logo/SVG/Athar_Logo_Horizontal.svg wordmark) | IBM Plex Sans Arabic (outlined),2026-09-30T01:20:25Z,PASS,,mono-white,deep_ocean,2,png,v1.5.1 (carried),,,
dist/brand/tagline/athar-tagline-lockup-ar-mono-white-on-deep_ocean@2x.webp,3 tagline-and-colourway-variants,tagline-ar,1220 x 1464,12658,2574063ec1b7633ee1f94087ab392e33e9d84c01b9c0b4f328c9cc3aae953b9b,resvg-js 2.6.2 + sharp 0.34.3 (WebP),rendered-assets-v1.5.0/dist/brand/monogram/athar-monogram-light.svg (<- Athar_Package 02 Logo/SVG/Athar_Logo_Monogram.svg) | rendered-assets-v1.5.0/dist/brand/wordmark/athar-wordmark-light.svg (<- Athar_Package 02 Logo/SVG/Athar_Logo_Horizontal.svg wordmark) | IBM Plex Sans Arabic (outlined),2026-09-30T01:20:25Z,PASS,,mono-white,deep_ocean,2,webp,v1.5.1 (carried),,,
dist/brand/tagline/athar-tagline-lockup-ar-mono-white-on-deep_ocean@3x.png,3 tagline-and-colourway-variants,tagline-ar,1830 x 2196,71195,329080c99d48c3a4d1efff0a3eff9c77071b869eaef977d910fecb558f76dca8,resvg-js 2.6.2 (resvg 0.40.0) + sharp 0.34.3/libvips 8.17.1,rendered-assets-v1.5.0/dist/brand/monogram/athar-monogram-light.svg (<- Athar_Package 02 Logo/SVG/Athar_Logo_Monogram.svg) | rendered-assets-v1.5.0/dist/brand/wordmark/athar-wordmark-light.svg (<- Athar_Package 02 Logo/SVG/Athar_Logo_Horizontal.svg wordmark) | IBM Plex Sans Arabic (outlined),2026-09-30T01:20:26Z,PASS,,mono-white,deep_ocean,3,png,v1.5.1 (carried),,,
dist/brand/tagline/athar-tagline-lockup-ar-mono-white-on-deep_ocean@3x.webp,3 tagline-and-colourway-variants,tagline-ar,1830 x 2196,19390,30df1360499d188454b2c43af1c0a26a6aa177a57d2c3d17be499669230b18fb,resvg-js 2.6.2 + sharp 0.34.3 (WebP),rendered-assets-v1.5.0/dist/brand/monogram/athar-monogram-light.svg (<- Athar_Package 02 Logo/SVG/Athar_Logo_Monogram.svg) | rendered-assets-v1.5.0/dist/brand/wordmark/athar-wordmark-light.svg (<- Athar_Package 02 Logo/SVG/Athar_Logo_Horizontal.svg wordmark) | IBM Plex Sans Arabic (outlined),2026-09-30T01:20:26Z,PASS,,mono-white,deep_ocean,3,webp,v1.5.1 (carried),,,
dist/brand/tagline/athar-tagline-lockup-ar-mono-white-on-deep_ocean.svg,3 tagline-and-colourway-variants,tagline-ar,610 x 732,16077,6c5b2e185f1798ddc24799415d9f33182e85fcc0d4d182284b0db4d665b9575d,svgo 4.1.0 (safe config),rendered-assets-v1.5.0/dist/brand/monogram/athar-monogram-light.svg (<- Athar_Package 02 Logo/SVG/Athar_Logo_Monogram.svg) | rendered-assets-v1.5.0/dist/brand/wordmark/athar-wordmark-light.svg (<- Athar_Package 02 Logo/SVG/Athar_Logo_Horizontal.svg wordmark),2026-09-30T01:20:39Z,PASS,,mono-white,deep_ocean,1,svg,v1.5.1 (carried),,,
dist/brand/tagline/athar-tagline-lockup-ar-mono-white-on-deep_ocean.pdf,3 tagline-and-colourway-variants,tagline-ar,610 x 732,15592,0abd7cf5401f1ea06208edc1afeddca47fe7998cc56cf31b2192c72da50f141c,PyMuPDF 1.28.2 (MuPDF SVG->PDF),rendered-assets-v1.5.0/dist/brand/monogram/athar-monogram-light.svg (<- Athar_Package 02 Logo/SVG/Athar_Logo_Monogram.svg) | rendered-assets-v1.5.0/dist/brand/wordmark/athar-wordmark-light.svg (<- Athar_Package 02 Logo/SVG/Athar_Logo_Horizontal.svg wordmark),2026-09-30T01:20:39Z,PASS,,mono-white,deep_ocean,1,pdf,v1.5.1 (carried),,,
dist/brand/tagline/athar-tagline-lockup-ar-mono-white-on-emerald@1x.png,3 tagline-and-colourway-variants,tagline-ar,610 x 732,17968,4cfadbc744013693bfca63215119e0b899e5e4ace76749921f9a115f4548ff28,resvg-js 2.6.2 (resvg 0.40.0) + sharp 0.34.3/libvips 8.17.1,rendered-assets-v1.5.0/dist/brand/monogram/athar-monogram-light.svg (<- Athar_Package 02 Logo/SVG/Athar_Logo_Monogram.svg) | rendered-assets-v1.5.0/dist/brand/wordmark/athar-wordmark-light.svg (<- Athar_Package 02 Logo/SVG/Athar_Logo_Horizontal.svg wordmark) | IBM Plex Sans Arabic (outlined),2026-09-30T01:20:26Z,PASS,,mono-white,emerald,1,png,v1.5.1 (carried),,,
dist/brand/tagline/athar-tagline-lockup-ar-mono-white-on-emerald@1x.webp,3 tagline-and-colourway-variants,tagline-ar,610 x 732,6228,b5f7517e63b37f5524d9bae0a064f492fed20905410f138b99828518b8551d6c,resvg-js 2.6.2 + sharp 0.34.3 (WebP),rendered-assets-v1.5.0/dist/brand/monogram/athar-monogram-light.svg (<- Athar_Package 02 Logo/SVG/Athar_Logo_Monogram.svg) | rendered-assets-v1.5.0/dist/brand/wordmark/athar-wordmark-light.svg (<- Athar_Package 02 Logo/SVG/Athar_Logo_Horizontal.svg wordmark) | IBM Plex Sans Arabic (outlined),2026-09-30T01:20:26Z,PASS,,mono-white,emerald,1,webp,v1.5.1 (carried),,,
dist/brand/tagline/athar-tagline-lockup-ar-mono-white-on-emerald@2x.png,3 tagline-and-colourway-variants,tagline-ar,1220 x 1464,41263,c0709fcc79550a0ccc80988273f58fb8f36db9266b55b39bd95da6d3ffb52fda,resvg-js 2.6.2 (resvg 0.40.0) + sharp 0.34.3/libvips 8.17.1,rendered-assets-v1.5.0/dist/brand/monogram/athar-monogram-light.svg (<- Athar_Package 02 Logo/SVG/Athar_Logo_Monogram.svg) | rendered-assets-v1.5.0/dist/brand/wordmark/athar-wordmark-light.svg (<- Athar_Package 02 Logo/SVG/Athar_Logo_Horizontal.svg wordmark) | IBM Plex Sans Arabic (outlined),2026-09-30T01:20:26Z,PASS,,mono-white,emerald,2,png,v1.5.1 (carried),,,
dist/brand/tagline/athar-tagline-lockup-ar-mono-white-on-emerald@2x.webp,3 tagline-and-colourway-variants,tagline-ar,1220 x 1464,12614,2f9e7ec027f550ddc6a3f96e9b294463fdd84ee84c002bbee05c13b3039ac259,resvg-js 2.6.2 + sharp 0.34.3 (WebP),rendered-assets-v1.5.0/dist/brand/monogram/athar-monogram-light.svg (<- Athar_Package 02 Logo/SVG/Athar_Logo_Monogram.svg) | rendered-assets-v1.5.0/dist/brand/wordmark/athar-wordmark-light.svg (<- Athar_Package 02 Logo/SVG/Athar_Logo_Horizontal.svg wordmark) | IBM Plex Sans Arabic (outlined),2026-09-30T01:20:26Z,PASS,,mono-white,emerald,2,webp,v1.5.1 (carried),,,
dist/brand/tagline/athar-tagline-lockup-ar-mono-white-on-emerald@3x.png,3 tagline-and-colourway-variants,tagline-ar,1830 x 2196,68002,8c6fe4336a87c7e19131242f2870a93f6cdbfea5a6e3c0507d899e7ce180d6d8,resvg-js 2.6.2 (resvg 0.40.0) + sharp 0.34.3/libvips 8.17.1,rendered-assets-v1.5.0/dist/brand/monogram/athar-monogram-light.svg (<- Athar_Package 02 Logo/SVG/Athar_Logo_Monogram.svg) | rendered-assets-v1.5.0/dist/brand/wordmark/athar-wordmark-light.svg (<- Athar_Package 02 Logo/SVG/Athar_Logo_Horizontal.svg wordmark) | IBM Plex Sans Arabic (outlined),2026-09-30T01:20:27Z,PASS,,mono-white,emerald,3,png,v1.5.1 (carried),,,
dist/brand/tagline/athar-tagline-lockup-ar-mono-white-on-emerald@3x.webp,3 tagline-and-colourway-variants,tagline-ar,1830 x 2196,19330,3feeef5b94794ca880de30e9d6350705149c259d7940801a49bd3c6fdfe52f81,resvg-js 2.6.2 + sharp 0.34.3 (WebP),rendered-assets-v1.5.0/dist/brand/monogram/athar-monogram-light.svg (<- Athar_Package 02 Logo/SVG/Athar_Logo_Monogram.svg) | rendered-assets-v1.5.0/dist/brand/wordmark/athar-wordmark-light.svg (<- Athar_Package 02 Logo/SVG/Athar_Logo_Horizontal.svg wordmark) | IBM Plex Sans Arabic (outlined),2026-09-30T01:20:27Z,PASS,,mono-white,emerald,3,webp,v1.5.1 (carried),,,
dist/brand/tagline/athar-tagline-lockup-ar-mono-white-on-emerald.svg,3 tagline-and-colourway-variants,tagline-ar,610 x 732,16074,95a651d0c399bc304a60548566dee100987ca0a6b6e0ea32d2a44f880ef328d4,svgo 4.1.0 (safe config),rendered-assets-v1.5.0/dist/brand/monogram/athar-monogram-light.svg (<- Athar_Package 02 Logo/SVG/Athar_Logo_Monogram.svg) | rendered-assets-v1.5.0/dist/brand/wordmark/athar-wordmark-light.svg (<- Athar_Package 02 Logo/SVG/Athar_Logo_Horizontal.svg wordmark),2026-09-30T01:20:39Z,PASS,,mono-white,emerald,1,svg,v1.5.1 (carried),,,
dist/brand/tagline/athar-tagline-lockup-ar-mono-white-on-emerald.pdf,3 tagline-and-colourway-variants,tagline-ar,610 x 732,15587,a1f87266a33a37236c05aee605cd5f34f681d8f0d19904b253f365a376d6f1b6,PyMuPDF 1.28.2 (MuPDF SVG->PDF),rendered-assets-v1.5.0/dist/brand/monogram/athar-monogram-light.svg (<- Athar_Package 02 Logo/SVG/Athar_Logo_Monogram.svg) | rendered-assets-v1.5.0/dist/brand/wordmark/athar-wordmark-light.svg (<- Athar_Package 02 Logo/SVG/Athar_Logo_Horizontal.svg wordmark),2026-09-30T01:20:39Z,PASS,,mono-white,emerald,1,pdf,v1.5.1 (carried),,,
dist/brand/tagline/athar-tagline-lockup-ar-ivory-on-emerald-on-emerald@1x.png,3 tagline-and-colourway-variants,tagline-ar,610 x 732,18458,96ea03a25b9e7c0e3ceb9aba68a1ead39233faa0dd63dffd0065ce64da32f6d3,resvg-js 2.6.2 (resvg 0.40.0) + sharp 0.34.3/libvips 8.17.1,rendered-assets-v1.5.0/dist/brand/monogram/athar-monogram-light.svg (<- Athar_Package 02 Logo/SVG/Athar_Logo_Monogram.svg) | rendered-assets-v1.5.0/dist/brand/wordmark/athar-wordmark-light.svg (<- Athar_Package 02 Logo/SVG/Athar_Logo_Horizontal.svg wordmark) | IBM Plex Sans Arabic (outlined),2026-09-30T01:20:27Z,PASS,,ivory-on-emerald,emerald,1,png,v1.5.1 (carried),,,
dist/brand/tagline/athar-tagline-lockup-ar-ivory-on-emerald-on-emerald@1x.webp,3 tagline-and-colourway-variants,tagline-ar,610 x 732,6272,5e34d9e223a5f2cf202d1e5faefc9bc846bee583f670228437be62337689451f,resvg-js 2.6.2 + sharp 0.34.3 (WebP),rendered-assets-v1.5.0/dist/brand/monogram/athar-monogram-light.svg (<- Athar_Package 02 Logo/SVG/Athar_Logo_Monogram.svg) | rendered-assets-v1.5.0/dist/brand/wordmark/athar-wordmark-light.svg (<- Athar_Package 02 Logo/SVG/Athar_Logo_Horizontal.svg wordmark) | IBM Plex Sans Arabic (outlined),2026-09-30T01:20:27Z,PASS,,ivory-on-emerald,emerald,1,webp,v1.5.1 (carried),,,
dist/brand/tagline/athar-tagline-lockup-ar-ivory-on-emerald-on-emerald@2x.png,3 tagline-and-colourway-variants,tagline-ar,1220 x 1464,42208,75c3e7a3d36699948482f751803b9308f936e2a66322bfbb39b9e8cfaad6db19,resvg-js 2.6.2 (resvg 0.40.0) + sharp 0.34.3/libvips 8.17.1,rendered-assets-v1.5.0/dist/brand/monogram/athar-monogram-light.svg (<- Athar_Package 02 Logo/SVG/Athar_Logo_Monogram.svg) | rendered-assets-v1.5.0/dist/brand/wordmark/athar-wordmark-light.svg (<- Athar_Package 02 Logo/SVG/Athar_Logo_Horizontal.svg wordmark) | IBM Plex Sans Arabic (outlined),2026-09-30T01:20:27Z,PASS,,ivory-on-emerald,emerald,2,png,v1.5.1 (carried),,,
dist/brand/tagline/athar-tagline-lockup-ar-ivory-on-emerald-on-emerald@2x.webp,3 tagline-and-colourway-variants,tagline-ar,1220 x 1464,12608,2b33b61bd7402999884b52fe54b343082396c38fbf04b7172be623cdb1181ffb,resvg-js 2.6.2 + sharp 0.34.3 (WebP),rendered-assets-v1.5.0/dist/brand/monogram/athar-monogram-light.svg (<- Athar_Package 02 Logo/SVG/Athar_Logo_Monogram.svg) | rendered-assets-v1.5.0/dist/brand/wordmark/athar-wordmark-light.svg (<- Athar_Package 02 Logo/SVG/Athar_Logo_Horizontal.svg wordmark) | IBM Plex Sans Arabic (outlined),2026-09-30T01:20:27Z,PASS,,ivory-on-emerald,emerald,2,webp,v1.5.1 (carried),,,
dist/brand/tagline/athar-tagline-lockup-ar-ivory-on-emerald-on-emerald@3x.png,3 tagline-and-colourway-variants,tagline-ar,1830 x 2196,69735,245d0fda978ce5426abed85a1240745c5bf7e6f259be71c682181d9e896b5414,resvg-js 2.6.2 (resvg 0.40.0) + sharp 0.34.3/libvips 8.17.1,rendered-assets-v1.5.0/dist/brand/monogram/athar-monogram-light.svg (<- Athar_Package 02 Logo/SVG/Athar_Logo_Monogram.svg) | rendered-assets-v1.5.0/dist/brand/wordmark/athar-wordmark-light.svg (<- Athar_Package 02 Logo/SVG/Athar_Logo_Horizontal.svg wordmark) | IBM Plex Sans Arabic (outlined),2026-09-30T01:20:28Z,PASS,,ivory-on-emerald,emerald,3,png,v1.5.1 (carried),,,
dist/brand/tagline/athar-tagline-lockup-ar-ivory-on-emerald-on-emerald@3x.webp,3 tagline-and-colourway-variants,tagline-ar,1830 x 2196,19322,79af1a5e75aafde752ae71331665a4b823900e4b9b036f83d47c5c2ca5c20678,resvg-js 2.6.2 + sharp 0.34.3 (WebP),rendered-assets-v1.5.0/dist/brand/monogram/athar-monogram-light.svg (<- Athar_Package 02 Logo/SVG/Athar_Logo_Monogram.svg) | rendered-assets-v1.5.0/dist/brand/wordmark/athar-wordmark-light.svg (<- Athar_Package 02 Logo/SVG/Athar_Logo_Horizontal.svg wordmark) | IBM Plex Sans Arabic (outlined),2026-09-30T01:20:28Z,PASS,,ivory-on-emerald,emerald,3,webp,v1.5.1 (carried),,,
dist/brand/tagline/athar-tagline-lockup-ar-ivory-on-emerald-on-emerald.svg,3 tagline-and-colourway-variants,tagline-ar,610 x 732,16089,5148f8fd330af1962f4dc7a2ed0c66eb6bfb72944590e3fd4f95b8bfd36bb08f,svgo 4.1.0 (safe config),rendered-assets-v1.5.0/dist/brand/monogram/athar-monogram-light.svg (<- Athar_Package 02 Logo/SVG/Athar_Logo_Monogram.svg) | rendered-assets-v1.5.0/dist/brand/wordmark/athar-wordmark-light.svg (<- Athar_Package 02 Logo/SVG/Athar_Logo_Horizontal.svg wordmark),2026-09-30T01:20:40Z,PASS,,ivory-on-emerald,emerald,1,svg,v1.5.1 (carried),,,
dist/brand/tagline/athar-tagline-lockup-ar-ivory-on-emerald-on-emerald.pdf,3 tagline-and-colourway-variants,tagline-ar,610 x 732,15603,4271811343607e22e2e3273c08789c2541ea0a2c77fe6218d748aaad32f5b59d,PyMuPDF 1.28.2 (MuPDF SVG->PDF),rendered-assets-v1.5.0/dist/brand/monogram/athar-monogram-light.svg (<- Athar_Package 02 Logo/SVG/Athar_Logo_Monogram.svg) | rendered-assets-v1.5.0/dist/brand/wordmark/athar-wordmark-light.svg (<- Athar_Package 02 Logo/SVG/Athar_Logo_Horizontal.svg wordmark),2026-09-30T01:20:40Z,PASS,,ivory-on-emerald,emerald,1,pdf,v1.5.1 (carried),,,
dist/brand/tagline/athar-tagline-lockup-ar-ivory-on-emerald-on-transparent@1x.png,3 tagline-and-colourway-variants,tagline-ar,610 x 732,18842,2c5f14eea2218e8c08682e4a922cb2ebc77f416b2556be6ccd6ee6b3c08d5327,resvg-js 2.6.2 (resvg 0.40.0) + sharp 0.34.3/libvips 8.17.1,rendered-assets-v1.5.0/dist/brand/monogram/athar-monogram-light.svg (<- Athar_Package 02 Logo/SVG/Athar_Logo_Monogram.svg) | rendered-assets-v1.5.0/dist/brand/wordmark/athar-wordmark-light.svg (<- Athar_Package 02 Logo/SVG/Athar_Logo_Horizontal.svg wordmark) | IBM Plex Sans Arabic (outlined),2026-09-30T01:20:28Z,PASS,,ivory-on-emerald,transparent,1,png,v1.5.1 (carried),,,
dist/brand/tagline/athar-tagline-lockup-ar-ivory-on-emerald-on-transparent@1x.webp,3 tagline-and-colourway-variants,tagline-ar,610 x 732,6304,db8d9e9d90e459c55422d7d7ebe8ee8fc0d538a1da87132c9eeb2ee62a424f49,resvg-js 2.6.2 + sharp 0.34.3 (WebP),rendered-assets-v1.5.0/dist/brand/monogram/athar-monogram-light.svg (<- Athar_Package 02 Logo/SVG/Athar_Logo_Monogram.svg) | rendered-assets-v1.5.0/dist/brand/wordmark/athar-wordmark-light.svg (<- Athar_Package 02 Logo/SVG/Athar_Logo_Horizontal.svg wordmark) | IBM Plex Sans Arabic (outlined),2026-09-30T01:20:28Z,PASS,,ivory-on-emerald,transparent,1,webp,v1.5.1 (carried),,,
dist/brand/tagline/athar-tagline-lockup-ar-ivory-on-emerald-on-transparent@2x.png,3 tagline-and-colourway-variants,tagline-ar,1220 x 1464,42965,69ed8071a4ac4149240edd970ed24bbf3eeb3cfeb28ef4b2a2b04a9e052a5287,resvg-js 2.6.2 (resvg 0.40.0) + sharp 0.34.3/libvips 8.17.1,rendered-assets-v1.5.0/dist/brand/monogram/athar-monogram-light.svg (<- Athar_Package 02 Logo/SVG/Athar_Logo_Monogram.svg) | rendered-assets-v1.5.0/dist/brand/wordmark/athar-wordmark-light.svg (<- Athar_Package 02 Logo/SVG/Athar_Logo_Horizontal.svg wordmark) | IBM Plex Sans Arabic (outlined),2026-09-30T01:20:28Z,PASS,,ivory-on-emerald,transparent,2,png,v1.5.1 (carried),,,
dist/brand/tagline/athar-tagline-lockup-ar-ivory-on-emerald-on-transparent@2x.webp,3 tagline-and-colourway-variants,tagline-ar,1220 x 1464,12558,a5f355072699f5e53f1408142ba0633e23dc37a111d9427a21d23a22d9913c68,resvg-js 2.6.2 + sharp 0.34.3 (WebP),rendered-assets-v1.5.0/dist/brand/monogram/athar-monogram-light.svg (<- Athar_Package 02 Logo/SVG/Athar_Logo_Monogram.svg) | rendered-assets-v1.5.0/dist/brand/wordmark/athar-wordmark-light.svg (<- Athar_Package 02 Logo/SVG/Athar_Logo_Horizontal.svg wordmark) | IBM Plex Sans Arabic (outlined),2026-09-30T01:20:28Z,PASS,,ivory-on-emerald,transparent,2,webp,v1.5.1 (carried),,,
dist/brand/tagline/athar-tagline-lockup-ar-ivory-on-emerald-on-transparent@3x.png,3 tagline-and-colourway-variants,tagline-ar,1830 x 2196,70412,7c199ed356729f002f17bff3a2af93b90f49df413b6b557705118b0f89119a6e,resvg-js 2.6.2 (resvg 0.40.0) + sharp 0.34.3/libvips 8.17.1,rendered-assets-v1.5.0/dist/brand/monogram/athar-monogram-light.svg (<- Athar_Package 02 Logo/SVG/Athar_Logo_Monogram.svg) | rendered-assets-v1.5.0/dist/brand/wordmark/athar-wordmark-light.svg (<- Athar_Package 02 Logo/SVG/Athar_Logo_Horizontal.svg wordmark) | IBM Plex Sans Arabic (outlined),2026-09-30T01:20:29Z,PASS,,ivory-on-emerald,transparent,3,png,v1.5.1 (carried),,,
dist/brand/tagline/athar-tagline-lockup-ar-ivory-on-emerald-on-transparent@3x.webp,3 tagline-and-colourway-variants,tagline-ar,1830 x 2196,19296,41bcc49d4390feca5aecaee3913a76220e7fdbc8c09cfcee32aa9e33633f6dad,resvg-js 2.6.2 + sharp 0.34.3 (WebP),rendered-assets-v1.5.0/dist/brand/monogram/athar-monogram-light.svg (<- Athar_Package 02 Logo/SVG/Athar_Logo_Monogram.svg) | rendered-assets-v1.5.0/dist/brand/wordmark/athar-wordmark-light.svg (<- Athar_Package 02 Logo/SVG/Athar_Logo_Horizontal.svg wordmark) | IBM Plex Sans Arabic (outlined),2026-09-30T01:20:29Z,PASS,,ivory-on-emerald,transparent,3,webp,v1.5.1 (carried),,,
dist/brand/tagline/athar-tagline-lockup-ar-ivory-on-emerald-on-transparent.svg,3 tagline-and-colourway-variants,tagline-ar,610 x 732,16013,676af3f41444dbf5bca329c938d0e1b5733f48e754b38e5e75d9af31baf8e961,svgo 4.1.0 (safe config),rendered-assets-v1.5.0/dist/brand/monogram/athar-monogram-light.svg (<- Athar_Package 02 Logo/SVG/Athar_Logo_Monogram.svg) | rendered-assets-v1.5.0/dist/brand/wordmark/athar-wordmark-light.svg (<- Athar_Package 02 Logo/SVG/Athar_Logo_Horizontal.svg wordmark),2026-09-30T01:20:40Z,PASS,,ivory-on-emerald,transparent,1,svg,v1.5.1 (carried),,,
dist/brand/tagline/athar-tagline-lockup-ar-ivory-on-emerald-on-transparent.pdf,3 tagline-and-colourway-variants,tagline-ar,610 x 732,15545,5df0703ae37aad5c5613bd5c6289182111655563b77756ce6f2da424b95b68ed,PyMuPDF 1.28.2 (MuPDF SVG->PDF),rendered-assets-v1.5.0/dist/brand/monogram/athar-monogram-light.svg (<- Athar_Package 02 Logo/SVG/Athar_Logo_Monogram.svg) | rendered-assets-v1.5.0/dist/brand/wordmark/athar-wordmark-light.svg (<- Athar_Package 02 Logo/SVG/Athar_Logo_Horizontal.svg wordmark),2026-09-30T01:20:40Z,PASS,,ivory-on-emerald,transparent,1,pdf,v1.5.1 (carried),,,
dist/brand/tagline/athar-tagline-lockup-ar-signage-gold-on-deep_ocean@1x.png,3 tagline-and-colourway-variants,tagline-ar,610 x 732,18513,dd33d805f5d77d84e277638520acb488d93dbdb307428f1f87b7157321c77919,resvg-js 2.6.2 (resvg 0.40.0) + sharp 0.34.3/libvips 8.17.1,rendered-assets-v1.5.0/dist/brand/monogram/athar-monogram-light.svg (<- Athar_Package 02 Logo/SVG/Athar_Logo_Monogram.svg) | rendered-assets-v1.5.0/dist/brand/wordmark/athar-wordmark-light.svg (<- Athar_Package 02 Logo/SVG/Athar_Logo_Horizontal.svg wordmark) | IBM Plex Sans Arabic (outlined),2026-09-30T01:20:29Z,PASS,,signage-gold,deep_ocean,1,png,v1.5.1 (carried),,,
dist/brand/tagline/athar-tagline-lockup-ar-signage-gold-on-deep_ocean@1x.webp,3 tagline-and-colourway-variants,tagline-ar,610 x 732,6154,06dc0792d83601ddb8d6211dfda1c3d04cb779e75011d5ca4aaf639f09893073,resvg-js 2.6.2 + sharp 0.34.3 (WebP),rendered-assets-v1.5.0/dist/brand/monogram/athar-monogram-light.svg (<- Athar_Package 02 Logo/SVG/Athar_Logo_Monogram.svg) | rendered-assets-v1.5.0/dist/brand/wordmark/athar-wordmark-light.svg (<- Athar_Package 02 Logo/SVG/Athar_Logo_Horizontal.svg wordmark) | IBM Plex Sans Arabic (outlined),2026-09-30T01:20:29Z,PASS,,signage-gold,deep_ocean,1,webp,v1.5.1 (carried),,,
dist/brand/tagline/athar-tagline-lockup-ar-signage-gold-on-deep_ocean@2x.png,3 tagline-and-colourway-variants,tagline-ar,1220 x 1464,42152,78f656e6f84b8ffbc51b58c6221098d1585a1e03ace3bce34ddf98d4282b395c,resvg-js 2.6.2 (resvg 0.40.0) + sharp 0.34.3/libvips 8.17.1,rendered-assets-v1.5.0/dist/brand/monogram/athar-monogram-light.svg (<- Athar_Package 02 Logo/SVG/Athar_Logo_Monogram.svg) | rendered-assets-v1.5.0/dist/brand/wordmark/athar-wordmark-light.svg (<- Athar_Package 02 Logo/SVG/Athar_Logo_Horizontal.svg wordmark) | IBM Plex Sans Arabic (outlined),2026-09-30T01:20:29Z,PASS,,signage-gold,deep_ocean,2,png,v1.5.1 (carried),,,
dist/brand/tagline/athar-tagline-lockup-ar-signage-gold-on-deep_ocean@2x.webp,3 tagline-and-colourway-variants,tagline-ar,1220 x 1464,12496,792cf5f31a747668fbde9ea27375878d47499607c41b59b6a59be319f0ff35f2,resvg-js 2.6.2 + sharp 0.34.3 (WebP),rendered-assets-v1.5.0/dist/brand/monogram/athar-monogram-light.svg (<- Athar_Package 02 Logo/SVG/Athar_Logo_Monogram.svg) | rendered-assets-v1.5.0/dist/brand/wordmark/athar-wordmark-light.svg (<- Athar_Package 02 Logo/SVG/Athar_Logo_Horizontal.svg wordmark) | IBM Plex Sans Arabic (outlined),2026-09-30T01:20:29Z,PASS,,signage-gold,deep_ocean,2,webp,v1.5.1 (carried),,,
dist/brand/tagline/athar-tagline-lockup-ar-signage-gold-on-deep_ocean@3x.png,3 tagline-and-colourway-variants,tagline-ar,1830 x 2196,69748,2ab6e9b0f0a605988becda8c0ba0567b4529fc3d393428db19921a1ded375ff3,resvg-js 2.6.2 (resvg 0.40.0) + sharp 0.34.3/libvips 8.17.1,rendered-assets-v1.5.0/dist/brand/monogram/athar-monogram-light.svg (<- Athar_Package 02 Logo/SVG/Athar_Logo_Monogram.svg) | rendered-assets-v1.5.0/dist/brand/wordmark/athar-wordmark-light.svg (<- Athar_Package 02 Logo/SVG/Athar_Logo_Horizontal.svg wordmark) | IBM Plex Sans Arabic (outlined),2026-09-30T01:20:30Z,PASS,,signage-gold,deep_ocean,3,png,v1.5.1 (carried),,,
dist/brand/tagline/athar-tagline-lockup-ar-signage-gold-on-deep_ocean@3x.webp,3 tagline-and-colourway-variants,tagline-ar,1830 x 2196,19146,abfbfe4ab50a667d6cedf2b328fbecd3ca9c620eaab7c40e9167d89f765c6129,resvg-js 2.6.2 + sharp 0.34.3 (WebP),rendered-assets-v1.5.0/dist/brand/monogram/athar-monogram-light.svg (<- Athar_Package 02 Logo/SVG/Athar_Logo_Monogram.svg) | rendered-assets-v1.5.0/dist/brand/wordmark/athar-wordmark-light.svg (<- Athar_Package 02 Logo/SVG/Athar_Logo_Horizontal.svg wordmark) | IBM Plex Sans Arabic (outlined),2026-09-30T01:20:30Z,PASS,,signage-gold,deep_ocean,3,webp,v1.5.1 (carried),,,
dist/brand/tagline/athar-tagline-lockup-ar-signage-gold-on-deep_ocean.svg,3 tagline-and-colourway-variants,tagline-ar,610 x 732,16088,4d4438c61f9e46f0029cce51e235973a05d8132cec5a415ba97b89d445f763ba,svgo 4.1.0 (safe config),rendered-assets-v1.5.0/dist/brand/monogram/athar-monogram-light.svg (<- Athar_Package 02 Logo/SVG/Athar_Logo_Monogram.svg) | rendered-assets-v1.5.0/dist/brand/wordmark/athar-wordmark-light.svg (<- Athar_Package 02 Logo/SVG/Athar_Logo_Horizontal.svg wordmark),2026-09-30T01:20:40Z,PASS,,signage-gold,deep_ocean,1,svg,v1.5.1 (carried),,,
dist/brand/tagline/athar-tagline-lockup-ar-signage-gold-on-deep_ocean.pdf,3 tagline-and-colourway-variants,tagline-ar,610 x 732,15587,099ed655e3eab54e01a613d6571caeea9c5d486c604c6e57c583f6e10824780a,PyMuPDF 1.28.2 (MuPDF SVG->PDF),rendered-assets-v1.5.0/dist/brand/monogram/athar-monogram-light.svg (<- Athar_Package 02 Logo/SVG/Athar_Logo_Monogram.svg) | rendered-assets-v1.5.0/dist/brand/wordmark/athar-wordmark-light.svg (<- Athar_Package 02 Logo/SVG/Athar_Logo_Horizontal.svg wordmark),2026-09-30T01:20:40Z,PASS,,signage-gold,deep_ocean,1,pdf,v1.5.1 (carried),,,
dist/brand/tagline/athar-tagline-lockup-ar-signage-gold-on-transparent@1x.png,3 tagline-and-colourway-variants,tagline-ar,610 x 732,17879,80e0a3905b3d255205f4ac84c39afd83b995a4ecd2f9bf15e15c1e95deeb1aaf,resvg-js 2.6.2 (resvg 0.40.0) + sharp 0.34.3/libvips 8.17.1,rendered-assets-v1.5.0/dist/brand/monogram/athar-monogram-light.svg (<- Athar_Package 02 Logo/SVG/Athar_Logo_Monogram.svg) | rendered-assets-v1.5.0/dist/brand/wordmark/athar-wordmark-light.svg (<- Athar_Package 02 Logo/SVG/Athar_Logo_Horizontal.svg wordmark) | IBM Plex Sans Arabic (outlined),2026-09-30T01:20:30Z,PASS,,signage-gold,transparent,1,png,v1.5.1 (carried),,,
dist/brand/tagline/athar-tagline-lockup-ar-signage-gold-on-transparent@1x.webp,3 tagline-and-colourway-variants,tagline-ar,610 x 732,6248,9e564d4355dea800ab2b65cc8f342a061a22ad03d4a9f81f7b6229debe880cd0,resvg-js 2.6.2 + sharp 0.34.3 (WebP),rendered-assets-v1.5.0/dist/brand/monogram/athar-monogram-light.svg (<- Athar_Package 02 Logo/SVG/Athar_Logo_Monogram.svg) | rendered-assets-v1.5.0/dist/brand/wordmark/athar-wordmark-light.svg (<- Athar_Package 02 Logo/SVG/Athar_Logo_Horizontal.svg wordmark) | IBM Plex Sans Arabic (outlined),2026-09-30T01:20:30Z,PASS,,signage-gold,transparent,1,webp,v1.5.1 (carried),,,
dist/brand/tagline/athar-tagline-lockup-ar-signage-gold-on-transparent@2x.png,3 tagline-and-colourway-variants,tagline-ar,1220 x 1464,40582,f6f75939b0019868c2c487c254143b867c5bd87b443ad03781365b0944a48632,resvg-js 2.6.2 (resvg 0.40.0) + sharp 0.34.3/libvips 8.17.1,rendered-assets-v1.5.0/dist/brand/monogram/athar-monogram-light.svg (<- Athar_Package 02 Logo/SVG/Athar_Logo_Monogram.svg) | rendered-assets-v1.5.0/dist/brand/wordmark/athar-wordmark-light.svg (<- Athar_Package 02 Logo/SVG/Athar_Logo_Horizontal.svg wordmark) | IBM Plex Sans Arabic (outlined),2026-09-30T01:20:30Z,PASS,,signage-gold,transparent,2,png,v1.5.1 (carried),,,
dist/brand/tagline/athar-tagline-lockup-ar-signage-gold-on-transparent@2x.webp,3 tagline-and-colourway-variants,tagline-ar,1220 x 1464,12556,286d5a1888c07d356a8ad4658ff2ef42ede9d3d4bcd2b2d8b7c1eaf5bf8f642c,resvg-js 2.6.2 + sharp 0.34.3 (WebP),rendered-assets-v1.5.0/dist/brand/monogram/athar-monogram-light.svg (<- Athar_Package 02 Logo/SVG/Athar_Logo_Monogram.svg) | rendered-assets-v1.5.0/dist/brand/wordmark/athar-wordmark-light.svg (<- Athar_Package 02 Logo/SVG/Athar_Logo_Horizontal.svg wordmark) | IBM Plex Sans Arabic (outlined),2026-09-30T01:20:30Z,PASS,,signage-gold,transparent,2,webp,v1.5.1 (carried),,,
dist/brand/tagline/athar-tagline-lockup-ar-signage-gold-on-transparent@3x.png,3 tagline-and-colourway-variants,tagline-ar,1830 x 2196,67216,c3bb969db239fc178612fcf367e8d706d5f5a38fba2da0f905e535314085a6cc,resvg-js 2.6.2 (resvg 0.40.0) + sharp 0.34.3/libvips 8.17.1,rendered-assets-v1.5.0/dist/brand/monogram/athar-monogram-light.svg (<- Athar_Package 02 Logo/SVG/Athar_Logo_Monogram.svg) | rendered-assets-v1.5.0/dist/brand/wordmark/athar-wordmark-light.svg (<- Athar_Package 02 Logo/SVG/Athar_Logo_Horizontal.svg wordmark) | IBM Plex Sans Arabic (outlined),2026-09-30T01:20:31Z,PASS,,signage-gold,transparent,3,png,v1.5.1 (carried),,,
dist/brand/tagline/athar-tagline-lockup-ar-signage-gold-on-transparent@3x.webp,3 tagline-and-colourway-variants,tagline-ar,1830 x 2196,19288,4ccd68d89dedca6194500ad2006002415a88a034993d3ce7da10b02c4ad2d6bf,resvg-js 2.6.2 + sharp 0.34.3 (WebP),rendered-assets-v1.5.0/dist/brand/monogram/athar-monogram-light.svg (<- Athar_Package 02 Logo/SVG/Athar_Logo_Monogram.svg) | rendered-assets-v1.5.0/dist/brand/wordmark/athar-wordmark-light.svg (<- Athar_Package 02 Logo/SVG/Athar_Logo_Horizontal.svg wordmark) | IBM Plex Sans Arabic (outlined),2026-09-30T01:20:31Z,PASS,,signage-gold,transparent,3,webp,v1.5.1 (carried),,,
dist/brand/tagline/athar-tagline-lockup-ar-signage-gold-on-transparent.svg,3 tagline-and-colourway-variants,tagline-ar,610 x 732,16009,dd9fe82ecc4476d74354b738a02c0c4e3273e0c1548917c22109da0444080cfc,svgo 4.1.0 (safe config),rendered-assets-v1.5.0/dist/brand/monogram/athar-monogram-light.svg (<- Athar_Package 02 Logo/SVG/Athar_Logo_Monogram.svg) | rendered-assets-v1.5.0/dist/brand/wordmark/athar-wordmark-light.svg (<- Athar_Package 02 Logo/SVG/Athar_Logo_Horizontal.svg wordmark),2026-09-30T01:20:41Z,PASS,,signage-gold,transparent,1,svg,v1.5.1 (carried),,,
dist/brand/tagline/athar-tagline-lockup-ar-signage-gold-on-transparent.pdf,3 tagline-and-colourway-variants,tagline-ar,610 x 732,15525,9e4a1f761606c4aecd4e2e002b49c40bcc9d795f25860146d3c1c2332bfd0be9,PyMuPDF 1.28.2 (MuPDF SVG->PDF),rendered-assets-v1.5.0/dist/brand/monogram/athar-monogram-light.svg (<- Athar_Package 02 Logo/SVG/Athar_Logo_Monogram.svg) | rendered-assets-v1.5.0/dist/brand/wordmark/athar-wordmark-light.svg (<- Athar_Package 02 Logo/SVG/Athar_Logo_Horizontal.svg wordmark),2026-09-30T01:20:41Z,PASS,,signage-gold,transparent,1,pdf,v1.5.1 (carried),,,
dist/brand/icons/light/athar-icon-accessibility-16.png,4 icon-system,accessibility,16 x 16,837,1caf5de4e3f7d70664a545412de8595d742bbacfc00bb856bf804e0f70b44efe,resvg-js 2.6.2 (resvg 0.40.0) + sharp 0.34.3/libvips 8.17.1,"rendered-assets-v1.5.0/dist/brand/icons/official/accessibility-{16,20,24,32,48}.svg (<- Athar_Package 05 Web & Product/Icons/SVG)",2026-09-30T01:33:26Z,PASS,,navy,transparent,1,png,v1.5.1 (carried),,,
dist/brand/icons/light/athar-icon-accessibility-16.webp,4 icon-system,accessibility,16 x 16,852,a3f1a5f869eb1251c162f3f1afc2e8e22261345ba0abdcc57c9e759e25191524,resvg-js 2.6.2 + sharp 0.34.3 (WebP),"rendered-assets-v1.5.0/dist/brand/icons/official/accessibility-{16,20,24,32,48}.svg (<- Athar_Package 05 Web & Product/Icons/SVG)",2026-09-30T01:33:26Z,PASS,,navy,transparent,1,webp,v1.5.1 (carried),,,
dist/brand/icons/light/athar-icon-accessibility-20.png,4 icon-system,accessibility,20 x 20,923,60a5acbaccee589020be1209b122392763851e917fd0ab0db0205a6d002fbe4d,resvg-js 2.6.2 (resvg 0.40.0) + sharp 0.34.3/libvips 8.17.1,"rendered-assets-v1.5.0/dist/brand/icons/official/accessibility-{16,20,24,32,48}.svg (<- Athar_Package 05 Web & Product/Icons/SVG)",2026-09-30T01:33:26Z,PASS,,navy,transparent,1,png,v1.5.1 (carried),,,
dist/brand/icons/light/athar-icon-accessibility-20.webp,4 icon-system,accessibility,20 x 20,886,668554a40d15549160f4cdf89ba17f3f77a17cf8669da4c9366bd01483d23d3f,resvg-js 2.6.2 + sharp 0.34.3 (WebP),"rendered-assets-v1.5.0/dist/brand/icons/official/accessibility-{16,20,24,32,48}.svg (<- Athar_Package 05 Web & Product/Icons/SVG)",2026-09-30T01:33:26Z,PASS,,navy,transparent,1,webp,v1.5.1 (carried),,,
dist/brand/icons/light/athar-icon-accessibility-24.png,4 icon-system,accessibility,24 x 24,908,e6f17654e0285d510e0a99818ea8ded7fd52aa5100db1ca4934f905f3fbe3e24,resvg-js 2.6.2 (resvg 0.40.0) + sharp 0.34.3/libvips 8.17.1,"rendered-assets-v1.5.0/dist/brand/icons/official/accessibility-{16,20,24,32,48}.svg (<- Athar_Package 05 Web & Product/Icons/SVG)",2026-09-30T01:33:26Z,PASS,,navy,transparent,1,png,v1.5.1 (carried),,,
dist/brand/icons/light/athar-icon-accessibility-24.webp,4 icon-system,accessibility,24 x 24,876,2c85c472854ca6cdf6ddcc1fda197b8cf07c068be3690b2c61a0d21f22cb1490,resvg-js 2.6.2 + sharp 0.34.3 (WebP),"rendered-assets-v1.5.0/dist/brand/icons/official/accessibility-{16,20,24,32,48}.svg (<- Athar_Package 05 Web & Product/Icons/SVG)",2026-09-30T01:33:26Z,PASS,,navy,transparent,1,webp,v1.5.1 (carried),,,
dist/brand/icons/light/athar-icon-accessibility-32.png,4 icon-system,accessibility,32 x 32,1109,25bdd8f87533eaaf6f7eae091d432196cb39dd251eebf5e852696c7b9707f514,resvg-js 2.6.2 (resvg 0.40.0) + sharp 0.34.3/libvips 8.17.1,"rendered-assets-v1.5.0/dist/brand/icons/official/accessibility-{16,20,24,32,48}.svg (<- Athar_Package 05 Web & Product/Icons/SVG)",2026-09-30T01:33:26Z,PASS,,navy,transparent,1,png,v1.5.1 (carried),,,
dist/brand/icons/light/athar-icon-accessibility-32.webp,4 icon-system,accessibility,32 x 32,914,3a76bf1f6d31faae81bcb87a31c67983e3e94c828d805688cbb0a49f8875255c,resvg-js 2.6.2 + sharp 0.34.3 (WebP),"rendered-assets-v1.5.0/dist/brand/icons/official/accessibility-{16,20,24,32,48}.svg (<- Athar_Package 05 Web & Product/Icons/SVG)",2026-09-30T01:33:26Z,PASS,,navy,transparent,1,webp,v1.5.1 (carried),,,
dist/brand/icons/light/athar-icon-accessibility-48.png,4 icon-system,accessibility,48 x 48,1254,012c3f7353382560aa12bd70feee7de796d438690a270063aa3e901c324070df,resvg-js 2.6.2 (resvg 0.40.0) + sharp 0.34.3/libvips 8.17.1,"rendered-assets-v1.5.0/dist/brand/icons/official/accessibility-{16,20,24,32,48}.svg (<- Athar_Package 05 Web & Product/Icons/SVG)",2026-09-30T01:33:26Z,PASS,,navy,transparent,1,png,v1.5.1 (carried),,,
dist/brand/icons/light/athar-icon-accessibility-48.webp,4 icon-system,accessibility,48 x 48,964,d5376c84df4960dfba9e8275b64d7fbe1a02db6239860cf1de7471ad5f8e4a92,resvg-js 2.6.2 + sharp 0.34.3 (WebP),"rendered-assets-v1.5.0/dist/brand/icons/official/accessibility-{16,20,24,32,48}.svg (<- Athar_Package 05 Web & Product/Icons/SVG)",2026-09-30T01:33:26Z,PASS,,navy,transparent,1,webp,v1.5.1 (carried),,,
dist/brand/icons/light/athar-icon-accessibility-64.png,4 icon-system,accessibility,64 x 64,1411,52f7c685d6e046d5803d9743a5ae045cae0a55e705912128d8634a7ee070960c,resvg-js 2.6.2 (resvg 0.40.0) + sharp 0.34.3/libvips 8.17.1,"rendered-assets-v1.5.0/dist/brand/icons/official/accessibility-{16,20,24,32,48}.svg (<- Athar_Package 05 Web & Product/Icons/SVG)",2026-09-30T01:33:26Z,PASS,,navy,transparent,1,png,v1.5.1 (carried),,,
dist/brand/icons/light/athar-icon-accessibility-64.webp,4 icon-system,accessibility,64 x 64,1020,fc8cafdb0b783b0a0a98dd9a8f7637118531d1ba3bce9df9c17d5ac3035faf8f,resvg-js 2.6.2 + sharp 0.34.3 (WebP),"rendered-assets-v1.5.0/dist/brand/icons/official/accessibility-{16,20,24,32,48}.svg (<- Athar_Package 05 Web & Product/Icons/SVG)",2026-09-30T01:33:26Z,PASS,,navy,transparent,1,webp,v1.5.1 (carried),,,
dist/brand/icons/light/athar-icon-accessibility-128.png,4 icon-system,accessibility,128 x 128,2084,e201b324781ecfb783239fc30f1ca42346cba2ab878438df780ef31c3c7bf41d,resvg-js 2.6.2 (resvg 0.40.0) + sharp 0.34.3/libvips 8.17.1,"rendered-assets-v1.5.0/dist/brand/icons/official/accessibility-{16,20,24,32,48}.svg (<- Athar_Package 05 Web & Product/Icons/SVG)",2026-09-30T01:33:26Z,PASS,,navy,transparent,1,png,v1.5.1 (carried),,,
dist/brand/icons/light/athar-icon-accessibility-128.webp,4 icon-system,accessibility,128 x 128,1244,ce7a25fbfa303220026543013541752e1348ff5d131fa437be77948159a739ce,resvg-js 2.6.2 + sharp 0.34.3 (WebP),"rendered-assets-v1.5.0/dist/brand/icons/official/accessibility-{16,20,24,32,48}.svg (<- Athar_Package 05 Web & Product/Icons/SVG)",2026-09-30T01:33:26Z,PASS,,navy,transparent,1,webp,v1.5.1 (carried),,,
dist/brand/icons/light/athar-icon-accessibility-256.png,4 icon-system,accessibility,256 x 256,3639,62a18027e616e464375990527a7bca8503824fd318bc808b8b1b09c2eac98b69,resvg-js 2.6.2 (resvg 0.40.0) + sharp 0.34.3/libvips 8.17.1,"rendered-assets-v1.5.0/dist/brand/icons/official/accessibility-{16,20,24,32,48}.svg (<- Athar_Package 05 Web & Product/Icons/SVG)",2026-09-30T01:33:26Z,PASS,,navy,transparent,1,png,v1.5.1 (carried),,,
dist/brand/icons/light/athar-icon-accessibility-256.webp,4 icon-system,accessibility,256 x 256,1682,d6a2685ce32ca00fe6a3cb3cf643c81651ff219542abdeda959adc3e8d2f78ad,resvg-js 2.6.2 + sharp 0.34.3 (WebP),"rendered-assets-v1.5.0/dist/brand/icons/official/accessibility-{16,20,24,32,48}.svg (<- Athar_Package 05 Web & Product/Icons/SVG)",2026-09-30T01:33:26Z,PASS,,navy,transparent,1,webp,v1.5.1 (carried),,,
dist/brand/icons/light/athar-icon-accessibility-512.png,4 icon-system,accessibility,512 x 512,6517,c461572c84ad46299306259dad5a8cacbbc04d6528f7d7ed3d8f503cbc9cbed0,resvg-js 2.6.2 (resvg 0.40.0) + sharp 0.34.3/libvips 8.17.1,"rendered-assets-v1.5.0/dist/brand/icons/official/accessibility-{16,20,24,32,48}.svg (<- Athar_Package 05 Web & Product/Icons/SVG)",2026-09-30T01:33:26Z,PASS,,navy,transparent,1,png,v1.5.1 (carried),,,
dist/brand/icons/light/athar-icon-accessibility-512.webp,4 icon-system,accessibility,512 x 512,2606,341e663d66092b5de17d100b8940427d6a1ae86cf2de386e0a562b8939af506b,resvg-js 2.6.2 + sharp 0.34.3 (WebP),"rendered-assets-v1.5.0/dist/brand/icons/official/accessibility-{16,20,24,32,48}.svg (<- Athar_Package 05 Web & Product/Icons/SVG)",2026-09-30T01:33:26Z,PASS,,navy,transparent,1,webp,v1.5.1 (carried),,,
dist/brand/icons/dark/athar-icon-accessibility-16.png,4 icon-system,accessibility,16 x 16,831,23d2630b4d0a2093c2b6d70fb5d8840497311eeeed4fa35ae4bbcb70cdc4ba42,resvg-js 2.6.2 (resvg 0.40.0) + sharp 0.34.3/libvips 8.17.1,"rendered-assets-v1.5.0/dist/brand/icons/official/accessibility-{16,20,24,32,48}.svg (<- Athar_Package 05 Web & Product/Icons/SVG)",2026-09-30T01:33:26Z,PASS,,reversed,transparent,1,png,v1.5.1 (carried),,,
dist/brand/icons/dark/athar-icon-accessibility-16.webp,4 icon-system,accessibility,16 x 16,852,4edf77fb5c8d5613821da3fe40293606afafe9290fb3296030b9a652529c3ca9,resvg-js 2.6.2 + sharp 0.34.3 (WebP),"rendered-assets-v1.5.0/dist/brand/icons/official/accessibility-{16,20,24,32,48}.svg (<- Athar_Package 05 Web & Product/Icons/SVG)",2026-09-30T01:33:26Z,PASS,,reversed,transparent,1,webp,v1.5.1 (carried),,,
dist/brand/icons/dark/athar-icon-accessibility-20.png,4 icon-system,accessibility,20 x 20,911,80e85e166eafe6d1bf85c62f5e98ee7b5fcf352dac38710e52cd211e370ad0b7,resvg-js 2.6.2 (resvg 0.40.0) + sharp 0.34.3/libvips 8.17.1,"rendered-assets-v1.5.0/dist/brand/icons/official/accessibility-{16,20,24,32,48}.svg (<- Athar_Package 05 Web & Product/Icons/SVG)",2026-09-30T01:33:26Z,PASS,,reversed,transparent,1,png,v1.5.1 (carried),,,
dist/brand/icons/dark/athar-icon-accessibility-20.webp,4 icon-system,accessibility,20 x 20,886,21c6eec27f33ac53b422d137cf70809ad0d2226d70cddad02e9e9df740f789b4,resvg-js 2.6.2 + sharp 0.34.3 (WebP),"rendered-assets-v1.5.0/dist/brand/icons/official/accessibility-{16,20,24,32,48}.svg (<- Athar_Package 05 Web & Product/Icons/SVG)",2026-09-30T01:33:26Z,PASS,,reversed,transparent,1,webp,v1.5.1 (carried),,,
dist/brand/icons/dark/athar-icon-accessibility-24.png,4 icon-system,accessibility,24 x 24,916,71941087a2e9b7993a4386b16a465642afca4dcbf7f4e8d82ce6821a4dc8ddea,resvg-js 2.6.2 (resvg 0.40.0) + sharp 0.34.3/libvips 8.17.1,"rendered-assets-v1.5.0/dist/brand/icons/official/accessibility-{16,20,24,32,48}.svg (<- Athar_Package 05 Web & Product/Icons/SVG)",2026-09-30T01:33:26Z,PASS,,reversed,transparent,1,png,v1.5.1 (carried),,,
dist/brand/icons/dark/athar-icon-accessibility-24.webp,4 icon-system,accessibility,24 x 24,874,9324978a9ffacc803320eb5ac45338e50073bea48932c7eb68022b4af7ceb5d9,resvg-js 2.6.2 + sharp 0.34.3 (WebP),"rendered-assets-v1.5.0/dist/brand/icons/official/accessibility-{16,20,24,32,48}.svg (<- Athar_Package 05 Web & Product/Icons/SVG)",2026-09-30T01:33:26Z,PASS,,reversed,transparent,1,webp,v1.5.1 (carried),,,
dist/brand/icons/dark/athar-icon-accessibility-32.png,4 icon-system,accessibility,32 x 32,1074,16a0b5b1bc3414a5dffbbadb57fa76efab3fe7d164a06b936296befc6fff8478,resvg-js 2.6.2 (resvg 0.40.0) + sharp 0.34.3/libvips 8.17.1,"rendered-assets-v1.5.0/dist/brand/icons/official/accessibility-{16,20,24,32,48}.svg (<- Athar_Package 05 Web & Product/Icons/SVG)",2026-09-30T01:33:26Z,PASS,,reversed,transparent,1,png,v1.5.1 (carried),,,
dist/brand/icons/dark/athar-icon-accessibility-32.webp,4 icon-system,accessibility,32 x 32,916,cc1ac4802ae480052ebf6b7aa19a52aa5ba25fc6c06441148d32dff0794ed25c,resvg-js 2.6.2 + sharp 0.34.3 (WebP),"rendered-assets-v1.5.0/dist/brand/icons/official/accessibility-{16,20,24,32,48}.svg (<- Athar_Package 05 Web & Product/Icons/SVG)",2026-09-30T01:33:26Z,PASS,,reversed,transparent,1,webp,v1.5.1 (carried),,,
dist/brand/icons/dark/athar-icon-accessibility-48.png,4 icon-system,accessibility,48 x 48,1193,1850b88a7b6d73efe7a24a569f2307ccfabe76941119b4d823f77dc4347704bd,resvg-js 2.6.2 (resvg 0.40.0) + sharp 0.34.3/libvips 8.17.1,"rendered-assets-v1.5.0/dist/brand/icons/official/accessibility-{16,20,24,32,48}.svg (<- Athar_Package 05 Web & Product/Icons/SVG)",2026-09-30T01:33:26Z,PASS,,reversed,transparent,1,png,v1.5.1 (carried),,,
dist/brand/icons/dark/athar-icon-accessibility-48.webp,4 icon-system,accessibility,48 x 48,968,19ac8d701eef0fe801127216ff04e8f074c130507bc6d6d5c76ecd4865f4cf26,resvg-js 2.6.2 + sharp 0.34.3 (WebP),"rendered-assets-v1.5.0/dist/brand/icons/official/accessibility-{16,20,24,32,48}.svg (<- Athar_Package 05 Web & Product/Icons/SVG)",2026-09-30T01:33:26Z,PASS,,reversed,transparent,1,webp,v1.5.1 (carried),,,
dist/brand/icons/dark/athar-icon-accessibility-64.png,4 icon-system,accessibility,64 x 64,1373,0d5bcd399fbdd2cf97d2b8edaad4a3823956fbad6e6b68e7e2c0afa4fa568c52,resvg-js 2.6.2 (resvg 0.40.0) + sharp 0.34.3/libvips 8.17.1,"rendered-assets-v1.5.0/dist/brand/icons/official/accessibility-{16,20,24,32,48}.svg (<- Athar_Package 05 Web & Product/Icons/SVG)",2026-09-30T01:33:26Z,PASS,,reversed,transparent,1,png,v1.5.1 (carried),,,
dist/brand/icons/dark/athar-icon-accessibility-64.webp,4 icon-system,accessibility,64 x 64,1024,15db6879b2e0b72a25b7eca747041f6ae4bb8fb38136c4608334a5f4e927bb80,resvg-js 2.6.2 + sharp 0.34.3 (WebP),"rendered-assets-v1.5.0/dist/brand/icons/official/accessibility-{16,20,24,32,48}.svg (<- Athar_Package 05 Web & Product/Icons/SVG)",2026-09-30T01:33:26Z,PASS,,reversed,transparent,1,webp,v1.5.1 (carried),,,
dist/brand/icons/dark/athar-icon-accessibility-128.png,4 icon-system,accessibility,128 x 128,2000,7cf7124130bb4bebe06d6b2fedba48905a87332434540d1d73ebab152963c7a2,resvg-js 2.6.2 (resvg 0.40.0) + sharp 0.34.3/libvips 8.17.1,"rendered-assets-v1.5.0/dist/brand/icons/official/accessibility-{16,20,24,32,48}.svg (<- Athar_Package 05 Web & Product/Icons/SVG)",2026-09-30T01:33:26Z,PASS,,reversed,transparent,1,png,v1.5.1 (carried),,,
dist/brand/icons/dark/athar-icon-accessibility-128.webp,4 icon-system,accessibility,128 x 128,1246,1228ab4f9093321269739bd0b817d6c7d2913ea3868df7079d02887738346eb2,resvg-js 2.6.2 + sharp 0.34.3 (WebP),"rendered-assets-v1.5.0/dist/brand/icons/official/accessibility-{16,20,24,32,48}.svg (<- Athar_Package 05 Web & Product/Icons/SVG)",2026-09-30T01:33:26Z,PASS,,reversed,transparent,1,webp,v1.5.1 (carried),,,
dist/brand/icons/dark/athar-icon-accessibility-256.png,4 icon-system,accessibility,256 x 256,3451,76eda631aa5d77136156ed67d334b7ba6eec7bcbaaee0a3ae2a7853041a369ea,resvg-js 2.6.2 (resvg 0.40.0) + sharp 0.34.3/libvips 8.17.1,"rendered-assets-v1.5.0/dist/brand/icons/official/accessibility-{16,20,24,32,48}.svg (<- Athar_Package 05 Web & Product/Icons/SVG)",2026-09-30T01:33:26Z,PASS,,reversed,transparent,1,png,v1.5.1 (carried),,,
dist/brand/icons/dark/athar-icon-accessibility-256.webp,4 icon-system,accessibility,256 x 256,1686,0bddebf88cce5600cd16a5a7c8dac2f5d2fe17408fc782d533b24e24f72e09be,resvg-js 2.6.2 + sharp 0.34.3 (WebP),"rendered-assets-v1.5.0/dist/brand/icons/official/accessibility-{16,20,24,32,48}.svg (<- Athar_Package 05 Web & Product/Icons/SVG)",2026-09-30T01:33:27Z,PASS,,reversed,transparent,1,webp,v1.5.1 (carried),,,
dist/brand/icons/dark/athar-icon-accessibility-512.png,4 icon-system,accessibility,512 x 512,6383,0694988a6accbf16fa2bf421bef4951079585446fe858501447bbc72a806a9f4,resvg-js 2.6.2 (resvg 0.40.0) + sharp 0.34.3/libvips 8.17.1,"rendered-assets-v1.5.0/dist/brand/icons/official/accessibility-{16,20,24,32,48}.svg (<- Athar_Package 05 Web & Product/Icons/SVG)",2026-09-30T01:33:27Z,PASS,,reversed,transparent,1,png,v1.5.1 (carried),,,
dist/brand/icons/dark/athar-icon-accessibility-512.webp,4 icon-system,accessibility,512 x 512,2608,ee77244c2bcab0c4c5ad9a31496d21d3a3df9963593d49f46323f31a97e1bf7e,resvg-js 2.6.2 + sharp 0.34.3 (WebP),"rendered-assets-v1.5.0/dist/brand/icons/official/accessibility-{16,20,24,32,48}.svg (<- Athar_Package 05 Web & Product/Icons/SVG)",2026-09-30T01:33:27Z,PASS,,reversed,transparent,1,webp,v1.5.1 (carried),,,
dist/brand/icons/svg/athar-icon-accessibility-24.svg,4 icon-system,accessibility,24 x 24,320,51af50baa6fcdddb7dce05724a9484f3c7f4f0da5597a384edd300c56e16446a,svgo 4.1.0 (safe config),"rendered-assets-v1.5.0/dist/brand/icons/official/accessibility-{16,20,24,32,48}.svg (<- Athar_Package 05 Web & Product/Icons/SVG)",2026-09-30T01:33:31Z,PASS,,currentColor,transparent,1,svg,v1.5.1 (carried),,,
dist/brand/icons/light/athar-icon-agents-16.png,4 icon-system,agents,16 x 16,981,e894a8d62d802d049fb9c7f0a364ffcfb3e9cfa9d2c0e86fcbde96f67fa14abc,resvg-js 2.6.2 (resvg 0.40.0) + sharp 0.34.3/libvips 8.17.1,"rendered-assets-v1.5.0/dist/brand/icons/official/agents-{16,20,24,32,48}.svg (<- Athar_Package 05 Web & Product/Icons/SVG)",2026-09-30T01:33:27Z,PASS,,navy,transparent,1,png,v1.5.1 (carried),,,
dist/brand/icons/light/athar-icon-agents-16.webp,4 icon-system,agents,16 x 16,888,63026cf481f1ccd4f46b1444ce652405bdad38650d4a230a1dd8124062a65a79,resvg-js 2.6.2 + sharp 0.34.3 (WebP),"rendered-assets-v1.5.0/dist/brand/icons/official/agents-{16,20,24,32,48}.svg (<- Athar_Package 05 Web & Product/Icons/SVG)",2026-09-30T01:33:27Z,PASS,,navy,transparent,1,webp,v1.5.1 (carried),,,
dist/brand/icons/light/athar-icon-agents-20.png,4 icon-system,agents,20 x 20,1138,3abba3a69fa744c2c3630db2869ab37d8de7bf5369c1b4153ab38003bba45b10,resvg-js 2.6.2 (resvg 0.40.0) + sharp 0.34.3/libvips 8.17.1,"rendered-assets-v1.5.0/dist/brand/icons/official/agents-{16,20,24,32,48}.svg (<- Athar_Package 05 Web & Product/Icons/SVG)",2026-09-30T01:33:27Z,PASS,,navy,transparent,1,png,v1.5.1 (carried),,,
dist/brand/icons/light/athar-icon-agents-20.webp,4 icon-system,agents,20 x 20,936,409f355e5930af570a4e9fa1c8ec57a117129df95de5494e411dbbac32889195,resvg-js 2.6.2 + sharp 0.34.3 (WebP),"rendered-assets-v1.5.0/dist/brand/icons/official/agents-{16,20,24,32,48}.svg (<- Athar_Package 05 Web & Product/Icons/SVG)",2026-09-30T01:33:27Z,PASS,,navy,transparent,1,webp,v1.5.1 (carried),,,
dist/brand/icons/light/athar-icon-agents-24.png,4 icon-system,agents,24 x 24,1224,dd79e0a374612df383196cf633eafd88954051932138a91563f20741f91d4709,resvg-js 2.6.2 (resvg 0.40.0) + sharp 0.34.3/libvips 8.17.1,"rendered-assets-v1.5.0/dist/brand/icons/official/agents-{16,20,24,32,48}.svg (<- Athar_Package 05 Web & Product/Icons/SVG)",2026-09-30T01:33:27Z,PASS,,navy,transparent,1,png,v1.5.1 (carried),,,
dist/brand/icons/light/athar-icon-agents-24.webp,4 icon-system,agents,24 x 24,958,cc454486c05b489d1a9ff0b3cc8c16c1b044b540031c02f271adc4169cdcd6c9,resvg-js 2.6.2 + sharp 0.34.3 (WebP),"rendered-assets-v1.5.0/dist/brand/icons/official/agents-{16,20,24,32,48}.svg (<- Athar_Package 05 Web & Product/Icons/SVG)",2026-09-30T01:33:27Z,PASS,,navy,transparent,1,webp,v1.5.1 (carried),,,
dist/brand/icons/light/athar-icon-agents-32.png,4 icon-system,agents,32 x 32,1533,0e5d7c910e012ffc01967bc45c63de78ddc1a6a6376acd6025718b1afe042301,resvg-js 2.6.2 (resvg 0.40.0) + sharp 0.34.3/libvips 8.17.1,"rendered-assets-v1.5.0/dist/brand/icons/official/agents-{16,20,24,32,48}.svg (<- Athar_Package 05 Web & Product/Icons/SVG)",2026-09-30T01:33:27Z,PASS,,navy,transparent,1,png,v1.5.1 (carried),,,
dist/brand/icons/light/athar-icon-agents-32.webp,4 icon-system,agents,32 x 32,1042,37b04aa6b98f100769aec857b27b4c5649ec45f84328f3540548cb0155fa3853,resvg-js 2.6.2 + sharp 0.34.3 (WebP),"rendered-assets-v1.5.0/dist/brand/icons/official/agents-{16,20,24,32,48}.svg (<- Athar_Package 05 Web & Product/Icons/SVG)",2026-09-30T01:33:27Z,PASS,,navy,transparent,1,webp,v1.5.1 (carried),,,
dist/brand/icons/light/athar-icon-agents-48.png,4 icon-system,agents,48 x 48,1927,10598d70c80352adf817efb779d7d2fe724ce5bb0ab89b781869da1e46a3047d,resvg-js 2.6.2 (resvg 0.40.0) + sharp 0.34.3/libvips 8.17.1,"rendered-assets-v1.5.0/dist/brand/icons/official/agents-{16,20,24,32,48}.svg (<- Athar_Package 05 Web & Product/Icons/SVG)",2026-09-30T01:33:27Z,PASS,,navy,transparent,1,png,v1.5.1 (carried),,,
dist/brand/icons/light/athar-icon-agents-48.webp,4 icon-system,agents,48 x 48,1182,445fd1369de2222b08ffd10d25597bc7013140b63bf0abdbc1ef8e780cff5dce,resvg-js 2.6.2 + sharp 0.34.3 (WebP),"rendered-assets-v1.5.0/dist/brand/icons/official/agents-{16,20,24,32,48}.svg (<- Athar_Package 05 Web & Product/Icons/SVG)",2026-09-30T01:33:27Z,PASS,,navy,transparent,1,webp,v1.5.1 (carried),,,
dist/brand/icons/light/athar-icon-agents-64.png,4 icon-system,agents,64 x 64,2199,c089f652a928c7a2e1133334014966c557a9f5e7062b5d17aab85cf8ae916264,resvg-js 2.6.2 (resvg 0.40.0) + sharp 0.34.3/libvips 8.17.1,"rendered-assets-v1.5.0/dist/brand/icons/official/agents-{16,20,24,32,48}.svg (<- Athar_Package 05 Web & Product/Icons/SVG)",2026-09-30T01:33:27Z,PASS,,navy,transparent,1,png,v1.5.1 (carried),,,
dist/brand/icons/light/athar-icon-agents-64.webp,4 icon-system,agents,64 x 64,1310,c7a891e106eb5f7d249289928337e434d38be80aa48a2ee2db3d56df01e2eba1,resvg-js 2.6.2 + sharp 0.34.3 (WebP),"rendered-assets-v1.5.0/dist/brand/icons/official/agents-{16,20,24,32,48}.svg (<- Athar_Package 05 Web & Product/Icons/SVG)",2026-09-30T01:33:27Z,PASS,,navy,transparent,1,webp,v1.5.1 (carried),,,
dist/brand/icons/light/athar-icon-agents-128.png,4 icon-system,agents,128 x 128,4021,82472fd39e577173f6a765655825e3f861241e154e94b034662c59d00c6752ae,resvg-js 2.6.2 (resvg 0.40.0) + sharp 0.34.3/libvips 8.17.1,"rendered-assets-v1.5.0/dist/brand/icons/official/agents-{16,20,24,32,48}.svg (<- Athar_Package 05 Web & Product/Icons/SVG)",2026-09-30T01:33:27Z,PASS,,navy,transparent,1,png,v1.5.1 (carried),,,
dist/brand/icons/light/athar-icon-agents-128.webp,4 icon-system,agents,128 x 128,1834,3d176ef7f6d6742985819c3bd9ba32ab4ac664c20ae8d1a228013599e347e83f,resvg-js 2.6.2 + sharp 0.34.3 (WebP),"rendered-assets-v1.5.0/dist/brand/icons/official/agents-{16,20,24,32,48}.svg (<- Athar_Package 05 Web & Product/Icons/SVG)",2026-09-30T01:33:27Z,PASS,,navy,transparent,1,webp,v1.5.1 (carried),,,
dist/brand/icons/light/athar-icon-agents-256.png,4 icon-system,agents,256 x 256,7321,1d3cea758a0bd51ea6882f24d06b30fc673545e7c376728e4a72ff0f46790fad,resvg-js 2.6.2 (resvg 0.40.0) + sharp 0.34.3/libvips 8.17.1,"rendered-assets-v1.5.0/dist/brand/icons/official/agents-{16,20,24,32,48}.svg (<- Athar_Package 05 Web & Product/Icons/SVG)",2026-09-30T01:33:27Z,PASS,,navy,transparent,1,png,v1.5.1 (carried),,,
dist/brand/icons/light/athar-icon-agents-256.webp,4 icon-system,agents,256 x 256,2894,a8ef7daaaeb966c68102c878fb7786f09f74bee4dc662c3c1d41cb29ad21a98d,resvg-js 2.6.2 + sharp 0.34.3 (WebP),"rendered-assets-v1.5.0/dist/brand/icons/official/agents-{16,20,24,32,48}.svg (<- Athar_Package 05 Web & Product/Icons/SVG)",2026-09-30T01:33:27Z,PASS,,navy,transparent,1,webp,v1.5.1 (carried),,,
dist/brand/icons/light/athar-icon-agents-512.png,4 icon-system,agents,512 x 512,14558,7db2082e3c18de6bb19bbb9e015fa76abf56afe0d7df6807d6171797ccfa9fd7,resvg-js 2.6.2 (resvg 0.40.0) + sharp 0.34.3/libvips 8.17.1,"rendered-assets-v1.5.0/dist/brand/icons/official/agents-{16,20,24,32,48}.svg (<- Athar_Package 05 Web & Product/Icons/SVG)",2026-09-30T01:33:27Z,PASS,,navy,transparent,1,png,v1.5.1 (carried),,,
dist/brand/icons/light/athar-icon-agents-512.webp,4 icon-system,agents,512 x 512,5202,9bb1530a6043494fc49bec8eb4e7c9d2047fba489472b9a93f06783eddfb7cda,resvg-js 2.6.2 + sharp 0.34.3 (WebP),"rendered-assets-v1.5.0/dist/brand/icons/official/agents-{16,20,24,32,48}.svg (<- Athar_Package 05 Web & Product/Icons/SVG)",2026-09-30T01:33:27Z,PASS,,navy,transparent,1,webp,v1.5.1 (carried),,,
dist/brand/icons/dark/athar-icon-agents-16.png,4 icon-system,agents,16 x 16,920,4286bbd109151b94ba9de260a612b5ad5706b29948088a439777748892015930,resvg-js 2.6.2 (resvg 0.40.0) + sharp 0.34.3/libvips 8.17.1,"rendered-assets-v1.5.0/dist/brand/icons/official/agents-{16,20,24,32,48}.svg (<- Athar_Package 05 Web & Product/Icons/SVG)",2026-09-30T01:33:27Z,PASS,,reversed,transparent,1,png,v1.5.1 (carried),,,
dist/brand/icons/dark/athar-icon-agents-16.webp,4 icon-system,agents,16 x 16,892,59b8505ca25bca9b3f2171ceb12389536154ea2ac04bc6308333c18e2bd79c3f,resvg-js 2.6.2 + sharp 0.34.3 (WebP),"rendered-assets-v1.5.0/dist/brand/icons/official/agents-{16,20,24,32,48}.svg (<- Athar_Package 05 Web & Product/Icons/SVG)",2026-09-30T01:33:27Z,PASS,,reversed,transparent,1,webp,v1.5.1 (carried),,,
dist/brand/icons/dark/athar-icon-agents-20.png,4 icon-system,agents,20 x 20,1094,4fb7dbd9c5eb23c2127d6f56cc37c8d118a3eecaa55c243ec67b124d7589bdbd,resvg-js 2.6.2 (resvg 0.40.0) + sharp 0.34.3/libvips 8.17.1,"rendered-assets-v1.5.0/dist/brand/icons/official/agents-{16,20,24,32,48}.svg (<- Athar_Package 05 Web & Product/Icons/SVG)",2026-09-30T01:33:27Z,PASS,,reversed,transparent,1,png,v1.5.1 (carried),,,
dist/brand/icons/dark/athar-icon-agents-20.webp,4 icon-system,agents,20 x 20,928,5e80dad7c63abc3df61e27d854357a037499a94e726f36b5f973b4a5611abda1,resvg-js 2.6.2 + sharp 0.34.3 (WebP),"rendered-assets-v1.5.0/dist/brand/icons/official/agents-{16,20,24,32,48}.svg (<- Athar_Package 05 Web & Product/Icons/SVG)",2026-09-30T01:33:27Z,PASS,,reversed,transparent,1,webp,v1.5.1 (carried),,,
dist/brand/icons/dark/athar-icon-agents-24.png,4 icon-system,agents,24 x 24,1148,babbfbc44580900bbe9e58b4aecef02ec2cb15ff42217721127f391c5b9b92b9,resvg-js 2.6.2 (resvg 0.40.0) + sharp 0.34.3/libvips 8.17.1,"rendered-assets-v1.5.0/dist/brand/icons/official/agents-{16,20,24,32,48}.svg (<- Athar_Package 05 Web & Product/Icons/SVG)",2026-09-30T01:33:27Z,PASS,,reversed,transparent,1,png,v1.5.1 (carried),,,
dist/brand/icons/dark/athar-icon-agents-24.webp,4 icon-system,agents,24 x 24,958,d11f733519eda46584dbe36497aad557ca165bf5324c2eb05fa4214db105df82,resvg-js 2.6.2 + sharp 0.34.3 (WebP),"rendered-assets-v1.5.0/dist/brand/icons/official/agents-{16,20,24,32,48}.svg (<- Athar_Package 05 Web & Product/Icons/SVG)",2026-09-30T01:33:27Z,PASS,,reversed,transparent,1,webp,v1.5.1 (carried),,,
dist/brand/icons/dark/athar-icon-agents-32.png,4 icon-system,agents,32 x 32,1435,d912a6359f8049cf9b79bc99af6dbffb30a58b2b3467c89cd44df538d9df6d38,resvg-js 2.6.2 (resvg 0.40.0) + sharp 0.34.3/libvips 8.17.1,"rendered-assets-v1.5.0/dist/brand/icons/official/agents-{16,20,24,32,48}.svg (<- Athar_Package 05 Web & Product/Icons/SVG)",2026-09-30T01:33:27Z,PASS,,reversed,transparent,1,png,v1.5.1 (carried),,,
dist/brand/icons/dark/athar-icon-agents-32.webp,4 icon-system,agents,32 x 32,1048,fbb256118df418f92c588cfa4e289c5d626e5da0c9cb916a5090ed0ae0333c60,resvg-js 2.6.2 + sharp 0.34.3 (WebP),"rendered-assets-v1.5.0/dist/brand/icons/official/agents-{16,20,24,32,48}.svg (<- Athar_Package 05 Web & Product/Icons/SVG)",2026-09-30T01:33:27Z,PASS,,reversed,transparent,1,webp,v1.5.1 (carried),,,
dist/brand/icons/dark/athar-icon-agents-48.png,4 icon-system,agents,48 x 48,1887,f4d758c6efa349069c19eafeb79660a80829c92ed7788c63d2a0bd827e972165,resvg-js 2.6.2 (resvg 0.40.0) + sharp 0.34.3/libvips 8.17.1,"rendered-assets-v1.5.0/dist/brand/icons/official/agents-{16,20,24,32,48}.svg (<- Athar_Package 05 Web & Product/Icons/SVG)",2026-09-30T01:33:27Z,PASS,,reversed,transparent,1,png,v1.5.1 (carried),,,
dist/brand/icons/dark/athar-icon-agents-48.webp,4 icon-system,agents,48 x 48,1186,89b5f6f433ab34213a44497cd56a1a73811c245d6c4ce0b0dccdbc4d5fca29cd,resvg-js 2.6.2 + sharp 0.34.3 (WebP),"rendered-assets-v1.5.0/dist/brand/icons/official/agents-{16,20,24,32,48}.svg (<- Athar_Package 05 Web & Product/Icons/SVG)",2026-09-30T01:33:27Z,PASS,,reversed,transparent,1,webp,v1.5.1 (carried),,,
dist/brand/icons/dark/athar-icon-agents-64.png,4 icon-system,agents,64 x 64,2156,26718af38f60b155676953557828c5b0b41b45d1143dab3e22d6507db41069ce,resvg-js 2.6.2 (resvg 0.40.0) + sharp 0.34.3/libvips 8.17.1,"rendered-assets-v1.5.0/dist/brand/icons/official/agents-{16,20,24,32,48}.svg (<- Athar_Package 05 Web & Product/Icons/SVG)",2026-09-30T01:33:27Z,PASS,,reversed,transparent,1,png,v1.5.1 (carried),,,
dist/brand/icons/dark/athar-icon-agents-64.webp,4 icon-system,agents,64 x 64,1312,61f272ea12c11172bc5c0d6bdea87c8412248881bf27124ea7d6f88e61b87f8a,resvg-js 2.6.2 + sharp 0.34.3 (WebP),"rendered-assets-v1.5.0/dist/brand/icons/official/agents-{16,20,24,32,48}.svg (<- Athar_Package 05 Web & Product/Icons/SVG)",2026-09-30T01:33:27Z,PASS,,reversed,transparent,1,webp,v1.5.1 (carried),,,
dist/brand/icons/dark/athar-icon-agents-128.png,4 icon-system,agents,128 x 128,3911,f23519367768f669a989506a61d1ec8d5e5524682010d986622822b3c3ccf235,resvg-js 2.6.2 (resvg 0.40.0) + sharp 0.34.3/libvips 8.17.1,"rendered-assets-v1.5.0/dist/brand/icons/official/agents-{16,20,24,32,48}.svg (<- Athar_Package 05 Web & Product/Icons/SVG)",2026-09-30T01:33:27Z,PASS,,reversed,transparent,1,png,v1.5.1 (carried),,,
dist/brand/icons/dark/athar-icon-agents-128.webp,4 icon-system,agents,128 x 128,1842,37acce8cb746dd0248deec61f1d819885b11e9eb338b1f18dd5c98f59d6b7145,resvg-js 2.6.2 + sharp 0.34.3 (WebP),"rendered-assets-v1.5.0/dist/brand/icons/official/agents-{16,20,24,32,48}.svg (<- Athar_Package 05 Web & Product/Icons/SVG)",2026-09-30T01:33:27Z,PASS,,reversed,transparent,1,webp,v1.5.1 (carried),,,
dist/brand/icons/dark/athar-icon-agents-256.png,4 icon-system,agents,256 x 256,7050,7f88c5d3a486fa204df102a6f225de63387e477fb11524b4fc13b240a6b7ff06,resvg-js 2.6.2 (resvg 0.40.0) + sharp 0.34.3/libvips 8.17.1,"rendered-assets-v1.5.0/dist/brand/icons/official/agents-{16,20,24,32,48}.svg (<- Athar_Package 05 Web & Product/Icons/SVG)",2026-09-30T01:33:27Z,PASS,,reversed,transparent,1,png,v1.5.1 (carried),,,
dist/brand/icons/dark/athar-icon-agents-256.webp,4 icon-system,agents,256 x 256,2902,a8fe40b150c2f09297f14f41296427277c1aa91ec1ac25d9744308ec76b7d0fa,resvg-js 2.6.2 + sharp 0.34.3 (WebP),"rendered-assets-v1.5.0/dist/brand/icons/official/agents-{16,20,24,32,48}.svg (<- Athar_Package 05 Web & Product/Icons/SVG)",2026-09-30T01:33:27Z,PASS,,reversed,transparent,1,webp,v1.5.1 (carried),,,
dist/brand/icons/dark/athar-icon-agents-512.png,4 icon-system,agents,512 x 512,13962,832673b85f8870070e3eb6ea2498b93e515dbd8c57abb7cbe8a43dc9ef32b8e5,resvg-js 2.6.2 (resvg 0.40.0) + sharp 0.34.3/libvips 8.17.1,"rendered-assets-v1.5.0/dist/brand/icons/official/agents-{16,20,24,32,48}.svg (<- Athar_Package 05 Web & Product/Icons/SVG)",2026-09-30T01:33:27Z,PASS,,reversed,transparent,1,png,v1.5.1 (carried),,,
dist/brand/icons/dark/athar-icon-agents-512.webp,4 icon-system,agents,512 x 512,5206,837245c0c49222c011f7bfa8d24b5d39fd57842bf0a44065a1187ec66867efcf,resvg-js 2.6.2 + sharp 0.34.3 (WebP),"rendered-assets-v1.5.0/dist/brand/icons/official/agents-{16,20,24,32,48}.svg (<- Athar_Package 05 Web & Product/Icons/SVG)",2026-09-30T01:33:27Z,PASS,,reversed,transparent,1,webp,v1.5.1 (carried),,,
dist/brand/icons/svg/athar-icon-agents-24.svg,4 icon-system,agents,24 x 24,321,fef2f7e0a99fcfeee6e1c42ea264a177719e4cfc41885906b608aeb0203f7324,svgo 4.1.0 (safe config),"rendered-assets-v1.5.0/dist/brand/icons/official/agents-{16,20,24,32,48}.svg (<- Athar_Package 05 Web & Product/Icons/SVG)",2026-09-30T01:33:32Z,PASS,,currentColor,transparent,1,svg,v1.5.1 (carried),,,
dist/brand/icons/light/athar-icon-approvals-16.png,4 icon-system,approvals,16 x 16,960,b5c85d095e9d4fc245a57593fee80f76a44b2ebf5a9e280bf00842a3c791bed5,resvg-js 2.6.2 (resvg 0.40.0) + sharp 0.34.3/libvips 8.17.1,"rendered-assets-v1.5.0/dist/brand/icons/official/approvals-{16,20,24,32,48}.svg (<- Athar_Package 05 Web & Product/Icons/SVG)",2026-09-30T01:33:27Z,PASS,,navy,transparent,1,png,v1.5.1 (carried),,,
dist/brand/icons/light/athar-icon-approvals-16.webp,4 icon-system,approvals,16 x 16,894,6c81eac6afa330fef44e251e9db79bfafd8d7ca50c86951273b580350bc24741,resvg-js 2.6.2 + sharp 0.34.3 (WebP),"rendered-assets-v1.5.0/dist/brand/icons/official/approvals-{16,20,24,32,48}.svg (<- Athar_Package 05 Web & Product/Icons/SVG)",2026-09-30T01:33:27Z,PASS,,navy,transparent,1,webp,v1.5.1 (carried),,,
dist/brand/icons/light/athar-icon-approvals-20.png,4 icon-system,approvals,20 x 20,1049,a2d56a7ece11d9417b1444d1bf1985cca376e0d0c9c77b4e5e11fb15b00fcc24,resvg-js 2.6.2 (resvg 0.40.0) + sharp 0.34.3/libvips 8.17.1,"rendered-assets-v1.5.0/dist/brand/icons/official/approvals-{16,20,24,32,48}.svg (<- Athar_Package 05 Web & Product/Icons/SVG)",2026-09-30T01:33:27Z,PASS,,navy,transparent,1,png,v1.5.1 (carried),,,
dist/brand/icons/light/athar-icon-approvals-20.webp,4 icon-system,approvals,20 x 20,946,5e3eed82d9d611da5b18d86cad44ec870d9d916020dcadc327bf6722f8f71d00,resvg-js 2.6.2 + sharp 0.34.3 (WebP),"rendered-assets-v1.5.0/dist/brand/icons/official/approvals-{16,20,24,32,48}.svg (<- Athar_Package 05 Web & Product/Icons/SVG)",2026-09-30T01:33:27Z,PASS,,navy,transparent,1,webp,v1.5.1 (carried),,,
dist/brand/icons/light/athar-icon-approvals-24.png,4 icon-system,approvals,24 x 24,1144,e0fd415b2fffb1e882b79e3e7af0f46e7dd3facc4e4afc89b765b52b7cd32770,resvg-js 2.6.2 (resvg 0.40.0) + sharp 0.34.3/libvips 8.17.1,"rendered-assets-v1.5.0/dist/brand/icons/official/approvals-{16,20,24,32,48}.svg (<- Athar_Package 05 Web & Product/Icons/SVG)",2026-09-30T01:33:27Z,PASS,,navy,transparent,1,png,v1.5.1 (carried),,,
dist/brand/icons/light/athar-icon-approvals-24.webp,4 icon-system,approvals,24 x 24,942,afd5d53d5cc006a17ead06ee1e390960bab7d849e11fe24a9263a588ac18dbed,resvg-js 2.6.2 + sharp 0.34.3 (WebP),"rendered-assets-v1.5.0/dist/brand/icons/official/approvals-{16,20,24,32,48}.svg (<- Athar_Package 05 Web & Product/Icons/SVG)",2026-09-30T01:33:27Z,PASS,,navy,transparent,1,webp,v1.5.1 (carried),,,
dist/brand/icons/light/athar-icon-approvals-32.png,4 icon-system,approvals,32 x 32,1314,620a3ac106f9e1594819b29de7cec8bf1edb7595a0133a9aed70fcd791cb25df,resvg-js 2.6.2 (resvg 0.40.0) + sharp 0.34.3/libvips 8.17.1,"rendered-assets-v1.5.0/dist/brand/icons/official/approvals-{16,20,24,32,48}.svg (<- Athar_Package 05 Web & Product/Icons/SVG)",2026-09-30T01:33:27Z,PASS,,navy,transparent,1,png,v1.5.1 (carried),,,
dist/brand/icons/light/athar-icon-approvals-32.webp,4 icon-system,approvals,32 x 32,994,0d9e5f4c03354e2bddecd92f5d4b39fec9d6796c198adc52a7006279da813f94,resvg-js 2.6.2 + sharp 0.34.3 (WebP),"rendered-assets-v1.5.0/dist/brand/icons/official/approvals-{16,20,24,32,48}.svg (<- Athar_Package 05 Web & Product/Icons/SVG)",2026-09-30T01:33:27Z,PASS,,navy,transparent,1,webp,v1.5.1 (carried),,,
dist/brand/icons/light/athar-icon-approvals-48.png,4 icon-system,approvals,48 x 48,1581,32cec8bafb9e5222856cd0b9ad1728874bd3e8c2c7a8b64d9be2b80d87634204,resvg-js 2.6.2 (resvg 0.40.0) + sharp 0.34.3/libvips 8.17.1,"rendered-assets-v1.5.0/dist/brand/icons/official/approvals-{16,20,24,32,48}.svg (<- Athar_Package 05 Web & Product/Icons/SVG)",2026-09-30T01:33:27Z,PASS,,navy,transparent,1,png,v1.5.1 (carried),,,
dist/brand/icons/light/athar-icon-approvals-48.webp,4 icon-system,approvals,48 x 48,1112,da125f601a15a69833da6678efe7e3e1846be48eca211b656f0871d32c98c009,resvg-js 2.6.2 + sharp 0.34.3 (WebP),"rendered-assets-v1.5.0/dist/brand/icons/official/approvals-{16,20,24,32,48}.svg (<- Athar_Package 05 Web & Product/Icons/SVG)",2026-09-30T01:33:27Z,PASS,,navy,transparent,1,webp,v1.5.1 (carried),,,
dist/brand/icons/light/athar-icon-approvals-64.png,4 icon-system,approvals,64 x 64,2099,8a872e740900d42d080860ca2048ef17813779f422b2b45669ca90ea749c34ed,resvg-js 2.6.2 (resvg 0.40.0) + sharp 0.34.3/libvips 8.17.1,"rendered-assets-v1.5.0/dist/brand/icons/official/approvals-{16,20,24,32,48}.svg (<- Athar_Package 05 Web & Product/Icons/SVG)",2026-09-30T01:33:27Z,PASS,,navy,transparent,1,png,v1.5.1 (carried),,,
dist/brand/icons/light/athar-icon-approvals-64.webp,4 icon-system,approvals,64 x 64,1252,8206a09e642477c74f450dac892fb9090e5b2e83f05c8ec9cb41ac4e81402ebb,resvg-js 2.6.2 + sharp 0.34.3 (WebP),"rendered-assets-v1.5.0/dist/brand/icons/official/approvals-{16,20,24,32,48}.svg (<- Athar_Package 05 Web & Product/Icons/SVG)",2026-09-30T01:33:27Z,PASS,,navy,transparent,1,webp,v1.5.1 (carried),,,
dist/brand/icons/light/athar-icon-approvals-128.png,4 icon-system,approvals,128 x 128,3270,ed56520eafd09b4b8e999c895acdc7852d54f355a2b462cfe806d84a4f0114dc,resvg-js 2.6.2 (resvg 0.40.0) + sharp 0.34.3/libvips 8.17.1,"rendered-assets-v1.5.0/dist/brand/icons/official/approvals-{16,20,24,32,48}.svg (<- Athar_Package 05 Web & Product/Icons/SVG)",2026-09-30T01:33:27Z,PASS,,navy,transparent,1,png,v1.5.1 (carried),,,
dist/brand/icons/light/athar-icon-approvals-128.webp,4 icon-system,approvals,128 x 128,1654,21e3a2fdab71d0f9a917fe4128d95f8f56d61d56ba8aeb6a26c043074fdc58e8,resvg-js 2.6.2 + sharp 0.34.3 (WebP),"rendered-assets-v1.5.0/dist/brand/icons/official/approvals-{16,20,24,32,48}.svg (<- Athar_Package 05 Web & Product/Icons/SVG)",2026-09-30T01:33:27Z,PASS,,navy,transparent,1,webp,v1.5.1 (carried),,,
dist/brand/icons/light/athar-icon-approvals-256.png,4 icon-system,approvals,256 x 256,6101,d9e18f69dd05567a8f76ec468b109190ba83d15dc76313863f9d752e7833858d,resvg-js 2.6.2 (resvg 0.40.0) + sharp 0.34.3/libvips 8.17.1,"rendered-assets-v1.5.0/dist/brand/icons/official/approvals-{16,20,24,32,48}.svg (<- Athar_Package 05 Web & Product/Icons/SVG)",2026-09-30T01:33:27Z,PASS,,navy,transparent,1,png,v1.5.1 (carried),,,
dist/brand/icons/light/athar-icon-approvals-256.webp,4 icon-system,approvals,256 x 256,2566,b9d2d4b0ec88ebd26d45025eef38856074f8629c0f0763df890e9e6fbe7fc71a,resvg-js 2.6.2 + sharp 0.34.3 (WebP),"rendered-assets-v1.5.0/dist/brand/icons/official/approvals-{16,20,24,32,48}.svg (<- Athar_Package 05 Web & Product/Icons/SVG)",2026-09-30T01:33:27Z,PASS,,navy,transparent,1,webp,v1.5.1 (carried),,,
dist/brand/icons/light/athar-icon-approvals-512.png,4 icon-system,approvals,512 x 512,12151,1e7bfcd554b6d5b688cc05e98f44a9c6f00c1ea628290a2f5ead80b5cdf32ced,resvg-js 2.6.2 (resvg 0.40.0) + sharp 0.34.3/libvips 8.17.1,"rendered-assets-v1.5.0/dist/brand/icons/official/approvals-{16,20,24,32,48}.svg (<- Athar_Package 05 Web & Product/Icons/SVG)",2026-09-30T01:33:27Z,PASS,,navy,transparent,1,png,v1.5.1 (carried),,,
dist/brand/icons/light/athar-icon-approvals-512.webp,4 icon-system,approvals,512 x 512,4416,ab238f0cabd6c4cbd4feeb26a80f1ef8f2c3333f72f39e5050fe20b251f1c250,resvg-js 2.6.2 + sharp 0.34.3 (WebP),"rendered-assets-v1.5.0/dist/brand/icons/official/approvals-{16,20,24,32,48}.svg (<- Athar_Package 05 Web & Product/Icons/SVG)",2026-09-30T01:33:27Z,PASS,,navy,transparent,1,webp,v1.5.1 (carried),,,
dist/brand/icons/dark/athar-icon-approvals-16.png,4 icon-system,approvals,16 x 16,925,4b44fd908f2f4c389a3f418cd1c114f2465e0febf313f0def7e202aa94255c98,resvg-js 2.6.2 (resvg 0.40.0) + sharp 0.34.3/libvips 8.17.1,"rendered-assets-v1.5.0/dist/brand/icons/official/approvals-{16,20,24,32,48}.svg (<- Athar_Package 05 Web & Product/Icons/SVG)",2026-09-30T01:33:27Z,PASS,,reversed,transparent,1,png,v1.5.1 (carried),,,
dist/brand/icons/dark/athar-icon-approvals-16.webp,4 icon-system,approvals,16 x 16,896,9bc5f1bc7f4c1a3ebf31f89165ad60e8747dabdc572fe594d471d98825af75a3,resvg-js 2.6.2 + sharp 0.34.3 (WebP),"rendered-assets-v1.5.0/dist/brand/icons/official/approvals-{16,20,24,32,48}.svg (<- Athar_Package 05 Web & Product/Icons/SVG)",2026-09-30T01:33:27Z,PASS,,reversed,transparent,1,webp,v1.5.1 (carried),,,
dist/brand/icons/dark/athar-icon-approvals-20.png,4 icon-system,approvals,20 x 20,1049,a5143b91a9f21e0040427b42911fed2d0aa99bb46003c681332c1bc15a1b24af,resvg-js 2.6.2 (resvg 0.40.0) + sharp 0.34.3/libvips 8.17.1,"rendered-assets-v1.5.0/dist/brand/icons/official/approvals-{16,20,24,32,48}.svg (<- Athar_Package 05 Web & Product/Icons/SVG)",2026-09-30T01:33:27Z,PASS,,reversed,transparent,1,png,v1.5.1 (carried),,,
dist/brand/icons/dark/athar-icon-approvals-20.webp,4 icon-system,approvals,20 x 20,948,68b6b080ef05434133e2e7a8d6aa575118817661bec773bd41a4fb0ec11ef4ca,resvg-js 2.6.2 + sharp 0.34.3 (WebP),"rendered-assets-v1.5.0/dist/brand/icons/official/approvals-{16,20,24,32,48}.svg (<- Athar_Package 05 Web & Product/Icons/SVG)",2026-09-30T01:33:27Z,PASS,,reversed,transparent,1,webp,v1.5.1 (carried),,,
dist/brand/icons/dark/athar-icon-approvals-24.png,4 icon-system,approvals,24 x 24,1093,d4d37b3528d7930cfbc5bc01b4b28138efdb956bce19617f6b9ba4c86b56c539,resvg-js 2.6.2 (resvg 0.40.0) + sharp 0.34.3/libvips 8.17.1,"rendered-assets-v1.5.0/dist/brand/icons/official/approvals-{16,20,24,32,48}.svg (<- Athar_Package 05 Web & Product/Icons/SVG)",2026-09-30T01:33:27Z,PASS,,reversed,transparent,1,png,v1.5.1 (carried),,,
dist/brand/icons/dark/athar-icon-approvals-24.webp,4 icon-system,approvals,24 x 24,938,8c1f843f218712ae54ad9420120ddecc088aabaadef05088e9c54b0d98c3c5da,resvg-js 2.6.2 + sharp 0.34.3 (WebP),"rendered-assets-v1.5.0/dist/brand/icons/official/approvals-{16,20,24,32,48}.svg (<- Athar_Package 05 Web & Product/Icons/SVG)",2026-09-30T01:33:27Z,PASS,,reversed,transparent,1,webp,v1.5.1 (carried),,,
dist/brand/icons/dark/athar-icon-approvals-32.png,4 icon-system,approvals,32 x 32,1301,86f4c8d17c6b08966fa391d8456f0bde75b52e0672735dc02c5c5241dd0bd008,resvg-js 2.6.2 (resvg 0.40.0) + sharp 0.34.3/libvips 8.17.1,"rendered-assets-v1.5.0/dist/brand/icons/official/approvals-{16,20,24,32,48}.svg (<- Athar_Package 05 Web & Product/Icons/SVG)",2026-09-30T01:33:27Z,PASS,,reversed,transparent,1,png,v1.5.1 (carried),,,
dist/brand/icons/dark/athar-icon-approvals-32.webp,4 icon-system,approvals,32 x 32,1000,8375cf42edb681dba6e153a2b5172d4f93264336a6fe230e202581b60de9c6e0,resvg-js 2.6.2 + sharp 0.34.3 (WebP),"rendered-assets-v1.5.0/dist/brand/icons/official/approvals-{16,20,24,32,48}.svg (<- Athar_Package 05 Web & Product/Icons/SVG)",2026-09-30T01:33:27Z,PASS,,reversed,transparent,1,webp,v1.5.1 (carried),,,
dist/brand/icons/dark/athar-icon-approvals-48.png,4 icon-system,approvals,48 x 48,1542,78fbc0ebdfd12233d950ffb3d0eaac0369227e9ffa6e123812555283f521411b,resvg-js 2.6.2 (resvg 0.40.0) + sharp 0.34.3/libvips 8.17.1,"rendered-assets-v1.5.0/dist/brand/icons/official/approvals-{16,20,24,32,48}.svg (<- Athar_Package 05 Web & Product/Icons/SVG)",2026-09-30T01:33:27Z,PASS,,reversed,transparent,1,png,v1.5.1 (carried),,,
dist/brand/icons/dark/athar-icon-approvals-48.webp,4 icon-system,approvals,48 x 48,1114,9aec92377e43be454042255b5b86578177438313743abdce276ea22120112c82,resvg-js 2.6.2 + sharp 0.34.3 (WebP),"rendered-assets-v1.5.0/dist/brand/icons/official/approvals-{16,20,24,32,48}.svg (<- Athar_Package 05 Web & Product/Icons/SVG)",2026-09-30T01:33:27Z,PASS,,reversed,transparent,1,webp,v1.5.1 (carried),,,
dist/brand/icons/dark/athar-icon-approvals-64.png,4 icon-system,approvals,64 x 64,1960,f539fe2f44967c7bfea68f0921de2c5d38067193d1feabccc5395e1160594b52,resvg-js 2.6.2 (resvg 0.40.0) + sharp 0.34.3/libvips 8.17.1,"rendered-assets-v1.5.0/dist/brand/icons/official/approvals-{16,20,24,32,48}.svg (<- Athar_Package 05 Web & Product/Icons/SVG)",2026-09-30T01:33:27Z,PASS,,reversed,transparent,1,png,v1.5.1 (carried),,,
dist/brand/icons/dark/athar-icon-approvals-64.webp,4 icon-system,approvals,64 x 64,1254,4256451acf52aed0439c420ab5e719cf15021426f515bd0191262c47d3f2d455,resvg-js 2.6.2 + sharp 0.34.3 (WebP),"rendered-assets-v1.5.0/dist/brand/icons/official/approvals-{16,20,24,32,48}.svg (<- Athar_Package 05 Web & Product/Icons/SVG)",2026-09-30T01:33:27Z,PASS,,reversed,transparent,1,webp,v1.5.1 (carried),,,
dist/brand/icons/dark/athar-icon-approvals-128.png,4 icon-system,approvals,128 x 128,3192,3df3757a3ec805ad3e1e7f0e5e8f0d6775b0a5dce41f086363e42321962e30f3,resvg-js 2.6.2 (resvg 0.40.0) + sharp 0.34.3/libvips 8.17.1,"rendered-assets-v1.5.0/dist/brand/icons/official/approvals-{16,20,24,32,48}.svg (<- Athar_Package 05 Web & Product/Icons/SVG)",2026-09-30T01:33:27Z,PASS,,reversed,transparent,1,png,v1.5.1 (carried),,,
dist/brand/icons/dark/athar-icon-approvals-128.webp,4 icon-system,approvals,128 x 128,1658,a720a83fcef1f76c9843ce8cf6d60c5dcc20f56a09aa86d9ade3a489e13dad6e,resvg-js 2.6.2 + sharp 0.34.3 (WebP),"rendered-assets-v1.5.0/dist/brand/icons/official/approvals-{16,20,24,32,48}.svg (<- Athar_Package 05 Web & Product/Icons/SVG)",2026-09-30T01:33:27Z,PASS,,reversed,transparent,1,webp,v1.5.1 (carried),,,
dist/brand/icons/dark/athar-icon-approvals-256.png,4 icon-system,approvals,256 x 256,5973,bca881fe2df96f774015b527e572b84fb6217356b8d39d1e54fadbeb621ddb03,resvg-js 2.6.2 (resvg 0.40.0) + sharp 0.34.3/libvips 8.17.1,"rendered-assets-v1.5.0/dist/brand/icons/official/approvals-{16,20,24,32,48}.svg (<- Athar_Package 05 Web & Product/Icons/SVG)",2026-09-30T01:33:27Z,PASS,,reversed,transparent,1,png,v1.5.1 (carried),,,
dist/brand/icons/dark/athar-icon-approvals-256.webp,4 icon-system,approvals,256 x 256,2570,16256632238591369bc0fabc9ab1763ef0900fb0f607104685e1944ef6631f28,resvg-js 2.6.2 + sharp 0.34.3 (WebP),"rendered-assets-v1.5.0/dist/brand/icons/official/approvals-{16,20,24,32,48}.svg (<- Athar_Package 05 Web & Product/Icons/SVG)",2026-09-30T01:33:27Z,PASS,,reversed,transparent,1,webp,v1.5.1 (carried),,,
dist/brand/icons/dark/athar-icon-approvals-512.png,4 icon-system,approvals,512 x 512,11876,fce0a1f3f1cc24a53f2bddf3333242cd9c8c353a886278c98ec0343103aa1b88,resvg-js 2.6.2 (resvg 0.40.0) + sharp 0.34.3/libvips 8.17.1,"rendered-assets-v1.5.0/dist/brand/icons/official/approvals-{16,20,24,32,48}.svg (<- Athar_Package 05 Web & Product/Icons/SVG)",2026-09-30T01:33:27Z,PASS,,reversed,transparent,1,png,v1.5.1 (carried),,,
dist/brand/icons/dark/athar-icon-approvals-512.webp,4 icon-system,approvals,512 x 512,4420,d61170447b2b971a845e2641286ab7433ba3d11725a193b4f1b442896759fadc,resvg-js 2.6.2 + sharp 0.34.3 (WebP),"rendered-assets-v1.5.0/dist/brand/icons/official/approvals-{16,20,24,32,48}.svg (<- Athar_Package 05 Web & Product/Icons/SVG)",2026-09-30T01:33:27Z,PASS,,reversed,transparent,1,webp,v1.5.1 (carried),,,
dist/brand/icons/svg/athar-icon-approvals-24.svg,4 icon-system,approvals,24 x 24,351,a999e39d831a549363efb969af0748645e58d7616e6c3d12fc578d9e1aeb94da,svgo 4.1.0 (safe config),"rendered-assets-v1.5.0/dist/brand/icons/official/approvals-{16,20,24,32,48}.svg (<- Athar_Package 05 Web & Product/Icons/SVG)",2026-09-30T01:33:32Z,PASS,,currentColor,transparent,1,svg,v1.5.1 (carried),,,
dist/brand/icons/light/athar-icon-delegate-16.png,4 icon-system,delegate,16 x 16,873,5d679a507dcd56f06e4460ada3a4835624cbe137e7bb92724b06fa3e31511468,resvg-js 2.6.2 (resvg 0.40.0) + sharp 0.34.3/libvips 8.17.1,"rendered-assets-v1.5.0/dist/brand/icons/official/delegate-{16,20,24,32,48}.svg (<- Athar_Package 05 Web & Product/Icons/SVG)",2026-09-30T01:33:27Z,PASS,,navy,transparent,1,png,v1.5.1 (carried),,,
dist/brand/icons/light/athar-icon-delegate-16.webp,4 icon-system,delegate,16 x 16,878,8d56f6395219b9072473e867f7f17c91e56eb7c24367e681f783a237c1a896e8,resvg-js 2.6.2 + sharp 0.34.3 (WebP),"rendered-assets-v1.5.0/dist/brand/icons/official/delegate-{16,20,24,32,48}.svg (<- Athar_Package 05 Web & Product/Icons/SVG)",2026-09-30T01:33:27Z,PASS,,navy,transparent,1,webp,v1.5.1 (carried),,,
dist/brand/icons/light/athar-icon-delegate-20.png,4 icon-system,delegate,20 x 20,969,5a8238bbae949d07aee33433505d544acecb5f0dafbf8a451a2580200d2a9c18,resvg-js 2.6.2 (resvg 0.40.0) + sharp 0.34.3/libvips 8.17.1,"rendered-assets-v1.5.0/dist/brand/icons/official/delegate-{16,20,24,32,48}.svg (<- Athar_Package 05 Web & Product/Icons/SVG)",2026-09-30T01:33:27Z,PASS,,navy,transparent,1,png,v1.5.1 (carried),,,
dist/brand/icons/light/athar-icon-delegate-20.webp,4 icon-system,delegate,20 x 20,892,ea5cbd6b211fda9519aaf67a69059d29ef857dfd27dca2343a0fc999e778edc7,resvg-js 2.6.2 + sharp 0.34.3 (WebP),"rendered-assets-v1.5.0/dist/brand/icons/official/delegate-{16,20,24,32,48}.svg (<- Athar_Package 05 Web & Product/Icons/SVG)",2026-09-30T01:33:27Z,PASS,,navy,transparent,1,webp,v1.5.1 (carried),,,
dist/brand/icons/light/athar-icon-delegate-24.png,4 icon-system,delegate,24 x 24,1002,165c99c735e6d037c8e44d486824f7004c604292de77b9f998b67712f2d4a067,resvg-js 2.6.2 (resvg 0.40.0) + sharp 0.34.3/libvips 8.17.1,"rendered-assets-v1.5.0/dist/brand/icons/official/delegate-{16,20,24,32,48}.svg (<- Athar_Package 05 Web & Product/Icons/SVG)",2026-09-30T01:33:27Z,PASS,,navy,transparent,1,png,v1.5.1 (carried),,,
dist/brand/icons/light/athar-icon-delegate-24.webp,4 icon-system,delegate,24 x 24,908,89e75fb21afd3b4c2a370212ec0ea2ddace0c14b6f970d1bbb4a5c8424b92400,resvg-js 2.6.2 + sharp 0.34.3 (WebP),"rendered-assets-v1.5.0/dist/brand/icons/official/delegate-{16,20,24,32,48}.svg (<- Athar_Package 05 Web & Product/Icons/SVG)",2026-09-30T01:33:27Z,PASS,,navy,transparent,1,webp,v1.5.1 (carried),,,
dist/brand/icons/light/athar-icon-delegate-32.png,4 icon-system,delegate,32 x 32,1163,d0200744b5a510868dac78b67eac4a3762583e7f5345f55a015a086bd88fa172,resvg-js 2.6.2 (resvg 0.40.0) + sharp 0.34.3/libvips 8.17.1,"rendered-assets-v1.5.0/dist/brand/icons/official/delegate-{16,20,24,32,48}.svg (<- Athar_Package 05 Web & Product/Icons/SVG)",2026-09-30T01:33:27Z,PASS,,navy,transparent,1,png,v1.5.1 (carried),,,
dist/brand/icons/light/athar-icon-delegate-32.webp,4 icon-system,delegate,32 x 32,946,640f51aaa4b6aa546e8b7e4304ea205a3ad2e39cc5da25fc6e3d7da1e6dab1a6,resvg-js 2.6.2 + sharp 0.34.3 (WebP),"rendered-assets-v1.5.0/dist/brand/icons/official/delegate-{16,20,24,32,48}.svg (<- Athar_Package 05 Web & Product/Icons/SVG)",2026-09-30T01:33:27Z,PASS,,navy,transparent,1,webp,v1.5.1 (carried),,,
dist/brand/icons/light/athar-icon-delegate-48.png,4 icon-system,delegate,48 x 48,1312,4fdae945070faa5c6c40ab9b6ea5680c6c756af44ec7490c775f7015a2fc964b,resvg-js 2.6.2 (resvg 0.40.0) + sharp 0.34.3/libvips 8.17.1,"rendered-assets-v1.5.0/dist/brand/icons/official/delegate-{16,20,24,32,48}.svg (<- Athar_Package 05 Web & Product/Icons/SVG)",2026-09-30T01:33:27Z,PASS,,navy,transparent,1,png,v1.5.1 (carried),,,
dist/brand/icons/light/athar-icon-delegate-48.webp,4 icon-system,delegate,48 x 48,1010,0a89199ebc701a752442fd9b7f53ef5017f2d10f37155289c78d744f33cc000c,resvg-js 2.6.2 + sharp 0.34.3 (WebP),"rendered-assets-v1.5.0/dist/brand/icons/official/delegate-{16,20,24,32,48}.svg (<- Athar_Package 05 Web & Product/Icons/SVG)",2026-09-30T01:33:27Z,PASS,,navy,transparent,1,webp,v1.5.1 (carried),,,
dist/brand/icons/light/athar-icon-delegate-64.png,4 icon-system,delegate,64 x 64,1603,4ef583cc8facac4d0dbead79efddf69f6db1dfb7bbe312ac29bbcbcfe16833fc,resvg-js 2.6.2 (resvg 0.40.0) + sharp 0.34.3/libvips 8.17.1,"rendered-assets-v1.5.0/dist/brand/icons/official/delegate-{16,20,24,32,48}.svg (<- Athar_Package 05 Web & Product/Icons/SVG)",2026-09-30T01:33:27Z,PASS,,navy,transparent,1,png,v1.5.1 (carried),,,
dist/brand/icons/light/athar-icon-delegate-64.webp,4 icon-system,delegate,64 x 64,1092,fd26af4003907299daae40b3268a5db1a4a77894d138f5f0db041c690edb4b36,resvg-js 2.6.2 + sharp 0.34.3 (WebP),"rendered-assets-v1.5.0/dist/brand/icons/official/delegate-{16,20,24,32,48}.svg (<- Athar_Package 05 Web & Product/Icons/SVG)",2026-09-30T01:33:27Z,PASS,,navy,transparent,1,webp,v1.5.1 (carried),,,
dist/brand/icons/light/athar-icon-delegate-128.png,4 icon-system,delegate,128 x 128,2590,4cb07fd479b2ec815744ea8cf3b9760a27be4aebee08282add1a4bed6a4b9c3b,resvg-js 2.6.2 (resvg 0.40.0) + sharp 0.34.3/libvips 8.17.1,"rendered-assets-v1.5.0/dist/brand/icons/official/delegate-{16,20,24,32,48}.svg (<- Athar_Package 05 Web & Product/Icons/SVG)",2026-09-30T01:33:27Z,PASS,,navy,transparent,1,png,v1.5.1 (carried),,,
dist/brand/icons/light/athar-icon-delegate-128.webp,4 icon-system,delegate,128 x 128,1388,e44a4346b3e489177b3153749ed17013eb1350760fa974b130f3d49898657c75,resvg-js 2.6.2 + sharp 0.34.3 (WebP),"rendered-assets-v1.5.0/dist/brand/icons/official/delegate-{16,20,24,32,48}.svg (<- Athar_Package 05 Web & Product/Icons/SVG)",2026-09-30T01:33:27Z,PASS,,navy,transparent,1,webp,v1.5.1 (carried),,,
dist/brand/icons/light/athar-icon-delegate-256.png,4 icon-system,delegate,256 x 256,4362,8ad418471a177f281f6b7e7734650f1730e5790e8353b29b55d29eb1037309d1,resvg-js 2.6.2 (resvg 0.40.0) + sharp 0.34.3/libvips 8.17.1,"rendered-assets-v1.5.0/dist/brand/icons/official/delegate-{16,20,24,32,48}.svg (<- Athar_Package 05 Web & Product/Icons/SVG)",2026-09-30T01:33:27Z,PASS,,navy,transparent,1,png,v1.5.1 (carried),,,
dist/brand/icons/light/athar-icon-delegate-256.webp,4 icon-system,delegate,256 x 256,2008,402cd7bbe0567124bd9f44d48bf0d74fc6214c66783a8f882fd3645e97273e4f,resvg-js 2.6.2 + sharp 0.34.3 (WebP),"rendered-assets-v1.5.0/dist/brand/icons/official/delegate-{16,20,24,32,48}.svg (<- Athar_Package 05 Web & Product/Icons/SVG)",2026-09-30T01:33:27Z,PASS,,navy,transparent,1,webp,v1.5.1 (carried),,,
dist/brand/icons/light/athar-icon-delegate-512.png,4 icon-system,delegate,512 x 512,8826,c99f0b560cc682bd4f97e728ac09308c98ea9b24321e554dbabcfc98cb5c4dad,resvg-js 2.6.2 (resvg 0.40.0) + sharp 0.34.3/libvips 8.17.1,"rendered-assets-v1.5.0/dist/brand/icons/official/delegate-{16,20,24,32,48}.svg (<- Athar_Package 05 Web & Product/Icons/SVG)",2026-09-30T01:33:27Z,PASS,,navy,transparent,1,png,v1.5.1 (carried),,,
dist/brand/icons/light/athar-icon-delegate-512.webp,4 icon-system,delegate,512 x 512,3268,7844e53be099dbddf27211ab076ba1429c047c382b94c7e4e1e3a79209d505bd,resvg-js 2.6.2 + sharp 0.34.3 (WebP),"rendered-assets-v1.5.0/dist/brand/icons/official/delegate-{16,20,24,32,48}.svg (<- Athar_Package 05 Web & Product/Icons/SVG)",2026-09-30T01:33:27Z,PASS,,navy,transparent,1,webp,v1.5.1 (carried),,,
dist/brand/icons/dark/athar-icon-delegate-16.png,4 icon-system,delegate,16 x 16,857,682ba26c6b78002be30aeb23c32a541abb0e5f51619b88390e9b08a814e60e49,resvg-js 2.6.2 (resvg 0.40.0) + sharp 0.34.3/libvips 8.17.1,"rendered-assets-v1.5.0/dist/brand/icons/official/delegate-{16,20,24,32,48}.svg (<- Athar_Package 05 Web & Product/Icons/SVG)",2026-09-30T01:33:27Z,PASS,,reversed,transparent,1,png,v1.5.1 (carried),,,
dist/brand/icons/dark/athar-icon-delegate-16.webp,4 icon-system,delegate,16 x 16,870,bd590e6fd1c3b441dcc69f1a468debfc3efd6051d712c5f3d5b4df70de4c6154,resvg-js 2.6.2 + sharp 0.34.3 (WebP),"rendered-assets-v1.5.0/dist/brand/icons/official/delegate-{16,20,24,32,48}.svg (<- Athar_Package 05 Web & Product/Icons/SVG)",2026-09-30T01:33:27Z,PASS,,reversed,transparent,1,webp,v1.5.1 (carried),,,
dist/brand/icons/dark/athar-icon-delegate-20.png,4 icon-system,delegate,20 x 20,927,14539a4c52459c59dc1bafa84e44c6c37a38ee21f40951a26a082de315d1bc91,resvg-js 2.6.2 (resvg 0.40.0) + sharp 0.34.3/libvips 8.17.1,"rendered-assets-v1.5.0/dist/brand/icons/official/delegate-{16,20,24,32,48}.svg (<- Athar_Package 05 Web & Product/Icons/SVG)",2026-09-30T01:33:27Z,PASS,,reversed,transparent,1,png,v1.5.1 (carried),,,
dist/brand/icons/dark/athar-icon-delegate-20.webp,4 icon-system,delegate,20 x 20,896,db2d173012ad8a2cb3109504046bde02c0ecc052793f564d8d20e9863634ac5e,resvg-js 2.6.2 + sharp 0.34.3 (WebP),"rendered-assets-v1.5.0/dist/brand/icons/official/delegate-{16,20,24,32,48}.svg (<- Athar_Package 05 Web & Product/Icons/SVG)",2026-09-30T01:33:27Z,PASS,,reversed,transparent,1,webp,v1.5.1 (carried),,,
dist/brand/icons/dark/athar-icon-delegate-24.png,4 icon-system,delegate,24 x 24,994,1eae990a70d56756c84e6f9870c9e81dd9b1a106970fe36a8b65d1a705bcc781,resvg-js 2.6.2 (resvg 0.40.0) + sharp 0.34.3/libvips 8.17.1,"rendered-assets-v1.5.0/dist/brand/icons/official/delegate-{16,20,24,32,48}.svg (<- Athar_Package 05 Web & Product/Icons/SVG)",2026-09-30T01:33:27Z,PASS,,reversed,transparent,1,png,v1.5.1 (carried),,,
dist/brand/icons/dark/athar-icon-delegate-24.webp,4 icon-system,delegate,24 x 24,910,b86bbc2710e9fc12e3c5ba81c39e4cf7de2d9c5766d0c328ad3d167b3bd3a5aa,resvg-js 2.6.2 + sharp 0.34.3 (WebP),"rendered-assets-v1.5.0/dist/brand/icons/official/delegate-{16,20,24,32,48}.svg (<- Athar_Package 05 Web & Product/Icons/SVG)",2026-09-30T01:33:27Z,PASS,,reversed,transparent,1,webp,v1.5.1 (carried),,,
dist/brand/icons/dark/athar-icon-delegate-32.png,4 icon-system,delegate,32 x 32,1109,08cc2c359ccdb8252076550ed76db43b9d4671098f41f68c22f832df81fe78cc,resvg-js 2.6.2 (resvg 0.40.0) + sharp 0.34.3/libvips 8.17.1,"rendered-assets-v1.5.0/dist/brand/icons/official/delegate-{16,20,24,32,48}.svg (<- Athar_Package 05 Web & Product/Icons/SVG)",2026-09-30T01:33:27Z,PASS,,reversed,transparent,1,png,v1.5.1 (carried),,,
dist/brand/icons/dark/athar-icon-delegate-32.webp,4 icon-system,delegate,32 x 32,950,a0d8cd503dd2a5ce921679e6382685329ffa9dd06ba89258340e1af75d35e738,resvg-js 2.6.2 + sharp 0.34.3 (WebP),"rendered-assets-v1.5.0/dist/brand/icons/official/delegate-{16,20,24,32,48}.svg (<- Athar_Package 05 Web & Product/Icons/SVG)",2026-09-30T01:33:27Z,PASS,,reversed,transparent,1,webp,v1.5.1 (carried),,,
dist/brand/icons/dark/athar-icon-delegate-48.png,4 icon-system,delegate,48 x 48,1310,388074f9e96aa74bc789607d4929be0ee42579af1f29aef42f9b890bc68fa1d5,resvg-js 2.6.2 (resvg 0.40.0) + sharp 0.34.3/libvips 8.17.1,"rendered-assets-v1.5.0/dist/brand/icons/official/delegate-{16,20,24,32,48}.svg (<- Athar_Package 05 Web & Product/Icons/SVG)",2026-09-30T01:33:27Z,PASS,,reversed,transparent,1,png,v1.5.1 (carried),,,
dist/brand/icons/dark/athar-icon-delegate-48.webp,4 icon-system,delegate,48 x 48,1016,414ec3e19e736a74c40e95d42bc1a05120ca55fbe6496e597d5cea230d171a7f,resvg-js 2.6.2 + sharp 0.34.3 (WebP),"rendered-assets-v1.5.0/dist/brand/icons/official/delegate-{16,20,24,32,48}.svg (<- Athar_Package 05 Web & Product/Icons/SVG)",2026-09-30T01:33:27Z,PASS,,reversed,transparent,1,webp,v1.5.1 (carried),,,
dist/brand/icons/dark/athar-icon-delegate-64.png,4 icon-system,delegate,64 x 64,1579,3dce16d112c8188aa783759e4732649c8337ea3e09f13a77298ddf7267d439e2,resvg-js 2.6.2 (resvg 0.40.0) + sharp 0.34.3/libvips 8.17.1,"rendered-assets-v1.5.0/dist/brand/icons/official/delegate-{16,20,24,32,48}.svg (<- Athar_Package 05 Web & Product/Icons/SVG)",2026-09-30T01:33:27Z,PASS,,reversed,transparent,1,png,v1.5.1 (carried),,,
dist/brand/icons/dark/athar-icon-delegate-64.webp,4 icon-system,delegate,64 x 64,1096,9a8e025cba2ec26a1e3b5db8ebafaabff79da624599b4c706ecb2ee842f787d6,resvg-js 2.6.2 + sharp 0.34.3 (WebP),"rendered-assets-v1.5.0/dist/brand/icons/official/delegate-{16,20,24,32,48}.svg (<- Athar_Package 05 Web & Product/Icons/SVG)",2026-09-30T01:33:27Z,PASS,,reversed,transparent,1,webp,v1.5.1 (carried),,,
dist/brand/icons/dark/athar-icon-delegate-128.png,4 icon-system,delegate,128 x 128,2495,69f8b2488c5639bf06802bb015b88807c224359e30c3f00f1d3982f107d6d716,resvg-js 2.6.2 (resvg 0.40.0) + sharp 0.34.3/libvips 8.17.1,"rendered-assets-v1.5.0/dist/brand/icons/official/delegate-{16,20,24,32,48}.svg (<- Athar_Package 05 Web & Product/Icons/SVG)",2026-09-30T01:33:27Z,PASS,,reversed,transparent,1,png,v1.5.1 (carried),,,
dist/brand/icons/dark/athar-icon-delegate-128.webp,4 icon-system,delegate,128 x 128,1396,56ff48e6196c0dec8d56d460452f91e986035a454693eb2f1a046925b86b3f4c,resvg-js 2.6.2 + sharp 0.34.3 (WebP),"rendered-assets-v1.5.0/dist/brand/icons/official/delegate-{16,20,24,32,48}.svg (<- Athar_Package 05 Web & Product/Icons/SVG)",2026-09-30T01:33:27Z,PASS,,reversed,transparent,1,webp,v1.5.1 (carried),,,
dist/brand/icons/dark/athar-icon-delegate-256.png,4 icon-system,delegate,256 x 256,4228,a285d7f6aa924b39582b4479a900768a587419de115170bd7581aedd89548cd5,resvg-js 2.6.2 (resvg 0.40.0) + sharp 0.34.3/libvips 8.17.1,"rendered-assets-v1.5.0/dist/brand/icons/official/delegate-{16,20,24,32,48}.svg (<- Athar_Package 05 Web & Product/Icons/SVG)",2026-09-30T01:33:27Z,PASS,,reversed,transparent,1,png,v1.5.1 (carried),,,
dist/brand/icons/dark/athar-icon-delegate-256.webp,4 icon-system,delegate,256 x 256,2010,f8574c8b71a78a82ceadb6c8f8a2ac50f8c587f21398aa8cf557547efe3da601,resvg-js 2.6.2 + sharp 0.34.3 (WebP),"rendered-assets-v1.5.0/dist/brand/icons/official/delegate-{16,20,24,32,48}.svg (<- Athar_Package 05 Web & Product/Icons/SVG)",2026-09-30T01:33:27Z,PASS,,reversed,transparent,1,webp,v1.5.1 (carried),,,
dist/brand/icons/dark/athar-icon-delegate-512.png,4 icon-system,delegate,512 x 512,8522,598d28289970d60b45a2c83cfa491a67c646ea9d55f05f1fa2fef9d3efcc0508,resvg-js 2.6.2 (resvg 0.40.0) + sharp 0.34.3/libvips 8.17.1,"rendered-assets-v1.5.0/dist/brand/icons/official/delegate-{16,20,24,32,48}.svg (<- Athar_Package 05 Web & Product/Icons/SVG)",2026-09-30T01:33:27Z,PASS,,reversed,transparent,1,png,v1.5.1 (carried),,,
dist/brand/icons/dark/athar-icon-delegate-512.webp,4 icon-system,delegate,512 x 512,3266,a6bde8538371502098c16bcf0e039a59d08e216a5a655884cd7a0ad082a83316,resvg-js 2.6.2 + sharp 0.34.3 (WebP),"rendered-assets-v1.5.0/dist/brand/icons/official/delegate-{16,20,24,32,48}.svg (<- Athar_Package 05 Web & Product/Icons/SVG)",2026-09-30T01:33:27Z,PASS,,reversed,transparent,1,webp,v1.5.1 (carried),,,
dist/brand/icons/svg/athar-icon-delegate-24.svg,4 icon-system,delegate,24 x 24,331,772d45af48ea44ca05bd1bd92a68729ff1d7b3fe13cb5c5041fbb13d6d79a00c,svgo 4.1.0 (safe config),"rendered-assets-v1.5.0/dist/brand/icons/official/delegate-{16,20,24,32,48}.svg (<- Athar_Package 05 Web & Product/Icons/SVG)",2026-09-30T01:33:32Z,PASS,,currentColor,transparent,1,svg,v1.5.1 (carried),,,
dist/brand/icons/light/athar-icon-education-16.png,4 icon-system,education,16 x 16,824,3f41cad0f98e16d4f791ddc347a67a1c33b7c2d9bfdecabe49f616c6095fe6c5,resvg-js 2.6.2 (resvg 0.40.0) + sharp 0.34.3/libvips 8.17.1,"rendered-assets-v1.5.0/dist/brand/icons/official/education-{16,20,24,32,48}.svg (<- Athar_Package 05 Web & Product/Icons/SVG)",2026-09-30T01:33:27Z,PASS,,navy,transparent,1,png,v1.5.1 (carried),,,
dist/brand/icons/light/athar-icon-education-16.webp,4 icon-system,education,16 x 16,846,34ac77c76b19716968b2eac4b6431a464cffc043561445bbd61fa921512c2a1e,resvg-js 2.6.2 + sharp 0.34.3 (WebP),"rendered-assets-v1.5.0/dist/brand/icons/official/education-{16,20,24,32,48}.svg (<- Athar_Package 05 Web & Product/Icons/SVG)",2026-09-30T01:33:27Z,PASS,,navy,transparent,1,webp,v1.5.1 (carried),,,
dist/brand/icons/light/athar-icon-education-20.png,4 icon-system,education,20 x 20,885,b00cbf3ea27e21e1ee94f42216a53784714c8cfc603d38f469bb8dd4abdfd7aa,resvg-js 2.6.2 (resvg 0.40.0) + sharp 0.34.3/libvips 8.17.1,"rendered-assets-v1.5.0/dist/brand/icons/official/education-{16,20,24,32,48}.svg (<- Athar_Package 05 Web & Product/Icons/SVG)",2026-09-30T01:33:27Z,PASS,,navy,transparent,1,png,v1.5.1 (carried),,,
dist/brand/icons/light/athar-icon-education-20.webp,4 icon-system,education,20 x 20,862,76d57c9af515d6ed08834f8858ad672863e35fc7ae9421835527aa9d9bf52695,resvg-js 2.6.2 + sharp 0.34.3 (WebP),"rendered-assets-v1.5.0/dist/brand/icons/official/education-{16,20,24,32,48}.svg (<- Athar_Package 05 Web & Product/Icons/SVG)",2026-09-30T01:33:27Z,PASS,,navy,transparent,1,webp,v1.5.1 (carried),,,
dist/brand/icons/light/athar-icon-education-24.png,4 icon-system,education,24 x 24,923,2143294be3bde86a0cf2dc21a67aa1672502ef885f46fa4499aa6e1a2dee72d5,resvg-js 2.6.2 (resvg 0.40.0) + sharp 0.34.3/libvips 8.17.1,"rendered-assets-v1.5.0/dist/brand/icons/official/education-{16,20,24,32,48}.svg (<- Athar_Package 05 Web & Product/Icons/SVG)",2026-09-30T01:33:27Z,PASS,,navy,transparent,1,png,v1.5.1 (carried),,,
dist/brand/icons/light/athar-icon-education-24.webp,4 icon-system,education,24 x 24,878,4189b92ceed7379d15258cb459b76b30885670ceee8f8f4e5987098ef09cc1f9,resvg-js 2.6.2 + sharp 0.34.3 (WebP),"rendered-assets-v1.5.0/dist/brand/icons/official/education-{16,20,24,32,48}.svg (<- Athar_Package 05 Web & Product/Icons/SVG)",2026-09-30T01:33:27Z,PASS,,navy,transparent,1,webp,v1.5.1 (carried),,,
dist/brand/icons/light/athar-icon-education-32.png,4 icon-system,education,32 x 32,997,aee64cf80badf9db2f7fbb06a9209d2b39b24f21e21280cadf80fc80710c2f5a,resvg-js 2.6.2 (resvg 0.40.0) + sharp 0.34.3/libvips 8.17.1,"rendered-assets-v1.5.0/dist/brand/icons/official/education-{16,20,24,32,48}.svg (<- Athar_Package 05 Web & Product/Icons/SVG)",2026-09-30T01:33:28Z,PASS,,navy,transparent,1,png,v1.5.1 (carried),,,
dist/brand/icons/light/athar-icon-education-32.webp,4 icon-system,education,32 x 32,906,095fb4e0765f237c37f419ca97b8ab3ce7ffd3402f17a27a210f520cd70a4458,resvg-js 2.6.2 + sharp 0.34.3 (WebP),"rendered-assets-v1.5.0/dist/brand/icons/official/education-{16,20,24,32,48}.svg (<- Athar_Package 05 Web & Product/Icons/SVG)",2026-09-30T01:33:28Z,PASS,,navy,transparent,1,webp,v1.5.1 (carried),,,
dist/brand/icons/light/athar-icon-education-48.png,4 icon-system,education,48 x 48,1100,21843630caa92d3cc96858790c34d57c523b7628edb3ae8f0c64e129e31b8928,resvg-js 2.6.2 (resvg 0.40.0) + sharp 0.34.3/libvips 8.17.1,"rendered-assets-v1.5.0/dist/brand/icons/official/education-{16,20,24,32,48}.svg (<- Athar_Package 05 Web & Product/Icons/SVG)",2026-09-30T01:33:28Z,PASS,,navy,transparent,1,png,v1.5.1 (carried),,,
dist/brand/icons/light/athar-icon-education-48.webp,4 icon-system,education,48 x 48,932,e2d9985b98a347c22c49185d91103eb569818c4089e350fd31814759baa10c31,resvg-js 2.6.2 + sharp 0.34.3 (WebP),"rendered-assets-v1.5.0/dist/brand/icons/official/education-{16,20,24,32,48}.svg (<- Athar_Package 05 Web & Product/Icons/SVG)",2026-09-30T01:33:28Z,PASS,,navy,transparent,1,webp,v1.5.1 (carried),,,
dist/brand/icons/light/athar-icon-education-64.png,4 icon-system,education,64 x 64,1245,78ed7d679a9fdaf5b636309f161a00a5465bd0dc2a9d841a342d9be7dcabb49d,resvg-js 2.6.2 (resvg 0.40.0) + sharp 0.34.3/libvips 8.17.1,"rendered-assets-v1.5.0/dist/brand/icons/official/education-{16,20,24,32,48}.svg (<- Athar_Package 05 Web & Product/Icons/SVG)",2026-09-30T01:33:28Z,PASS,,navy,transparent,1,png,v1.5.1 (carried),,,
dist/brand/icons/light/athar-icon-education-64.webp,4 icon-system,education,64 x 64,980,0b9296603780d58f2313385d19dd2ea51270145f2d3dca1249bbdc43bbebf9f5,resvg-js 2.6.2 + sharp 0.34.3 (WebP),"rendered-assets-v1.5.0/dist/brand/icons/official/education-{16,20,24,32,48}.svg (<- Athar_Package 05 Web & Product/Icons/SVG)",2026-09-30T01:33:28Z,PASS,,navy,transparent,1,webp,v1.5.1 (carried),,,
dist/brand/icons/light/athar-icon-education-128.png,4 icon-system,education,128 x 128,2005,89656a293b35735e31a33da4e8254ffe70edc8ca48d76508cd1ee7c8748e13fb,resvg-js 2.6.2 (resvg 0.40.0) + sharp 0.34.3/libvips 8.17.1,"rendered-assets-v1.5.0/dist/brand/icons/official/education-{16,20,24,32,48}.svg (<- Athar_Package 05 Web & Product/Icons/SVG)",2026-09-30T01:33:28Z,PASS,,navy,transparent,1,png,v1.5.1 (carried),,,
dist/brand/icons/light/athar-icon-education-128.webp,4 icon-system,education,128 x 128,1138,575e0065b4024472e8229e5d5903722acb5cfaa0bd596382b0866c682ce31124,resvg-js 2.6.2 + sharp 0.34.3 (WebP),"rendered-assets-v1.5.0/dist/brand/icons/official/education-{16,20,24,32,48}.svg (<- Athar_Package 05 Web & Product/Icons/SVG)",2026-09-30T01:33:28Z,PASS,,navy,transparent,1,webp,v1.5.1 (carried),,,
dist/brand/icons/light/athar-icon-education-256.png,4 icon-system,education,256 x 256,3582,7e07c4e0d9d03672bc679708e77689b12f642cacb8a150fd564ee8f6621e8ba3,resvg-js 2.6.2 (resvg 0.40.0) + sharp 0.34.3/libvips 8.17.1,"rendered-assets-v1.5.0/dist/brand/icons/official/education-{16,20,24,32,48}.svg (<- Athar_Package 05 Web & Product/Icons/SVG)",2026-09-30T01:33:28Z,PASS,,navy,transparent,1,png,v1.5.1 (carried),,,
dist/brand/icons/light/athar-icon-education-256.webp,4 icon-system,education,256 x 256,1522,25fb3c32747a0644ca695919bc6987fbd48bbe11dea7cf730d4108dc2898846e,resvg-js 2.6.2 + sharp 0.34.3 (WebP),"rendered-assets-v1.5.0/dist/brand/icons/official/education-{16,20,24,32,48}.svg (<- Athar_Package 05 Web & Product/Icons/SVG)",2026-09-30T01:33:28Z,PASS,,navy,transparent,1,webp,v1.5.1 (carried),,,
dist/brand/icons/light/athar-icon-education-512.png,4 icon-system,education,512 x 512,6510,6eaa8738ea6038afab4ed31fef24190e323ba0fa75e37e9915744a30384cfa79,resvg-js 2.6.2 (resvg 0.40.0) + sharp 0.34.3/libvips 8.17.1,"rendered-assets-v1.5.0/dist/brand/icons/official/education-{16,20,24,32,48}.svg (<- Athar_Package 05 Web & Product/Icons/SVG)",2026-09-30T01:33:28Z,PASS,,navy,transparent,1,png,v1.5.1 (carried),,,
dist/brand/icons/light/athar-icon-education-512.webp,4 icon-system,education,512 x 512,2286,d8d02cd17e18d942b4bb59e992ea818fefba691490803c73858017b7fd4de16e,resvg-js 2.6.2 + sharp 0.34.3 (WebP),"rendered-assets-v1.5.0/dist/brand/icons/official/education-{16,20,24,32,48}.svg (<- Athar_Package 05 Web & Product/Icons/SVG)",2026-09-30T01:33:28Z,PASS,,navy,transparent,1,webp,v1.5.1 (carried),,,
dist/brand/icons/dark/athar-icon-education-16.png,4 icon-system,education,16 x 16,822,e26d661f79f9037786ed952689e71dae8a75675d14b0534471d0b8b7510f682a,resvg-js 2.6.2 (resvg 0.40.0) + sharp 0.34.3/libvips 8.17.1,"rendered-assets-v1.5.0/dist/brand/icons/official/education-{16,20,24,32,48}.svg (<- Athar_Package 05 Web & Product/Icons/SVG)",2026-09-30T01:33:28Z,PASS,,reversed,transparent,1,png,v1.5.1 (carried),,,
dist/brand/icons/dark/athar-icon-education-16.webp,4 icon-system,education,16 x 16,840,7db2aa392f596ba5fe4a2c5f969694dc10a5eaaaad89a7150b87f985f046d77d,resvg-js 2.6.2 + sharp 0.34.3 (WebP),"rendered-assets-v1.5.0/dist/brand/icons/official/education-{16,20,24,32,48}.svg (<- Athar_Package 05 Web & Product/Icons/SVG)",2026-09-30T01:33:28Z,PASS,,reversed,transparent,1,webp,v1.5.1 (carried),,,
dist/brand/icons/dark/athar-icon-education-20.png,4 icon-system,education,20 x 20,873,016415a619b645b3f52baab1af76c719ac8d67b09a807a1e7c36824ccf7e2cde,resvg-js 2.6.2 (resvg 0.40.0) + sharp 0.34.3/libvips 8.17.1,"rendered-assets-v1.5.0/dist/brand/icons/official/education-{16,20,24,32,48}.svg (<- Athar_Package 05 Web & Product/Icons/SVG)",2026-09-30T01:33:28Z,PASS,,reversed,transparent,1,png,v1.5.1 (carried),,,
dist/brand/icons/dark/athar-icon-education-20.webp,4 icon-system,education,20 x 20,858,51d6bdac5ecd627476c7b893d37ad4bf681e824aba2984f5a632cd4aecc77b0f,resvg-js 2.6.2 + sharp 0.34.3 (WebP),"rendered-assets-v1.5.0/dist/brand/icons/official/education-{16,20,24,32,48}.svg (<- Athar_Package 05 Web & Product/Icons/SVG)",2026-09-30T01:33:28Z,PASS,,reversed,transparent,1,webp,v1.5.1 (carried),,,
dist/brand/icons/dark/athar-icon-education-24.png,4 icon-system,education,24 x 24,913,43a81b60c019db4f09f56cb0085760b65b1c50851a7a120205f6ccca0e3927b4,resvg-js 2.6.2 (resvg 0.40.0) + sharp 0.34.3/libvips 8.17.1,"rendered-assets-v1.5.0/dist/brand/icons/official/education-{16,20,24,32,48}.svg (<- Athar_Package 05 Web & Product/Icons/SVG)",2026-09-30T01:33:28Z,PASS,,reversed,transparent,1,png,v1.5.1 (carried),,,
dist/brand/icons/dark/athar-icon-education-24.webp,4 icon-system,education,24 x 24,880,10b09fc89bc3feded63697475bb9762f7c765fe205369a2cb070558dfded4cfe,resvg-js 2.6.2 + sharp 0.34.3 (WebP),"rendered-assets-v1.5.0/dist/brand/icons/official/education-{16,20,24,32,48}.svg (<- Athar_Package 05 Web & Product/Icons/SVG)",2026-09-30T01:33:28Z,PASS,,reversed,transparent,1,webp,v1.5.1 (carried),,,
dist/brand/icons/dark/athar-icon-education-32.png,4 icon-system,education,32 x 32,997,c42d61f8a71fb07060756ef155c24750fb433076b67eee09a5d3074033a0d277,resvg-js 2.6.2 (resvg 0.40.0) + sharp 0.34.3/libvips 8.17.1,"rendered-assets-v1.5.0/dist/brand/icons/official/education-{16,20,24,32,48}.svg (<- Athar_Package 05 Web & Product/Icons/SVG)",2026-09-30T01:33:28Z,PASS,,reversed,transparent,1,png,v1.5.1 (carried),,,
dist/brand/icons/dark/athar-icon-education-32.webp,4 icon-system,education,32 x 32,906,0d461c57e4c81d3f94f67a4dab14fc0ef0bb1badcab2151ee04a18b301d1137e,resvg-js 2.6.2 + sharp 0.34.3 (WebP),"rendered-assets-v1.5.0/dist/brand/icons/official/education-{16,20,24,32,48}.svg (<- Athar_Package 05 Web & Product/Icons/SVG)",2026-09-30T01:33:28Z,PASS,,reversed,transparent,1,webp,v1.5.1 (carried),,,
dist/brand/icons/dark/athar-icon-education-48.png,4 icon-system,education,48 x 48,1100,60957e7fcc4a52e28180b2a8c33676a02e820d8e8110b733fa885f0634de0fdd,resvg-js 2.6.2 (resvg 0.40.0) + sharp 0.34.3/libvips 8.17.1,"rendered-assets-v1.5.0/dist/brand/icons/official/education-{16,20,24,32,48}.svg (<- Athar_Package 05 Web & Product/Icons/SVG)",2026-09-30T01:33:28Z,PASS,,reversed,transparent,1,png,v1.5.1 (carried),,,
dist/brand/icons/dark/athar-icon-education-48.webp,4 icon-system,education,48 x 48,940,b687f1b8fb78cf93c6a69b78a1929f218c88f5e90d96a97049193da91a65f1a2,resvg-js 2.6.2 + sharp 0.34.3 (WebP),"rendered-assets-v1.5.0/dist/brand/icons/official/education-{16,20,24,32,48}.svg (<- Athar_Package 05 Web & Product/Icons/SVG)",2026-09-30T01:33:28Z,PASS,,reversed,transparent,1,webp,v1.5.1 (carried),,,
dist/brand/icons/dark/athar-icon-education-64.png,4 icon-system,education,64 x 64,1239,a4d3f49469a474ec0f138f99f96b8131c4c4b2c88da5ebe7493fe285f49ece94,resvg-js 2.6.2 (resvg 0.40.0) + sharp 0.34.3/libvips 8.17.1,"rendered-assets-v1.5.0/dist/brand/icons/official/education-{16,20,24,32,48}.svg (<- Athar_Package 05 Web & Product/Icons/SVG)",2026-09-30T01:33:28Z,PASS,,reversed,transparent,1,png,v1.5.1 (carried),,,
dist/brand/icons/dark/athar-icon-education-64.webp,4 icon-system,education,64 x 64,982,2b9f052a19927b3ea0b8398ba75ac08d3c5a88e758d5db3ee47e8ffd7b17c504,resvg-js 2.6.2 + sharp 0.34.3 (WebP),"rendered-assets-v1.5.0/dist/brand/icons/official/education-{16,20,24,32,48}.svg (<- Athar_Package 05 Web & Product/Icons/SVG)",2026-09-30T01:33:28Z,PASS,,reversed,transparent,1,webp,v1.5.1 (carried),,,
dist/brand/icons/dark/athar-icon-education-128.png,4 icon-system,education,128 x 128,1966,7aaf13de78329b441ea21763b33548216564e12e6d95b9fa41ee2f1ab6d87244,resvg-js 2.6.2 (resvg 0.40.0) + sharp 0.34.3/libvips 8.17.1,"rendered-assets-v1.5.0/dist/brand/icons/official/education-{16,20,24,32,48}.svg (<- Athar_Package 05 Web & Product/Icons/SVG)",2026-09-30T01:33:28Z,PASS,,reversed,transparent,1,png,v1.5.1 (carried),,,
dist/brand/icons/dark/athar-icon-education-128.webp,4 icon-system,education,128 x 128,1144,c99c929c4d07d24c7ddac90b1ac8771b3045244c53d8571ea221a008d1ba44e7,resvg-js 2.6.2 + sharp 0.34.3 (WebP),"rendered-assets-v1.5.0/dist/brand/icons/official/education-{16,20,24,32,48}.svg (<- Athar_Package 05 Web & Product/Icons/SVG)",2026-09-30T01:33:28Z,PASS,,reversed,transparent,1,webp,v1.5.1 (carried),,,
dist/brand/icons/dark/athar-icon-education-256.png,4 icon-system,education,256 x 256,3404,debc10522520aa3a713c973d317cb6c891fd42b82faaca5e397a3f287b326810,resvg-js 2.6.2 (resvg 0.40.0) + sharp 0.34.3/libvips 8.17.1,"rendered-assets-v1.5.0/dist/brand/icons/official/education-{16,20,24,32,48}.svg (<- Athar_Package 05 Web & Product/Icons/SVG)",2026-09-30T01:33:28Z,PASS,,reversed,transparent,1,png,v1.5.1 (carried),,,
dist/brand/icons/dark/athar-icon-education-256.webp,4 icon-system,education,256 x 256,1522,ba8913bc5d2884ccdeea508cdff8be4eccf6fae299f3b4c6cbb4ccdff00dffd3,resvg-js 2.6.2 + sharp 0.34.3 (WebP),"rendered-assets-v1.5.0/dist/brand/icons/official/education-{16,20,24,32,48}.svg (<- Athar_Package 05 Web & Product/Icons/SVG)",2026-09-30T01:33:28Z,PASS,,reversed,transparent,1,webp,v1.5.1 (carried),,,
dist/brand/icons/dark/athar-icon-education-512.png,4 icon-system,education,512 x 512,6332,7f1b77d3321dfdea48e2e19e08c7411f2d21e29babab876b1ade5ea7247daa45,resvg-js 2.6.2 (resvg 0.40.0) + sharp 0.34.3/libvips 8.17.1,"rendered-assets-v1.5.0/dist/brand/icons/official/education-{16,20,24,32,48}.svg (<- Athar_Package 05 Web & Product/Icons/SVG)",2026-09-30T01:33:28Z,PASS,,reversed,transparent,1,png,v1.5.1 (carried),,,
dist/brand/icons/dark/athar-icon-education-512.webp,4 icon-system,education,512 x 512,2362,5a3f140a4b66809833fb58f3bd0054fe5b169a4fc29377cf39882763585f544e,resvg-js 2.6.2 + sharp 0.34.3 (WebP),"rendered-assets-v1.5.0/dist/brand/icons/official/education-{16,20,24,32,48}.svg (<- Athar_Package 05 Web & Product/Icons/SVG)",2026-09-30T01:33:28Z,PASS,,reversed,transparent,1,webp,v1.5.1 (carried),,,
dist/brand/icons/svg/athar-icon-education-24.svg,4 icon-system,education,24 x 24,314,ba19c38c221c30fdfd8cb1b10373afa372325bacc164d7db8da98969ba2f0e24,svgo 4.1.0 (safe config),"rendered-assets-v1.5.0/dist/brand/icons/official/education-{16,20,24,32,48}.svg (<- Athar_Package 05 Web & Product/Icons/SVG)",2026-09-30T01:33:32Z,PASS,,currentColor,transparent,1,svg,v1.5.1 (carried),,,
dist/brand/icons/light/athar-icon-government-16.png,4 icon-system,government,16 x 16,877,ad96390c161f8a850b608ede227ad64eff4d715a005f75d5f3ea38469c344489,resvg-js 2.6.2 (resvg 0.40.0) + sharp 0.34.3/libvips 8.17.1,"rendered-assets-v1.5.0/dist/brand/icons/official/government-{16,20,24,32,48}.svg (<- Athar_Package 05 Web & Product/Icons/SVG)",2026-09-30T01:33:28Z,PASS,,navy,transparent,1,png,v1.5.1 (carried),,,
dist/brand/icons/light/athar-icon-government-16.webp,4 icon-system,government,16 x 16,862,c23f5e3de48dd807cdfc6527736a18685f5e00cd61ef8eb442ab78d77eea9752,resvg-js 2.6.2 + sharp 0.34.3 (WebP),"rendered-assets-v1.5.0/dist/brand/icons/official/government-{16,20,24,32,48}.svg (<- Athar_Package 05 Web & Product/Icons/SVG)",2026-09-30T01:33:28Z,PASS,,navy,transparent,1,webp,v1.5.1 (carried),,,
dist/brand/icons/light/athar-icon-government-20.png,4 icon-system,government,20 x 20,963,4353bf82b239247569f7c5ae81c92f8c14e8192e097e0229d5cd0807944c8779,resvg-js 2.6.2 (resvg 0.40.0) + sharp 0.34.3/libvips 8.17.1,"rendered-assets-v1.5.0/dist/brand/icons/official/government-{16,20,24,32,48}.svg (<- Athar_Package 05 Web & Product/Icons/SVG)",2026-09-30T01:33:28Z,PASS,,navy,transparent,1,png,v1.5.1 (carried),,,
dist/brand/icons/light/athar-icon-government-20.webp,4 icon-system,government,20 x 20,884,0c11f2899d5f91cab7d69af263f6d67b82b2eac01c03b42900c297c1fd63bd0d,resvg-js 2.6.2 + sharp 0.34.3 (WebP),"rendered-assets-v1.5.0/dist/brand/icons/official/government-{16,20,24,32,48}.svg (<- Athar_Package 05 Web & Product/Icons/SVG)",2026-09-30T01:33:28Z,PASS,,navy,transparent,1,webp,v1.5.1 (carried),,,
dist/brand/icons/light/athar-icon-government-24.png,4 icon-system,government,24 x 24,957,bc4cb39fad90d20e3450d19a37331fe0cad74ce4fb17d9ac2e83c3ecfcdaa28e,resvg-js 2.6.2 (resvg 0.40.0) + sharp 0.34.3/libvips 8.17.1,"rendered-assets-v1.5.0/dist/brand/icons/official/government-{16,20,24,32,48}.svg (<- Athar_Package 05 Web & Product/Icons/SVG)",2026-09-30T01:33:28Z,PASS,,navy,transparent,1,png,v1.5.1 (carried),,,
dist/brand/icons/light/athar-icon-government-24.webp,4 icon-system,government,24 x 24,890,40acf80eccf05b08ede8394b6ef198e366410084e172d474e50b469447b834b6,resvg-js 2.6.2 + sharp 0.34.3 (WebP),"rendered-assets-v1.5.0/dist/brand/icons/official/government-{16,20,24,32,48}.svg (<- Athar_Package 05 Web & Product/Icons/SVG)",2026-09-30T01:33:28Z,PASS,,navy,transparent,1,webp,v1.5.1 (carried),,,
dist/brand/icons/light/athar-icon-government-32.png,4 icon-system,government,32 x 32,1080,cf79eb940604a39d378c0af1acb2554f9a15278b5cd4e3abf399a13498daa940,resvg-js 2.6.2 (resvg 0.40.0) + sharp 0.34.3/libvips 8.17.1,"rendered-assets-v1.5.0/dist/brand/icons/official/government-{16,20,24,32,48}.svg (<- Athar_Package 05 Web & Product/Icons/SVG)",2026-09-30T01:33:28Z,PASS,,navy,transparent,1,png,v1.5.1 (carried),,,
dist/brand/icons/light/athar-icon-government-32.webp,4 icon-system,government,32 x 32,938,b5dd56f2d07ec4c0eeaa17ccd360446b773b75a33a7f0a3dc1a7c98b5f929b38,resvg-js 2.6.2 + sharp 0.34.3 (WebP),"rendered-assets-v1.5.0/dist/brand/icons/official/government-{16,20,24,32,48}.svg (<- Athar_Package 05 Web & Product/Icons/SVG)",2026-09-30T01:33:28Z,PASS,,navy,transparent,1,webp,v1.5.1 (carried),,,
dist/brand/icons/light/athar-icon-government-48.png,4 icon-system,government,48 x 48,1088,27a2b6ff5e40f28eb643e6aae2f963d09e84c7bce0e327a36b9e1038053037af,resvg-js 2.6.2 (resvg 0.40.0) + sharp 0.34.3/libvips 8.17.1,"rendered-assets-v1.5.0/dist/brand/icons/official/government-{16,20,24,32,48}.svg (<- Athar_Package 05 Web & Product/Icons/SVG)",2026-09-30T01:33:28Z,PASS,,navy,transparent,1,png,v1.5.1 (carried),,,
dist/brand/icons/light/athar-icon-government-48.webp,4 icon-system,government,48 x 48,966,9b403e5fac8850ac25dceb2e99b6901a7dd4db630952e803cdfed5dbac890060,resvg-js 2.6.2 + sharp 0.34.3 (WebP),"rendered-assets-v1.5.0/dist/brand/icons/official/government-{16,20,24,32,48}.svg (<- Athar_Package 05 Web & Product/Icons/SVG)",2026-09-30T01:33:28Z,PASS,,navy,transparent,1,webp,v1.5.1 (carried),,,
dist/brand/icons/light/athar-icon-government-64.png,4 icon-system,government,64 x 64,1337,4f1bb88ae1cf3c48773e29c50a5eaad70ee8ac25cfeac17f4f327e46a5c4ef2a,resvg-js 2.6.2 (resvg 0.40.0) + sharp 0.34.3/libvips 8.17.1,"rendered-assets-v1.5.0/dist/brand/icons/official/government-{16,20,24,32,48}.svg (<- Athar_Package 05 Web & Product/Icons/SVG)",2026-09-30T01:33:28Z,PASS,,navy,transparent,1,png,v1.5.1 (carried),,,
dist/brand/icons/light/athar-icon-government-64.webp,4 icon-system,government,64 x 64,1032,1635de1ba768e0d4ba38fe0622195135caa2b80356d951fa8eca690133f1dadf,resvg-js 2.6.2 + sharp 0.34.3 (WebP),"rendered-assets-v1.5.0/dist/brand/icons/official/government-{16,20,24,32,48}.svg (<- Athar_Package 05 Web & Product/Icons/SVG)",2026-09-30T01:33:28Z,PASS,,navy,transparent,1,webp,v1.5.1 (carried),,,
dist/brand/icons/light/athar-icon-government-128.png,4 icon-system,government,128 x 128,1794,e65f134e7302868c452bc2977007b70ceae11f6f2cf962864254d6aa140c39cb,resvg-js 2.6.2 (resvg 0.40.0) + sharp 0.34.3/libvips 8.17.1,"rendered-assets-v1.5.0/dist/brand/icons/official/government-{16,20,24,32,48}.svg (<- Athar_Package 05 Web & Product/Icons/SVG)",2026-09-30T01:33:28Z,PASS,,navy,transparent,1,png,v1.5.1 (carried),,,
dist/brand/icons/light/athar-icon-government-128.webp,4 icon-system,government,128 x 128,1218,8d13a3de107fe4ab96aa7a6a413cbca01160d8c41212e95ab165e561ab138fd0,resvg-js 2.6.2 + sharp 0.34.3 (WebP),"rendered-assets-v1.5.0/dist/brand/icons/official/government-{16,20,24,32,48}.svg (<- Athar_Package 05 Web & Product/Icons/SVG)",2026-09-30T01:33:28Z,PASS,,navy,transparent,1,webp,v1.5.1 (carried),,,
dist/brand/icons/light/athar-icon-government-256.png,4 icon-system,government,256 x 256,3090,a52135fdd2b5c90c1bad5a5f803ab344acc0ffaaf63a525a5a0c3c48b083c66f,resvg-js 2.6.2 (resvg 0.40.0) + sharp 0.34.3/libvips 8.17.1,"rendered-assets-v1.5.0/dist/brand/icons/official/government-{16,20,24,32,48}.svg (<- Athar_Package 05 Web & Product/Icons/SVG)",2026-09-30T01:33:28Z,PASS,,navy,transparent,1,png,v1.5.1 (carried),,,
dist/brand/icons/light/athar-icon-government-256.webp,4 icon-system,government,256 x 256,1612,0ad1deabccd1055a9eebb7daa0421ddd11512088f598c5439114de37e9b6a28f,resvg-js 2.6.2 + sharp 0.34.3 (WebP),"rendered-assets-v1.5.0/dist/brand/icons/official/government-{16,20,24,32,48}.svg (<- Athar_Package 05 Web & Product/Icons/SVG)",2026-09-30T01:33:28Z,PASS,,navy,transparent,1,webp,v1.5.1 (carried),,,
dist/brand/icons/light/athar-icon-government-512.png,4 icon-system,government,512 x 512,5775,3cb75a3b6fa53802a3245b6fbe5403933f30b0bfb31bc5562d96f672a3c5d6a5,resvg-js 2.6.2 (resvg 0.40.0) + sharp 0.34.3/libvips 8.17.1,"rendered-assets-v1.5.0/dist/brand/icons/official/government-{16,20,24,32,48}.svg (<- Athar_Package 05 Web & Product/Icons/SVG)",2026-09-30T01:33:28Z,PASS,,navy,transparent,1,png,v1.5.1 (carried),,,
dist/brand/icons/light/athar-icon-government-512.webp,4 icon-system,government,512 x 512,2426,84f59cc4d21e6c300a396119e356b0f035b83b79c71ab5d0bc7defdcc1e8a6e4,resvg-js 2.6.2 + sharp 0.34.3 (WebP),"rendered-assets-v1.5.0/dist/brand/icons/official/government-{16,20,24,32,48}.svg (<- Athar_Package 05 Web & Product/Icons/SVG)",2026-09-30T01:33:28Z,PASS,,navy,transparent,1,webp,v1.5.1 (carried),,,
dist/brand/icons/dark/athar-icon-government-16.png,4 icon-system,government,16 x 16,862,76dcf07c6cf54ae69872a9965855b112a20e4c026b194ce7b65d1b12a8e2dd78,resvg-js 2.6.2 (resvg 0.40.0) + sharp 0.34.3/libvips 8.17.1,"rendered-assets-v1.5.0/dist/brand/icons/official/government-{16,20,24,32,48}.svg (<- Athar_Package 05 Web & Product/Icons/SVG)",2026-09-30T01:33:28Z,PASS,,reversed,transparent,1,png,v1.5.1 (carried),,,
dist/brand/icons/dark/athar-icon-government-16.webp,4 icon-system,government,16 x 16,866,e1227b2a4c45a1340f5a8ab461d7022e04fbf2662f667d0e4d87c3deafdc9fa4,resvg-js 2.6.2 + sharp 0.34.3 (WebP),"rendered-assets-v1.5.0/dist/brand/icons/official/government-{16,20,24,32,48}.svg (<- Athar_Package 05 Web & Product/Icons/SVG)",2026-09-30T01:33:28Z,PASS,,reversed,transparent,1,webp,v1.5.1 (carried),,,
dist/brand/icons/dark/athar-icon-government-20.png,4 icon-system,government,20 x 20,936,b58878d211bb415b4b7ac0aa603b67ba31352040e987dd7645b3fb13b6bd3ab8,resvg-js 2.6.2 (resvg 0.40.0) + sharp 0.34.3/libvips 8.17.1,"rendered-assets-v1.5.0/dist/brand/icons/official/government-{16,20,24,32,48}.svg (<- Athar_Package 05 Web & Product/Icons/SVG)",2026-09-30T01:33:28Z,PASS,,reversed,transparent,1,png,v1.5.1 (carried),,,
dist/brand/icons/dark/athar-icon-government-20.webp,4 icon-system,government,20 x 20,886,2140a3b939a68922c1f84cd321420a90f28aa185ddf4b1aa2b8b37a2248b620c,resvg-js 2.6.2 + sharp 0.34.3 (WebP),"rendered-assets-v1.5.0/dist/brand/icons/official/government-{16,20,24,32,48}.svg (<- Athar_Package 05 Web & Product/Icons/SVG)",2026-09-30T01:33:28Z,PASS,,reversed,transparent,1,webp,v1.5.1 (carried),,,
dist/brand/icons/dark/athar-icon-government-24.png,4 icon-system,government,24 x 24,948,7880b9e585d7b9e1639ff57a7894c849fbcb7d46bd19c57d917754764a149f67,resvg-js 2.6.2 (resvg 0.40.0) + sharp 0.34.3/libvips 8.17.1,"rendered-assets-v1.5.0/dist/brand/icons/official/government-{16,20,24,32,48}.svg (<- Athar_Package 05 Web & Product/Icons/SVG)",2026-09-30T01:33:28Z,PASS,,reversed,transparent,1,png,v1.5.1 (carried),,,
dist/brand/icons/dark/athar-icon-government-24.webp,4 icon-system,government,24 x 24,890,7ee9526b0f04cc965262acc5dcec8f4293d956630b26b99d7aaf4259d9df3b94,resvg-js 2.6.2 + sharp 0.34.3 (WebP),"rendered-assets-v1.5.0/dist/brand/icons/official/government-{16,20,24,32,48}.svg (<- Athar_Package 05 Web & Product/Icons/SVG)",2026-09-30T01:33:28Z,PASS,,reversed,transparent,1,webp,v1.5.1 (carried),,,
dist/brand/icons/dark/athar-icon-government-32.png,4 icon-system,government,32 x 32,1075,ae7f1697b35fe0119c4240b5f3190cd63e903264a4e732472c1f61a59f12ecec,resvg-js 2.6.2 (resvg 0.40.0) + sharp 0.34.3/libvips 8.17.1,"rendered-assets-v1.5.0/dist/brand/icons/official/government-{16,20,24,32,48}.svg (<- Athar_Package 05 Web & Product/Icons/SVG)",2026-09-30T01:33:28Z,PASS,,reversed,transparent,1,png,v1.5.1 (carried),,,
dist/brand/icons/dark/athar-icon-government-32.webp,4 icon-system,government,32 x 32,942,299526d8f028c38b18e5a1deb95085cd624a046842d53e8ee28c98e1c9f0adb5,resvg-js 2.6.2 + sharp 0.34.3 (WebP),"rendered-assets-v1.5.0/dist/brand/icons/official/government-{16,20,24,32,48}.svg (<- Athar_Package 05 Web & Product/Icons/SVG)",2026-09-30T01:33:28Z,PASS,,reversed,transparent,1,webp,v1.5.1 (carried),,,
dist/brand/icons/dark/athar-icon-government-48.png,4 icon-system,government,48 x 48,1119,bb850c78916f5634ddda21e1a4c9c3296b35e0983a1bcc3175dfa01474e692ff,resvg-js 2.6.2 (resvg 0.40.0) + sharp 0.34.3/libvips 8.17.1,"rendered-assets-v1.5.0/dist/brand/icons/official/government-{16,20,24,32,48}.svg (<- Athar_Package 05 Web & Product/Icons/SVG)",2026-09-30T01:33:28Z,PASS,,reversed,transparent,1,png,v1.5.1 (carried),,,
dist/brand/icons/dark/athar-icon-government-48.webp,4 icon-system,government,48 x 48,962,584dba5435872572ac2414a84c1fde44d35a115a2ea2483cb11ea20a3af14883,resvg-js 2.6.2 + sharp 0.34.3 (WebP),"rendered-assets-v1.5.0/dist/brand/icons/official/government-{16,20,24,32,48}.svg (<- Athar_Package 05 Web & Product/Icons/SVG)",2026-09-30T01:33:28Z,PASS,,reversed,transparent,1,webp,v1.5.1 (carried),,,
dist/brand/icons/dark/athar-icon-government-64.png,4 icon-system,government,64 x 64,1318,ea91d0b52e5cd82875d59f5c7f1ab7b4319db25b4e49efd49f2c6493e2a175dd,resvg-js 2.6.2 (resvg 0.40.0) + sharp 0.34.3/libvips 8.17.1,"rendered-assets-v1.5.0/dist/brand/icons/official/government-{16,20,24,32,48}.svg (<- Athar_Package 05 Web & Product/Icons/SVG)",2026-09-30T01:33:28Z,PASS,,reversed,transparent,1,png,v1.5.1 (carried),,,
dist/brand/icons/dark/athar-icon-government-64.webp,4 icon-system,government,64 x 64,1030,1b7919a425191d05be561955455253b74f0da68be7c913feb43c2ec1eb4658dd,resvg-js 2.6.2 + sharp 0.34.3 (WebP),"rendered-assets-v1.5.0/dist/brand/icons/official/government-{16,20,24,32,48}.svg (<- Athar_Package 05 Web & Product/Icons/SVG)",2026-09-30T01:33:28Z,PASS,,reversed,transparent,1,webp,v1.5.1 (carried),,,
dist/brand/icons/dark/athar-icon-government-128.png,4 icon-system,government,128 x 128,1791,46d442276304db9742ab31ddd0c3677a2ce37541ff9d2d1fd1f650fc468db0af,resvg-js 2.6.2 (resvg 0.40.0) + sharp 0.34.3/libvips 8.17.1,"rendered-assets-v1.5.0/dist/brand/icons/official/government-{16,20,24,32,48}.svg (<- Athar_Package 05 Web & Product/Icons/SVG)",2026-09-30T01:33:28Z,PASS,,reversed,transparent,1,png,v1.5.1 (carried),,,
dist/brand/icons/dark/athar-icon-government-128.webp,4 icon-system,government,128 x 128,1226,54a6200548e3800f9e22bf0ccf57200bfb907fa87279925188e9830d78c44e62,resvg-js 2.6.2 + sharp 0.34.3 (WebP),"rendered-assets-v1.5.0/dist/brand/icons/official/government-{16,20,24,32,48}.svg (<- Athar_Package 05 Web & Product/Icons/SVG)",2026-09-30T01:33:28Z,PASS,,reversed,transparent,1,webp,v1.5.1 (carried),,,
dist/brand/icons/dark/athar-icon-government-256.png,4 icon-system,government,256 x 256,2980,def208df4557c9e8059572e82e0db8bc0c0fb18feb45181eb20384e55e1f7b18,resvg-js 2.6.2 (resvg 0.40.0) + sharp 0.34.3/libvips 8.17.1,"rendered-assets-v1.5.0/dist/brand/icons/official/government-{16,20,24,32,48}.svg (<- Athar_Package 05 Web & Product/Icons/SVG)",2026-09-30T01:33:28Z,PASS,,reversed,transparent,1,png,v1.5.1 (carried),,,
dist/brand/icons/dark/athar-icon-government-256.webp,4 icon-system,government,256 x 256,1616,7c5cfd47848859c5a0498571bb84835e2a3c411c033d4c1111782981fb560525,resvg-js 2.6.2 + sharp 0.34.3 (WebP),"rendered-assets-v1.5.0/dist/brand/icons/official/government-{16,20,24,32,48}.svg (<- Athar_Package 05 Web & Product/Icons/SVG)",2026-09-30T01:33:28Z,PASS,,reversed,transparent,1,webp,v1.5.1 (carried),,,
dist/brand/icons/dark/athar-icon-government-512.png,4 icon-system,government,512 x 512,5643,c37afa00c024436e62ee28850f7c514325aea74a1d1ff5e66509eb1a4f0991c5,resvg-js 2.6.2 (resvg 0.40.0) + sharp 0.34.3/libvips 8.17.1,"rendered-assets-v1.5.0/dist/brand/icons/official/government-{16,20,24,32,48}.svg (<- Athar_Package 05 Web & Product/Icons/SVG)",2026-09-30T01:33:28Z,PASS,,reversed,transparent,1,png,v1.5.1 (carried),,,
dist/brand/icons/dark/athar-icon-government-512.webp,4 icon-system,government,512 x 512,2430,80a801c642a6ab430ab06705e5ec76b6b855bc6533dd9a85defed84a007537f0,resvg-js 2.6.2 + sharp 0.34.3 (WebP),"rendered-assets-v1.5.0/dist/brand/icons/official/government-{16,20,24,32,48}.svg (<- Athar_Package 05 Web & Product/Icons/SVG)",2026-09-30T01:33:28Z,PASS,,reversed,transparent,1,webp,v1.5.1 (carried),,,
dist/brand/icons/svg/athar-icon-government-24.svg,4 icon-system,government,24 x 24,309,ac00de0309026037f542240e2deb9d8a363b0e951692aba4580a68ab2369b124,svgo 4.1.0 (safe config),"rendered-assets-v1.5.0/dist/brand/icons/official/government-{16,20,24,32,48}.svg (<- Athar_Package 05 Web & Product/Icons/SVG)",2026-09-30T01:33:33Z,PASS,,currentColor,transparent,1,svg,v1.5.1 (carried),,,
dist/brand/icons/light/athar-icon-language-16.png,4 icon-system,language,16 x 16,810,a9ab554b5ea7cdf6ee695daaaccac9e16d0fb4c24aed9451321bd7f980868e1d,resvg-js 2.6.2 (resvg 0.40.0) + sharp 0.34.3/libvips 8.17.1,"rendered-assets-v1.5.0/dist/brand/icons/official/language-{16,20,24,32,48}.svg (<- Athar_Package 05 Web & Product/Icons/SVG)",2026-09-30T01:33:28Z,PASS,,navy,transparent,1,png,v1.5.1 (carried),,,
dist/brand/icons/light/athar-icon-language-16.webp,4 icon-system,language,16 x 16,850,090fdce957604dec6998d97bfb5a003ceb26939a8f88bd605c2b4cf95321d7a9,resvg-js 2.6.2 + sharp 0.34.3 (WebP),"rendered-assets-v1.5.0/dist/brand/icons/official/language-{16,20,24,32,48}.svg (<- Athar_Package 05 Web & Product/Icons/SVG)",2026-09-30T01:33:28Z,PASS,,navy,transparent,1,webp,v1.5.1 (carried),,,
dist/brand/icons/light/athar-icon-language-20.png,4 icon-system,language,20 x 20,853,459fd8bbacfaeb41f65396483cdb3d8615366e64aec57b9a55ffa17ed9fbff52,resvg-js 2.6.2 (resvg 0.40.0) + sharp 0.34.3/libvips 8.17.1,"rendered-assets-v1.5.0/dist/brand/icons/official/language-{16,20,24,32,48}.svg (<- Athar_Package 05 Web & Product/Icons/SVG)",2026-09-30T01:33:28Z,PASS,,navy,transparent,1,png,v1.5.1 (carried),,,
dist/brand/icons/light/athar-icon-language-20.webp,4 icon-system,language,20 x 20,860,ca80617cf1d22fd42636dc3e424a548bcda4e2e017c2a8a71cbe451d5b783901,resvg-js 2.6.2 + sharp 0.34.3 (WebP),"rendered-assets-v1.5.0/dist/brand/icons/official/language-{16,20,24,32,48}.svg (<- Athar_Package 05 Web & Product/Icons/SVG)",2026-09-30T01:33:28Z,PASS,,navy,transparent,1,webp,v1.5.1 (carried),,,
dist/brand/icons/light/athar-icon-language-24.png,4 icon-system,language,24 x 24,801,ddf068ca2852354606708994e09ccb2f65da16cd6765fcae34838ca29a51f26c,resvg-js 2.6.2 (resvg 0.40.0) + sharp 0.34.3/libvips 8.17.1,"rendered-assets-v1.5.0/dist/brand/icons/official/language-{16,20,24,32,48}.svg (<- Athar_Package 05 Web & Product/Icons/SVG)",2026-09-30T01:33:28Z,PASS,,navy,transparent,1,png,v1.5.1 (carried),,,
dist/brand/icons/light/athar-icon-language-24.webp,4 icon-system,language,24 x 24,868,84ecd33537f09a4cf408e9ed0f4ff6592629c9e71217619932c8b6926240e3f6,resvg-js 2.6.2 + sharp 0.34.3 (WebP),"rendered-assets-v1.5.0/dist/brand/icons/official/language-{16,20,24,32,48}.svg (<- Athar_Package 05 Web & Product/Icons/SVG)",2026-09-30T01:33:28Z,PASS,,navy,transparent,1,webp,v1.5.1 (carried),,,
dist/brand/icons/light/athar-icon-language-32.png,4 icon-system,language,32 x 32,967,21fd845c83ee8852d039c19c54c733618f8c91a403eebc12336071e089b82391,resvg-js 2.6.2 (resvg 0.40.0) + sharp 0.34.3/libvips 8.17.1,"rendered-assets-v1.5.0/dist/brand/icons/official/language-{16,20,24,32,48}.svg (<- Athar_Package 05 Web & Product/Icons/SVG)",2026-09-30T01:33:28Z,PASS,,navy,transparent,1,png,v1.5.1 (carried),,,
dist/brand/icons/light/athar-icon-language-32.webp,4 icon-system,language,32 x 32,894,4f133e0a13b70657247cb8ad97231a00e860397742f437c72bdcfc303fde9858,resvg-js 2.6.2 + sharp 0.34.3 (WebP),"rendered-assets-v1.5.0/dist/brand/icons/official/language-{16,20,24,32,48}.svg (<- Athar_Package 05 Web & Product/Icons/SVG)",2026-09-30T01:33:28Z,PASS,,navy,transparent,1,webp,v1.5.1 (carried),,,
dist/brand/icons/light/athar-icon-language-48.png,4 icon-system,language,48 x 48,958,c7a905e1934abf0cf9f20ac4acbfc78a04a280a42519fba79296530529f829db,resvg-js 2.6.2 (resvg 0.40.0) + sharp 0.34.3/libvips 8.17.1,"rendered-assets-v1.5.0/dist/brand/icons/official/language-{16,20,24,32,48}.svg (<- Athar_Package 05 Web & Product/Icons/SVG)",2026-09-30T01:33:28Z,PASS,,navy,transparent,1,png,v1.5.1 (carried),,,
dist/brand/icons/light/athar-icon-language-48.webp,4 icon-system,language,48 x 48,886,12b8ae20ca738a4d74d4846c49f7970c39a5cf4e2fc3441cc5a457dedfa7b24b,resvg-js 2.6.2 + sharp 0.34.3 (WebP),"rendered-assets-v1.5.0/dist/brand/icons/official/language-{16,20,24,32,48}.svg (<- Athar_Package 05 Web & Product/Icons/SVG)",2026-09-30T01:33:28Z,PASS,,navy,transparent,1,webp,v1.5.1 (carried),,,
dist/brand/icons/light/athar-icon-language-64.png,4 icon-system,language,64 x 64,1296,bab63ac0a1b93b9a3ada7de4125d87d194028e62914c532cd9816b78bc5b19dc,resvg-js 2.6.2 (resvg 0.40.0) + sharp 0.34.3/libvips 8.17.1,"rendered-assets-v1.5.0/dist/brand/icons/official/language-{16,20,24,32,48}.svg (<- Athar_Package 05 Web & Product/Icons/SVG)",2026-09-30T01:33:28Z,PASS,,navy,transparent,1,png,v1.5.1 (carried),,,
dist/brand/icons/light/athar-icon-language-64.webp,4 icon-system,language,64 x 64,990,148454bca28bf2d43243549cf5d6ddd40af692d10ded5f8c7eefb19dad38cafe,resvg-js 2.6.2 + sharp 0.34.3 (WebP),"rendered-assets-v1.5.0/dist/brand/icons/official/language-{16,20,24,32,48}.svg (<- Athar_Package 05 Web & Product/Icons/SVG)",2026-09-30T01:33:28Z,PASS,,navy,transparent,1,webp,v1.5.1 (carried),,,
dist/brand/icons/light/athar-icon-language-128.png,4 icon-system,language,128 x 128,1899,cd3421ee2dcf4733f0080ded37302ed5a97c4165768b93903a1e4430972ab0ed,resvg-js 2.6.2 (resvg 0.40.0) + sharp 0.34.3/libvips 8.17.1,"rendered-assets-v1.5.0/dist/brand/icons/official/language-{16,20,24,32,48}.svg (<- Athar_Package 05 Web & Product/Icons/SVG)",2026-09-30T01:33:28Z,PASS,,navy,transparent,1,png,v1.5.1 (carried),,,
dist/brand/icons/light/athar-icon-language-128.webp,4 icon-system,language,128 x 128,1184,4e8c4c159d1559f921345526a4254b532aee8e8d23e9c87a7419c5f186e1c787,resvg-js 2.6.2 + sharp 0.34.3 (WebP),"rendered-assets-v1.5.0/dist/brand/icons/official/language-{16,20,24,32,48}.svg (<- Athar_Package 05 Web & Product/Icons/SVG)",2026-09-30T01:33:28Z,PASS,,navy,transparent,1,webp,v1.5.1 (carried),,,
dist/brand/icons/light/athar-icon-language-256.png,4 icon-system,language,256 x 256,3379,073bf253bdcceb69c0bedc3dceb1a11c1aa202e5dae2822f0e8c9c129ff055cd,resvg-js 2.6.2 (resvg 0.40.0) + sharp 0.34.3/libvips 8.17.1,"rendered-assets-v1.5.0/dist/brand/icons/official/language-{16,20,24,32,48}.svg (<- Athar_Package 05 Web & Product/Icons/SVG)",2026-09-30T01:33:28Z,PASS,,navy,transparent,1,png,v1.5.1 (carried),,,
dist/brand/icons/light/athar-icon-language-256.webp,4 icon-system,language,256 x 256,1558,97a88de6778933608349452936ce3d105affdf92279376f445efdcbc8ddbfcc9,resvg-js 2.6.2 + sharp 0.34.3 (WebP),"rendered-assets-v1.5.0/dist/brand/icons/official/language-{16,20,24,32,48}.svg (<- Athar_Package 05 Web & Product/Icons/SVG)",2026-09-30T01:33:28Z,PASS,,navy,transparent,1,webp,v1.5.1 (carried),,,
dist/brand/icons/light/athar-icon-language-512.png,4 icon-system,language,512 x 512,6113,fcccb821de25f6b837c5794fd5fd147ebeabedbc021459963fed6692aa6ea3fb,resvg-js 2.6.2 (resvg 0.40.0) + sharp 0.34.3/libvips 8.17.1,"rendered-assets-v1.5.0/dist/brand/icons/official/language-{16,20,24,32,48}.svg (<- Athar_Package 05 Web & Product/Icons/SVG)",2026-09-30T01:33:28Z,PASS,,navy,transparent,1,png,v1.5.1 (carried),,,
dist/brand/icons/light/athar-icon-language-512.webp,4 icon-system,language,512 x 512,2364,1237798552a9df16b695cc18d8bd5f31affb3ece2e89d10ea9ab376107e35aa4,resvg-js 2.6.2 + sharp 0.34.3 (WebP),"rendered-assets-v1.5.0/dist/brand/icons/official/language-{16,20,24,32,48}.svg (<- Athar_Package 05 Web & Product/Icons/SVG)",2026-09-30T01:33:28Z,PASS,,navy,transparent,1,webp,v1.5.1 (carried),,,
dist/brand/icons/dark/athar-icon-language-16.png,4 icon-system,language,16 x 16,811,cf9092ff391a4edeb1fdbcbe52dffa851e785f4467279a73426423d9225fd8a6,resvg-js 2.6.2 (resvg 0.40.0) + sharp 0.34.3/libvips 8.17.1,"rendered-assets-v1.5.0/dist/brand/icons/official/language-{16,20,24,32,48}.svg (<- Athar_Package 05 Web & Product/Icons/SVG)",2026-09-30T01:33:28Z,PASS,,reversed,transparent,1,png,v1.5.1 (carried),,,
dist/brand/icons/dark/athar-icon-language-16.webp,4 icon-system,language,16 x 16,858,caac5c9cd07306047452dede381ffbf3ddb45d4c3167f77e325cc11ec8ef9dc5,resvg-js 2.6.2 + sharp 0.34.3 (WebP),"rendered-assets-v1.5.0/dist/brand/icons/official/language-{16,20,24,32,48}.svg (<- Athar_Package 05 Web & Product/Icons/SVG)",2026-09-30T01:33:28Z,PASS,,reversed,transparent,1,webp,v1.5.1 (carried),,,
dist/brand/icons/dark/athar-icon-language-20.png,4 icon-system,language,20 x 20,856,8c50f77070e3e7220f967635ddb8cf3ad79a1160602f64f80a67086e01300ed0,resvg-js 2.6.2 (resvg 0.40.0) + sharp 0.34.3/libvips 8.17.1,"rendered-assets-v1.5.0/dist/brand/icons/official/language-{16,20,24,32,48}.svg (<- Athar_Package 05 Web & Product/Icons/SVG)",2026-09-30T01:33:28Z,PASS,,reversed,transparent,1,png,v1.5.1 (carried),,,
dist/brand/icons/dark/athar-icon-language-20.webp,4 icon-system,language,20 x 20,860,0d7ecf2c2563580f4cd72029537a010bede1c8542dd73d23a22bf396036aa896,resvg-js 2.6.2 + sharp 0.34.3 (WebP),"rendered-assets-v1.5.0/dist/brand/icons/official/language-{16,20,24,32,48}.svg (<- Athar_Package 05 Web & Product/Icons/SVG)",2026-09-30T01:33:28Z,PASS,,reversed,transparent,1,webp,v1.5.1 (carried),,,
dist/brand/icons/dark/athar-icon-language-24.png,4 icon-system,language,24 x 24,801,b53355f4284d044032185dc49499755adba4c83a791971fb5203fecd70c99329,resvg-js 2.6.2 (resvg 0.40.0) + sharp 0.34.3/libvips 8.17.1,"rendered-assets-v1.5.0/dist/brand/icons/official/language-{16,20,24,32,48}.svg (<- Athar_Package 05 Web & Product/Icons/SVG)",2026-09-30T01:33:28Z,PASS,,reversed,transparent,1,png,v1.5.1 (carried),,,
dist/brand/icons/dark/athar-icon-language-24.webp,4 icon-system,language,24 x 24,866,8b01c0c54ea8c1abce7e550531b3aaa77bea8bdf010854f9631cf4209953ffe4,resvg-js 2.6.2 + sharp 0.34.3 (WebP),"rendered-assets-v1.5.0/dist/brand/icons/official/language-{16,20,24,32,48}.svg (<- Athar_Package 05 Web & Product/Icons/SVG)",2026-09-30T01:33:28Z,PASS,,reversed,transparent,1,webp,v1.5.1 (carried),,,
dist/brand/icons/dark/athar-icon-language-32.png,4 icon-system,language,32 x 32,968,7d35572ef34d315759a3081fa6bc8c151984f28eccb4eab4bf1328ac48a641d4,resvg-js 2.6.2 (resvg 0.40.0) + sharp 0.34.3/libvips 8.17.1,"rendered-assets-v1.5.0/dist/brand/icons/official/language-{16,20,24,32,48}.svg (<- Athar_Package 05 Web & Product/Icons/SVG)",2026-09-30T01:33:28Z,PASS,,reversed,transparent,1,png,v1.5.1 (carried),,,
dist/brand/icons/dark/athar-icon-language-32.webp,4 icon-system,language,32 x 32,896,6120e3c2569c43758ef39a626aac0dd2f3c232a2d5ec8762a17d73ba4b9efc17,resvg-js 2.6.2 + sharp 0.34.3 (WebP),"rendered-assets-v1.5.0/dist/brand/icons/official/language-{16,20,24,32,48}.svg (<- Athar_Package 05 Web & Product/Icons/SVG)",2026-09-30T01:33:28Z,PASS,,reversed,transparent,1,webp,v1.5.1 (carried),,,
dist/brand/icons/dark/athar-icon-language-48.png,4 icon-system,language,48 x 48,960,29097bb32a4ba04815de74d6fe91f876e291f4b3b9760e528336523186501a73,resvg-js 2.6.2 (resvg 0.40.0) + sharp 0.34.3/libvips 8.17.1,"rendered-assets-v1.5.0/dist/brand/icons/official/language-{16,20,24,32,48}.svg (<- Athar_Package 05 Web & Product/Icons/SVG)",2026-09-30T01:33:28Z,PASS,,reversed,transparent,1,png,v1.5.1 (carried),,,
dist/brand/icons/dark/athar-icon-language-48.webp,4 icon-system,language,48 x 48,884,0d28c5ca7af2ce9d5e61166e935b0a5288179fd55bff8ca19921751adc8e7bfc,resvg-js 2.6.2 + sharp 0.34.3 (WebP),"rendered-assets-v1.5.0/dist/brand/icons/official/language-{16,20,24,32,48}.svg (<- Athar_Package 05 Web & Product/Icons/SVG)",2026-09-30T01:33:28Z,PASS,,reversed,transparent,1,webp,v1.5.1 (carried),,,
dist/brand/icons/dark/athar-icon-language-64.png,4 icon-system,language,64 x 64,1259,e07460dab648279028a9e830339dc44e52ab24a1afc6aaedde6daf3b0571b9e2,resvg-js 2.6.2 (resvg 0.40.0) + sharp 0.34.3/libvips 8.17.1,"rendered-assets-v1.5.0/dist/brand/icons/official/language-{16,20,24,32,48}.svg (<- Athar_Package 05 Web & Product/Icons/SVG)",2026-09-30T01:33:28Z,PASS,,reversed,transparent,1,png,v1.5.1 (carried),,,
dist/brand/icons/dark/athar-icon-language-64.webp,4 icon-system,language,64 x 64,996,5db76a040e5d36235a38dad0baf053e3fdcb13fbfd31e1ce32ad81847c82285e,resvg-js 2.6.2 + sharp 0.34.3 (WebP),"rendered-assets-v1.5.0/dist/brand/icons/official/language-{16,20,24,32,48}.svg (<- Athar_Package 05 Web & Product/Icons/SVG)",2026-09-30T01:33:28Z,PASS,,reversed,transparent,1,webp,v1.5.1 (carried),,,
dist/brand/icons/dark/athar-icon-language-128.png,4 icon-system,language,128 x 128,1911,89377f904ef4c69375eca1737289d81b2954c231a91afa8938acb90b8522ef94,resvg-js 2.6.2 (resvg 0.40.0) + sharp 0.34.3/libvips 8.17.1,"rendered-assets-v1.5.0/dist/brand/icons/official/language-{16,20,24,32,48}.svg (<- Athar_Package 05 Web & Product/Icons/SVG)",2026-09-30T01:33:28Z,PASS,,reversed,transparent,1,png,v1.5.1 (carried),,,
dist/brand/icons/dark/athar-icon-language-128.webp,4 icon-system,language,128 x 128,1186,c70b3ccec42f204bc895db20335049424b5cc1de569bd1a1a0e00f7faf04448a,resvg-js 2.6.2 + sharp 0.34.3 (WebP),"rendered-assets-v1.5.0/dist/brand/icons/official/language-{16,20,24,32,48}.svg (<- Athar_Package 05 Web & Product/Icons/SVG)",2026-09-30T01:33:28Z,PASS,,reversed,transparent,1,webp,v1.5.1 (carried),,,
dist/brand/icons/dark/athar-icon-language-256.png,4 icon-system,language,256 x 256,3287,10f589c24026b69cfdbb81c954c54eb00a35d3819261ffe9426ad726d5c40e3f,resvg-js 2.6.2 (resvg 0.40.0) + sharp 0.34.3/libvips 8.17.1,"rendered-assets-v1.5.0/dist/brand/icons/official/language-{16,20,24,32,48}.svg (<- Athar_Package 05 Web & Product/Icons/SVG)",2026-09-30T01:33:28Z,PASS,,reversed,transparent,1,png,v1.5.1 (carried),,,
dist/brand/icons/dark/athar-icon-language-256.webp,4 icon-system,language,256 x 256,1562,0683e5a05497881d93b8203922a6e5b0f20abcab3d1e8c4e5ef29756395eaefa,resvg-js 2.6.2 + sharp 0.34.3 (WebP),"rendered-assets-v1.5.0/dist/brand/icons/official/language-{16,20,24,32,48}.svg (<- Athar_Package 05 Web & Product/Icons/SVG)",2026-09-30T01:33:28Z,PASS,,reversed,transparent,1,webp,v1.5.1 (carried),,,
dist/brand/icons/dark/athar-icon-language-512.png,4 icon-system,language,512 x 512,6080,80f2817663af5aa1502fae4a46fb810b72e9b650ba8eb34efd3975d90c19150a,resvg-js 2.6.2 (resvg 0.40.0) + sharp 0.34.3/libvips 8.17.1,"rendered-assets-v1.5.0/dist/brand/icons/official/language-{16,20,24,32,48}.svg (<- Athar_Package 05 Web & Product/Icons/SVG)",2026-09-30T01:33:28Z,PASS,,reversed,transparent,1,png,v1.5.1 (carried),,,
dist/brand/icons/dark/athar-icon-language-512.webp,4 icon-system,language,512 x 512,2368,4ecffa06bab832b440015d6bfd8e56a7cbe27b291e1f2827e7af716c6a39b7ed,resvg-js 2.6.2 + sharp 0.34.3 (WebP),"rendered-assets-v1.5.0/dist/brand/icons/official/language-{16,20,24,32,48}.svg (<- Athar_Package 05 Web & Product/Icons/SVG)",2026-09-30T01:33:28Z,PASS,,reversed,transparent,1,webp,v1.5.1 (carried),,,
dist/brand/icons/svg/athar-icon-language-24.svg,4 icon-system,language,24 x 24,297,7898c58c023502c48b6fe06728431d407ab37557bc652ee83f40b37e1e029387,svgo 4.1.0 (safe config),"rendered-assets-v1.5.0/dist/brand/icons/official/language-{16,20,24,32,48}.svg (<- Athar_Package 05 Web & Product/Icons/SVG)",2026-09-30T01:33:33Z,PASS,,currentColor,transparent,1,svg,v1.5.1 (carried),,,
dist/brand/icons/light/athar-icon-settings-16.png,4 icon-system,settings,16 x 16,942,f9d3f489cc8c0ae6db934641aba6e8f57b84e58c224046423c68c6d0bf9fae20,resvg-js 2.6.2 (resvg 0.40.0) + sharp 0.34.3/libvips 8.17.1,"rendered-assets-v1.5.0/dist/brand/icons/official/settings-{16,20,24,32,48}.svg (<- Athar_Package 05 Web & Product/Icons/SVG)",2026-09-30T01:33:28Z,PASS,,navy,transparent,1,png,v1.5.1 (carried),,,
dist/brand/icons/light/athar-icon-settings-16.webp,4 icon-system,settings,16 x 16,910,ff8c96feff4a8af545b894d8356b7d36cb0823a2b30e84d8ca690fdd5493323c,resvg-js 2.6.2 + sharp 0.34.3 (WebP),"rendered-assets-v1.5.0/dist/brand/icons/official/settings-{16,20,24,32,48}.svg (<- Athar_Package 05 Web & Product/Icons/SVG)",2026-09-30T01:33:28Z,PASS,,navy,transparent,1,webp,v1.5.1 (carried),,,
dist/brand/icons/light/athar-icon-settings-20.png,4 icon-system,settings,20 x 20,1132,3c3cc9f324e9ed722e5f86f5df0fe56cff99a6163169ef77f5de83a05f7c14b7,resvg-js 2.6.2 (resvg 0.40.0) + sharp 0.34.3/libvips 8.17.1,"rendered-assets-v1.5.0/dist/brand/icons/official/settings-{16,20,24,32,48}.svg (<- Athar_Package 05 Web & Product/Icons/SVG)",2026-09-30T01:33:28Z,PASS,,navy,transparent,1,png,v1.5.1 (carried),,,
dist/brand/icons/light/athar-icon-settings-20.webp,4 icon-system,settings,20 x 20,950,6ce8616176786d6aa857106a574ff3da5d66592962661aa9da06b57628dfd72d,resvg-js 2.6.2 + sharp 0.34.3 (WebP),"rendered-assets-v1.5.0/dist/brand/icons/official/settings-{16,20,24,32,48}.svg (<- Athar_Package 05 Web & Product/Icons/SVG)",2026-09-30T01:33:28Z,PASS,,navy,transparent,1,webp,v1.5.1 (carried),,,
dist/brand/icons/light/athar-icon-settings-24.png,4 icon-system,settings,24 x 24,1283,b9a8ef242d30dfaff98ddbd1802e74096d0e735d8802b66d4d52917826c0d642,resvg-js 2.6.2 (resvg 0.40.0) + sharp 0.34.3/libvips 8.17.1,"rendered-assets-v1.5.0/dist/brand/icons/official/settings-{16,20,24,32,48}.svg (<- Athar_Package 05 Web & Product/Icons/SVG)",2026-09-30T01:33:28Z,PASS,,navy,transparent,1,png,v1.5.1 (carried),,,
dist/brand/icons/light/athar-icon-settings-24.webp,4 icon-system,settings,24 x 24,984,744ca068fa8577bee6f970430159e1dde9f3eba6cac7c8f11214fea705dbdaa7,resvg-js 2.6.2 + sharp 0.34.3 (WebP),"rendered-assets-v1.5.0/dist/brand/icons/official/settings-{16,20,24,32,48}.svg (<- Athar_Package 05 Web & Product/Icons/SVG)",2026-09-30T01:33:28Z,PASS,,navy,transparent,1,webp,v1.5.1 (carried),,,
dist/brand/icons/light/athar-icon-settings-32.png,4 icon-system,settings,32 x 32,1458,665ae94c7892f87e6faf535b6ceb9da529f5cf99fb8e3535f6afdd437f6726a8,resvg-js 2.6.2 (resvg 0.40.0) + sharp 0.34.3/libvips 8.17.1,"rendered-assets-v1.5.0/dist/brand/icons/official/settings-{16,20,24,32,48}.svg (<- Athar_Package 05 Web & Product/Icons/SVG)",2026-09-30T01:33:28Z,PASS,,navy,transparent,1,png,v1.5.1 (carried),,,
dist/brand/icons/light/athar-icon-settings-32.webp,4 icon-system,settings,32 x 32,1040,3d74894e10cb5b58244108a61ad29957b14b5162e420af8d85e06820e6ea207e,resvg-js 2.6.2 + sharp 0.34.3 (WebP),"rendered-assets-v1.5.0/dist/brand/icons/official/settings-{16,20,24,32,48}.svg (<- Athar_Package 05 Web & Product/Icons/SVG)",2026-09-30T01:33:28Z,PASS,,navy,transparent,1,webp,v1.5.1 (carried),,,
dist/brand/icons/light/athar-icon-settings-48.png,4 icon-system,settings,48 x 48,1779,7e87a0cb6a2f9246014b8578e9da0fce1260c34e14f4c8206db9904911c65399,resvg-js 2.6.2 (resvg 0.40.0) + sharp 0.34.3/libvips 8.17.1,"rendered-assets-v1.5.0/dist/brand/icons/official/settings-{16,20,24,32,48}.svg (<- Athar_Package 05 Web & Product/Icons/SVG)",2026-09-30T01:33:28Z,PASS,,navy,transparent,1,png,v1.5.1 (carried),,,
dist/brand/icons/light/athar-icon-settings-48.webp,4 icon-system,settings,48 x 48,1170,c1ad39d0bf409c4b4d42ea5a8ff7f87f3dd0ff5d85a99b1e6b5bc183cf8adb00,resvg-js 2.6.2 + sharp 0.34.3 (WebP),"rendered-assets-v1.5.0/dist/brand/icons/official/settings-{16,20,24,32,48}.svg (<- Athar_Package 05 Web & Product/Icons/SVG)",2026-09-30T01:33:28Z,PASS,,navy,transparent,1,webp,v1.5.1 (carried),,,
dist/brand/icons/light/athar-icon-settings-64.png,4 icon-system,settings,64 x 64,2200,5bbb770851e7cfc5e7518ca542efa63a421608f82076c5ced7e3162dc7a0df4b,resvg-js 2.6.2 (resvg 0.40.0) + sharp 0.34.3/libvips 8.17.1,"rendered-assets-v1.5.0/dist/brand/icons/official/settings-{16,20,24,32,48}.svg (<- Athar_Package 05 Web & Product/Icons/SVG)",2026-09-30T01:33:28Z,PASS,,navy,transparent,1,png,v1.5.1 (carried),,,
dist/brand/icons/light/athar-icon-settings-64.webp,4 icon-system,settings,64 x 64,1310,fed022788dfc86d52e616a37e2ef8520c2adc845db033b8c6347ae732404a14b,resvg-js 2.6.2 + sharp 0.34.3 (WebP),"rendered-assets-v1.5.0/dist/brand/icons/official/settings-{16,20,24,32,48}.svg (<- Athar_Package 05 Web & Product/Icons/SVG)",2026-09-30T01:33:28Z,PASS,,navy,transparent,1,webp,v1.5.1 (carried),,,
dist/brand/icons/light/athar-icon-settings-128.png,4 icon-system,settings,128 x 128,3824,159bdbfc9f98661b6411d9478452fe8f19f7be7d8009d3ced49b82c00c196943,resvg-js 2.6.2 (resvg 0.40.0) + sharp 0.34.3/libvips 8.17.1,"rendered-assets-v1.5.0/dist/brand/icons/official/settings-{16,20,24,32,48}.svg (<- Athar_Package 05 Web & Product/Icons/SVG)",2026-09-30T01:33:28Z,PASS,,navy,transparent,1,png,v1.5.1 (carried),,,
dist/brand/icons/light/athar-icon-settings-128.webp,4 icon-system,settings,128 x 128,1874,6d6507015e514d07993e5c84a228620c8425a555ab0537bf7cc10a7b8296b222,resvg-js 2.6.2 + sharp 0.34.3 (WebP),"rendered-assets-v1.5.0/dist/brand/icons/official/settings-{16,20,24,32,48}.svg (<- Athar_Package 05 Web & Product/Icons/SVG)",2026-09-30T01:33:28Z,PASS,,navy,transparent,1,webp,v1.5.1 (carried),,,
dist/brand/icons/light/athar-icon-settings-256.png,4 icon-system,settings,256 x 256,7658,21af21841c8e00b2abbab97d1c896a1f83b8e718dc60a135404ccc940c891071,resvg-js 2.6.2 (resvg 0.40.0) + sharp 0.34.3/libvips 8.17.1,"rendered-assets-v1.5.0/dist/brand/icons/official/settings-{16,20,24,32,48}.svg (<- Athar_Package 05 Web & Product/Icons/SVG)",2026-09-30T01:33:28Z,PASS,,navy,transparent,1,png,v1.5.1 (carried),,,
dist/brand/icons/light/athar-icon-settings-256.webp,4 icon-system,settings,256 x 256,3008,23e4053338cef3310b88c71366eb40a559a816a357c645d50f15f2e1e9d2cdda,resvg-js 2.6.2 + sharp 0.34.3 (WebP),"rendered-assets-v1.5.0/dist/brand/icons/official/settings-{16,20,24,32,48}.svg (<- Athar_Package 05 Web & Product/Icons/SVG)",2026-09-30T01:33:28Z,PASS,,navy,transparent,1,webp,v1.5.1 (carried),,,
dist/brand/icons/light/athar-icon-settings-512.png,4 icon-system,settings,512 x 512,14468,32c0b4c79bbbe29196dcff16df5df060e4c9d4e838b878f39aa77d4ae2bead72,resvg-js 2.6.2 (resvg 0.40.0) + sharp 0.34.3/libvips 8.17.1,"rendered-assets-v1.5.0/dist/brand/icons/official/settings-{16,20,24,32,48}.svg (<- Athar_Package 05 Web & Product/Icons/SVG)",2026-09-30T01:33:28Z,PASS,,navy,transparent,1,png,v1.5.1 (carried),,,
dist/brand/icons/light/athar-icon-settings-512.webp,4 icon-system,settings,512 x 512,5116,ef94b33a3496ae08bc173356716449109f382d9b8e25b07b3744bb78532d88a7,resvg-js 2.6.2 + sharp 0.34.3 (WebP),"rendered-assets-v1.5.0/dist/brand/icons/official/settings-{16,20,24,32,48}.svg (<- Athar_Package 05 Web & Product/Icons/SVG)",2026-09-30T01:33:28Z,PASS,,navy,transparent,1,webp,v1.5.1 (carried),,,
dist/brand/icons/dark/athar-icon-settings-16.png,4 icon-system,settings,16 x 16,930,8a19ab76e6786be6db051421b7cdfd53dec1a9cc8945fe0aca3f6f181f183d1a,resvg-js 2.6.2 (resvg 0.40.0) + sharp 0.34.3/libvips 8.17.1,"rendered-assets-v1.5.0/dist/brand/icons/official/settings-{16,20,24,32,48}.svg (<- Athar_Package 05 Web & Product/Icons/SVG)",2026-09-30T01:33:28Z,PASS,,reversed,transparent,1,png,v1.5.1 (carried),,,
dist/brand/icons/dark/athar-icon-settings-16.webp,4 icon-system,settings,16 x 16,904,4f6d1fd4478530f06f499ff20ae70acce2358a76c8f39e6c926a68dffb947e6c,resvg-js 2.6.2 + sharp 0.34.3 (WebP),"rendered-assets-v1.5.0/dist/brand/icons/official/settings-{16,20,24,32,48}.svg (<- Athar_Package 05 Web & Product/Icons/SVG)",2026-09-30T01:33:28Z,PASS,,reversed,transparent,1,webp,v1.5.1 (carried),,,
dist/brand/icons/dark/athar-icon-settings-20.png,4 icon-system,settings,20 x 20,1127,ac6cc60cfca4110ad495234551d7e67c714073db59cb3f88332f4829551375ee,resvg-js 2.6.2 (resvg 0.40.0) + sharp 0.34.3/libvips 8.17.1,"rendered-assets-v1.5.0/dist/brand/icons/official/settings-{16,20,24,32,48}.svg (<- Athar_Package 05 Web & Product/Icons/SVG)",2026-09-30T01:33:28Z,PASS,,reversed,transparent,1,png,v1.5.1 (carried),,,
dist/brand/icons/dark/athar-icon-settings-20.webp,4 icon-system,settings,20 x 20,958,d23861e837f2d446f69a9a31ee923363136f843d550fcec16854c10204396f16,resvg-js 2.6.2 + sharp 0.34.3 (WebP),"rendered-assets-v1.5.0/dist/brand/icons/official/settings-{16,20,24,32,48}.svg (<- Athar_Package 05 Web & Product/Icons/SVG)",2026-09-30T01:33:28Z,PASS,,reversed,transparent,1,webp,v1.5.1 (carried),,,
dist/brand/icons/dark/athar-icon-settings-24.png,4 icon-system,settings,24 x 24,1263,2dad04b933a4364638473efded2acca35339c206facc3337ed7717f0977c2325,resvg-js 2.6.2 (resvg 0.40.0) + sharp 0.34.3/libvips 8.17.1,"rendered-assets-v1.5.0/dist/brand/icons/official/settings-{16,20,24,32,48}.svg (<- Athar_Package 05 Web & Product/Icons/SVG)",2026-09-30T01:33:29Z,PASS,,reversed,transparent,1,png,v1.5.1 (carried),,,
dist/brand/icons/dark/athar-icon-settings-24.webp,4 icon-system,settings,24 x 24,986,e6944e99d0e5a184b74d2cefbde83faeb0d814321534fd468d6cefc91daf0c9a,resvg-js 2.6.2 + sharp 0.34.3 (WebP),"rendered-assets-v1.5.0/dist/brand/icons/official/settings-{16,20,24,32,48}.svg (<- Athar_Package 05 Web & Product/Icons/SVG)",2026-09-30T01:33:29Z,PASS,,reversed,transparent,1,webp,v1.5.1 (carried),,,
dist/brand/icons/dark/athar-icon-settings-32.png,4 icon-system,settings,32 x 32,1434,386ea073a48850552aed98c6c90e6c9f82ac305dde2b2c0d00cffe0c304245a1,resvg-js 2.6.2 (resvg 0.40.0) + sharp 0.34.3/libvips 8.17.1,"rendered-assets-v1.5.0/dist/brand/icons/official/settings-{16,20,24,32,48}.svg (<- Athar_Package 05 Web & Product/Icons/SVG)",2026-09-30T01:33:29Z,PASS,,reversed,transparent,1,png,v1.5.1 (carried),,,
dist/brand/icons/dark/athar-icon-settings-32.webp,4 icon-system,settings,32 x 32,1042,6dad688ab7c2840644002f7e1feec13bc28d72ff121d5202b2800ffe1585861e,resvg-js 2.6.2 + sharp 0.34.3 (WebP),"rendered-assets-v1.5.0/dist/brand/icons/official/settings-{16,20,24,32,48}.svg (<- Athar_Package 05 Web & Product/Icons/SVG)",2026-09-30T01:33:29Z,PASS,,reversed,transparent,1,webp,v1.5.1 (carried),,,
dist/brand/icons/dark/athar-icon-settings-48.png,4 icon-system,settings,48 x 48,1707,8973a30c9ecdad6461dfe41db2ee73f818f3ece57c26914b937dbff98d61d9b8,resvg-js 2.6.2 (resvg 0.40.0) + sharp 0.34.3/libvips 8.17.1,"rendered-assets-v1.5.0/dist/brand/icons/official/settings-{16,20,24,32,48}.svg (<- Athar_Package 05 Web & Product/Icons/SVG)",2026-09-30T01:33:29Z,PASS,,reversed,transparent,1,png,v1.5.1 (carried),,,
dist/brand/icons/dark/athar-icon-settings-48.webp,4 icon-system,settings,48 x 48,1188,0f7a9b621cf8564af9e9f012973c0120118496da9fc01425088642ac44636998,resvg-js 2.6.2 + sharp 0.34.3 (WebP),"rendered-assets-v1.5.0/dist/brand/icons/official/settings-{16,20,24,32,48}.svg (<- Athar_Package 05 Web & Product/Icons/SVG)",2026-09-30T01:33:29Z,PASS,,reversed,transparent,1,webp,v1.5.1 (carried),,,
dist/brand/icons/dark/athar-icon-settings-64.png,4 icon-system,settings,64 x 64,2178,8c724e6f236a8961783fc440bd1b439c9c4f1275b25e6dfd4c774c4712647adf,resvg-js 2.6.2 (resvg 0.40.0) + sharp 0.34.3/libvips 8.17.1,"rendered-assets-v1.5.0/dist/brand/icons/official/settings-{16,20,24,32,48}.svg (<- Athar_Package 05 Web & Product/Icons/SVG)",2026-09-30T01:33:29Z,PASS,,reversed,transparent,1,png,v1.5.1 (carried),,,
dist/brand/icons/dark/athar-icon-settings-64.webp,4 icon-system,settings,64 x 64,1316,98611793db4d633edb1132482bd513f4cea85d684af106b47bf918f91da578e6,resvg-js 2.6.2 + sharp 0.34.3 (WebP),"rendered-assets-v1.5.0/dist/brand/icons/official/settings-{16,20,24,32,48}.svg (<- Athar_Package 05 Web & Product/Icons/SVG)",2026-09-30T01:33:29Z,PASS,,reversed,transparent,1,webp,v1.5.1 (carried),,,
dist/brand/icons/dark/athar-icon-settings-128.png,4 icon-system,settings,128 x 128,3849,9bd5cb277759a9d596c87fe42e18f09d9fb8b7ba62ab95a4aee728ea8020c18d,resvg-js 2.6.2 (resvg 0.40.0) + sharp 0.34.3/libvips 8.17.1,"rendered-assets-v1.5.0/dist/brand/icons/official/settings-{16,20,24,32,48}.svg (<- Athar_Package 05 Web & Product/Icons/SVG)",2026-09-30T01:33:29Z,PASS,,reversed,transparent,1,png,v1.5.1 (carried),,,
dist/brand/icons/dark/athar-icon-settings-128.webp,4 icon-system,settings,128 x 128,1886,3b4fe08fd78c829ae56518ab5c2fc9302692351cb83e4a502352f0ecf2810234,resvg-js 2.6.2 + sharp 0.34.3 (WebP),"rendered-assets-v1.5.0/dist/brand/icons/official/settings-{16,20,24,32,48}.svg (<- Athar_Package 05 Web & Product/Icons/SVG)",2026-09-30T01:33:29Z,PASS,,reversed,transparent,1,webp,v1.5.1 (carried),,,
dist/brand/icons/dark/athar-icon-settings-256.png,4 icon-system,settings,256 x 256,7355,cb4c2b4ed7eea5f378d2e47fb0b1ec0872b4a9eaafe6102ac380f8de613e5546,resvg-js 2.6.2 (resvg 0.40.0) + sharp 0.34.3/libvips 8.17.1,"rendered-assets-v1.5.0/dist/brand/icons/official/settings-{16,20,24,32,48}.svg (<- Athar_Package 05 Web & Product/Icons/SVG)",2026-09-30T01:33:29Z,PASS,,reversed,transparent,1,png,v1.5.1 (carried),,,
dist/brand/icons/dark/athar-icon-settings-256.webp,4 icon-system,settings,256 x 256,3002,4b33d514c44394977a901bfb77b298c96ed984efe3bb4e4578637117fa639ac4,resvg-js 2.6.2 + sharp 0.34.3 (WebP),"rendered-assets-v1.5.0/dist/brand/icons/official/settings-{16,20,24,32,48}.svg (<- Athar_Package 05 Web & Product/Icons/SVG)",2026-09-30T01:33:29Z,PASS,,reversed,transparent,1,webp,v1.5.1 (carried),,,
dist/brand/icons/dark/athar-icon-settings-512.png,4 icon-system,settings,512 x 512,14214,c8cf1f250045f6b3125a40e07d89955468fc7a736ddddab2c0478f7b1cc1856d,resvg-js 2.6.2 (resvg 0.40.0) + sharp 0.34.3/libvips 8.17.1,"rendered-assets-v1.5.0/dist/brand/icons/official/settings-{16,20,24,32,48}.svg (<- Athar_Package 05 Web & Product/Icons/SVG)",2026-09-30T01:33:29Z,PASS,,reversed,transparent,1,png,v1.5.1 (carried),,,
dist/brand/icons/dark/athar-icon-settings-512.webp,4 icon-system,settings,512 x 512,5112,dc0e083a4526d3fc69219ee43f37ca67fab1f0697ff66b763ff4ab8eff7004ae,resvg-js 2.6.2 + sharp 0.34.3 (WebP),"rendered-assets-v1.5.0/dist/brand/icons/official/settings-{16,20,24,32,48}.svg (<- Athar_Package 05 Web & Product/Icons/SVG)",2026-09-30T01:33:29Z,PASS,,reversed,transparent,1,webp,v1.5.1 (carried),,,
dist/brand/icons/svg/athar-icon-settings-24.svg,4 icon-system,settings,24 x 24,413,4413c81bb862e85379ca10f2cbc15391a6001e96fd82910c02742d803f939a20,svgo 4.1.0 (safe config),"rendered-assets-v1.5.0/dist/brand/icons/official/settings-{16,20,24,32,48}.svg (<- Athar_Package 05 Web & Product/Icons/SVG)",2026-09-30T01:33:33Z,PASS,,currentColor,transparent,1,svg,v1.5.1 (carried),,,
dist/brand/icons/light/athar-icon-sme-16.png,4 icon-system,sme,16 x 16,858,08e3b6bc0cb3398aadc9fed68f24d27909c34153b4994ab4940ceaa6c47b1ae4,resvg-js 2.6.2 (resvg 0.40.0) + sharp 0.34.3/libvips 8.17.1,"rendered-assets-v1.5.0/dist/brand/icons/official/sme-{16,20,24,32,48}.svg (<- Athar_Package 05 Web & Product/Icons/SVG)",2026-09-30T01:33:29Z,PASS,,navy,transparent,1,png,v1.5.1 (carried),,,
dist/brand/icons/light/athar-icon-sme-16.webp,4 icon-system,sme,16 x 16,852,a40827169668f44aaf3476843a5352366f4efd91e5ca7c1d75a632c17f6512c3,resvg-js 2.6.2 + sharp 0.34.3 (WebP),"rendered-assets-v1.5.0/dist/brand/icons/official/sme-{16,20,24,32,48}.svg (<- Athar_Package 05 Web & Product/Icons/SVG)",2026-09-30T01:33:29Z,PASS,,navy,transparent,1,webp,v1.5.1 (carried),,,
dist/brand/icons/light/athar-icon-sme-20.png,4 icon-system,sme,20 x 20,943,719f9036168a1c6ea65560e26f683f23959bfe81149e4f573bd05eb5705eae34,resvg-js 2.6.2 (resvg 0.40.0) + sharp 0.34.3/libvips 8.17.1,"rendered-assets-v1.5.0/dist/brand/icons/official/sme-{16,20,24,32,48}.svg (<- Athar_Package 05 Web & Product/Icons/SVG)",2026-09-30T01:33:29Z,PASS,,navy,transparent,1,png,v1.5.1 (carried),,,
dist/brand/icons/light/athar-icon-sme-20.webp,4 icon-system,sme,20 x 20,906,43b39c7e492c22543fc01ea04d36155f185d67cd1b9ac1a41af98c7d8d81a7c2,resvg-js 2.6.2 + sharp 0.34.3 (WebP),"rendered-assets-v1.5.0/dist/brand/icons/official/sme-{16,20,24,32,48}.svg (<- Athar_Package 05 Web & Product/Icons/SVG)",2026-09-30T01:33:29Z,PASS,,navy,transparent,1,webp,v1.5.1 (carried),,,
dist/brand/icons/light/athar-icon-sme-24.png,4 icon-system,sme,24 x 24,869,a17700b2b566910c0445d3f940f5400016502ca09fa876734d35ea685ef43b66,resvg-js 2.6.2 (resvg 0.40.0) + sharp 0.34.3/libvips 8.17.1,"rendered-assets-v1.5.0/dist/brand/icons/official/sme-{16,20,24,32,48}.svg (<- Athar_Package 05 Web & Product/Icons/SVG)",2026-09-30T01:33:29Z,PASS,,navy,transparent,1,png,v1.5.1 (carried),,,
dist/brand/icons/light/athar-icon-sme-24.webp,4 icon-system,sme,24 x 24,856,67530e7d6226b4804811a231e06c0bacebc2b819fcfc0a4a1e383787fc8cdd6e,resvg-js 2.6.2 + sharp 0.34.3 (WebP),"rendered-assets-v1.5.0/dist/brand/icons/official/sme-{16,20,24,32,48}.svg (<- Athar_Package 05 Web & Product/Icons/SVG)",2026-09-30T01:33:29Z,PASS,,navy,transparent,1,webp,v1.5.1 (carried),,,
dist/brand/icons/light/athar-icon-sme-32.png,4 icon-system,sme,32 x 32,1010,1c1c18a892d672995db2964b0346c9c80c3e8cc7821296487e34dc2ad0ff4ae7,resvg-js 2.6.2 (resvg 0.40.0) + sharp 0.34.3/libvips 8.17.1,"rendered-assets-v1.5.0/dist/brand/icons/official/sme-{16,20,24,32,48}.svg (<- Athar_Package 05 Web & Product/Icons/SVG)",2026-09-30T01:33:29Z,PASS,,navy,transparent,1,png,v1.5.1 (carried),,,
dist/brand/icons/light/athar-icon-sme-32.webp,4 icon-system,sme,32 x 32,916,9bdb1a2fb03b1afc249c879b00a3e76fe51618796892f0d9cd3d93077f0b4a44,resvg-js 2.6.2 + sharp 0.34.3 (WebP),"rendered-assets-v1.5.0/dist/brand/icons/official/sme-{16,20,24,32,48}.svg (<- Athar_Package 05 Web & Product/Icons/SVG)",2026-09-30T01:33:29Z,PASS,,navy,transparent,1,webp,v1.5.1 (carried),,,
dist/brand/icons/light/athar-icon-sme-48.png,4 icon-system,sme,48 x 48,1151,0ad14960337b38237b5118774c97003be65e104c3c9ec21dccf72abd2c30f798,resvg-js 2.6.2 (resvg 0.40.0) + sharp 0.34.3/libvips 8.17.1,"rendered-assets-v1.5.0/dist/brand/icons/official/sme-{16,20,24,32,48}.svg (<- Athar_Package 05 Web & Product/Icons/SVG)",2026-09-30T01:33:29Z,PASS,,navy,transparent,1,png,v1.5.1 (carried),,,
dist/brand/icons/light/athar-icon-sme-48.webp,4 icon-system,sme,48 x 48,948,f6f869c19042b4d32b2c967d487c9ff71b85f347d5b9473f227808dd20e810a6,resvg-js 2.6.2 + sharp 0.34.3 (WebP),"rendered-assets-v1.5.0/dist/brand/icons/official/sme-{16,20,24,32,48}.svg (<- Athar_Package 05 Web & Product/Icons/SVG)",2026-09-30T01:33:29Z,PASS,,navy,transparent,1,webp,v1.5.1 (carried),,,
dist/brand/icons/light/athar-icon-sme-64.png,4 icon-system,sme,64 x 64,1262,0465b67541ce9cd0441fe925bbb0e8a24094da5bcff23fcbd7377d802f4afbc1,resvg-js 2.6.2 (resvg 0.40.0) + sharp 0.34.3/libvips 8.17.1,"rendered-assets-v1.5.0/dist/brand/icons/official/sme-{16,20,24,32,48}.svg (<- Athar_Package 05 Web & Product/Icons/SVG)",2026-09-30T01:33:29Z,PASS,,navy,transparent,1,png,v1.5.1 (carried),,,
dist/brand/icons/light/athar-icon-sme-64.webp,4 icon-system,sme,64 x 64,966,3a15a131f4623e010556afd679cbd5ba1076e4b4c4eb29f3b1f09b7d612f8c63,resvg-js 2.6.2 + sharp 0.34.3 (WebP),"rendered-assets-v1.5.0/dist/brand/icons/official/sme-{16,20,24,32,48}.svg (<- Athar_Package 05 Web & Product/Icons/SVG)",2026-09-30T01:33:29Z,PASS,,navy,transparent,1,webp,v1.5.1 (carried),,,
dist/brand/icons/light/athar-icon-sme-128.png,4 icon-system,sme,128 x 128,1795,36b41c0cb5996c42b4dfad1641fc774f96e13102062bb51d3b4264047ca35142,resvg-js 2.6.2 (resvg 0.40.0) + sharp 0.34.3/libvips 8.17.1,"rendered-assets-v1.5.0/dist/brand/icons/official/sme-{16,20,24,32,48}.svg (<- Athar_Package 05 Web & Product/Icons/SVG)",2026-09-30T01:33:29Z,PASS,,navy,transparent,1,png,v1.5.1 (carried),,,
dist/brand/icons/light/athar-icon-sme-128.webp,4 icon-system,sme,128 x 128,1114,2e42fed45e0b0fbe8c529f92e560964b9372e6e89abad2607b68ba7ffb2820a7,resvg-js 2.6.2 + sharp 0.34.3 (WebP),"rendered-assets-v1.5.0/dist/brand/icons/official/sme-{16,20,24,32,48}.svg (<- Athar_Package 05 Web & Product/Icons/SVG)",2026-09-30T01:33:29Z,PASS,,navy,transparent,1,webp,v1.5.1 (carried),,,
dist/brand/icons/light/athar-icon-sme-256.png,4 icon-system,sme,256 x 256,3094,83a45d48bda68e47b0d04e8da5499cfdbf36a90f1ceb63897fbaa4ae39753e55,resvg-js 2.6.2 (resvg 0.40.0) + sharp 0.34.3/libvips 8.17.1,"rendered-assets-v1.5.0/dist/brand/icons/official/sme-{16,20,24,32,48}.svg (<- Athar_Package 05 Web & Product/Icons/SVG)",2026-09-30T01:33:29Z,PASS,,navy,transparent,1,png,v1.5.1 (carried),,,
dist/brand/icons/light/athar-icon-sme-256.webp,4 icon-system,sme,256 x 256,1398,4e3e357d39936da8c20918417b8f6767ae62ef0533b99ee87418911ae2ec7276,resvg-js 2.6.2 + sharp 0.34.3 (WebP),"rendered-assets-v1.5.0/dist/brand/icons/official/sme-{16,20,24,32,48}.svg (<- Athar_Package 05 Web & Product/Icons/SVG)",2026-09-30T01:33:29Z,PASS,,navy,transparent,1,webp,v1.5.1 (carried),,,
dist/brand/icons/light/athar-icon-sme-512.png,4 icon-system,sme,512 x 512,5627,bf721601333f6ec66dbb0e2e4d3914bc6b6fc97c29b5f17b05c3fe33c979950d,resvg-js 2.6.2 (resvg 0.40.0) + sharp 0.34.3/libvips 8.17.1,"rendered-assets-v1.5.0/dist/brand/icons/official/sme-{16,20,24,32,48}.svg (<- Athar_Package 05 Web & Product/Icons/SVG)",2026-09-30T01:33:29Z,PASS,,navy,transparent,1,png,v1.5.1 (carried),,,
dist/brand/icons/light/athar-icon-sme-512.webp,4 icon-system,sme,512 x 512,2050,47695089464b10300bedcacae5b251d9457af09354459c47e8b5f652d893974b,resvg-js 2.6.2 + sharp 0.34.3 (WebP),"rendered-assets-v1.5.0/dist/brand/icons/official/sme-{16,20,24,32,48}.svg (<- Athar_Package 05 Web & Product/Icons/SVG)",2026-09-30T01:33:29Z,PASS,,navy,transparent,1,webp,v1.5.1 (carried),,,
dist/brand/icons/dark/athar-icon-sme-16.png,4 icon-system,sme,16 x 16,854,19c4d8f0ffad234bfa77bd1cea441320213b2209d5daf33a310aa798302b76ac,resvg-js 2.6.2 (resvg 0.40.0) + sharp 0.34.3/libvips 8.17.1,"rendered-assets-v1.5.0/dist/brand/icons/official/sme-{16,20,24,32,48}.svg (<- Athar_Package 05 Web & Product/Icons/SVG)",2026-09-30T01:33:29Z,PASS,,reversed,transparent,1,png,v1.5.1 (carried),,,
dist/brand/icons/dark/athar-icon-sme-16.webp,4 icon-system,sme,16 x 16,860,a5eb74cb3f6c689a8b8c27bfb90025251c909229b71d5ba06a29ac08612ad44a,resvg-js 2.6.2 + sharp 0.34.3 (WebP),"rendered-assets-v1.5.0/dist/brand/icons/official/sme-{16,20,24,32,48}.svg (<- Athar_Package 05 Web & Product/Icons/SVG)",2026-09-30T01:33:29Z,PASS,,reversed,transparent,1,webp,v1.5.1 (carried),,,
dist/brand/icons/dark/athar-icon-sme-20.png,4 icon-system,sme,20 x 20,945,d9df1543511a987d9fdd20806428d4af4e85e00de1b6378027deec3fd65e84b6,resvg-js 2.6.2 (resvg 0.40.0) + sharp 0.34.3/libvips 8.17.1,"rendered-assets-v1.5.0/dist/brand/icons/official/sme-{16,20,24,32,48}.svg (<- Athar_Package 05 Web & Product/Icons/SVG)",2026-09-30T01:33:29Z,PASS,,reversed,transparent,1,png,v1.5.1 (carried),,,
dist/brand/icons/dark/athar-icon-sme-20.webp,4 icon-system,sme,20 x 20,912,3b26c1039605bc0cae8d087fb07fa4824755bd8a43826e68f89c097987ed6f90,resvg-js 2.6.2 + sharp 0.34.3 (WebP),"rendered-assets-v1.5.0/dist/brand/icons/official/sme-{16,20,24,32,48}.svg (<- Athar_Package 05 Web & Product/Icons/SVG)",2026-09-30T01:33:29Z,PASS,,reversed,transparent,1,webp,v1.5.1 (carried),,,
dist/brand/icons/dark/athar-icon-sme-24.png,4 icon-system,sme,24 x 24,869,15f95c567939e4ce0743d0d0d5ce38d13b9a22476bb5808002d40e0582939145,resvg-js 2.6.2 (resvg 0.40.0) + sharp 0.34.3/libvips 8.17.1,"rendered-assets-v1.5.0/dist/brand/icons/official/sme-{16,20,24,32,48}.svg (<- Athar_Package 05 Web & Product/Icons/SVG)",2026-09-30T01:33:29Z,PASS,,reversed,transparent,1,png,v1.5.1 (carried),,,
dist/brand/icons/dark/athar-icon-sme-24.webp,4 icon-system,sme,24 x 24,852,eea3649c14ec158c7ce514d04a61c0783029d13e6166c3c522fbf44b595f65d3,resvg-js 2.6.2 + sharp 0.34.3 (WebP),"rendered-assets-v1.5.0/dist/brand/icons/official/sme-{16,20,24,32,48}.svg (<- Athar_Package 05 Web & Product/Icons/SVG)",2026-09-30T01:33:29Z,PASS,,reversed,transparent,1,webp,v1.5.1 (carried),,,
dist/brand/icons/dark/athar-icon-sme-32.png,4 icon-system,sme,32 x 32,1013,df9bad8257a7df2fe92820d3b870f1757cdb068ac4147ea3df92c87d830f87b0,resvg-js 2.6.2 (resvg 0.40.0) + sharp 0.34.3/libvips 8.17.1,"rendered-assets-v1.5.0/dist/brand/icons/official/sme-{16,20,24,32,48}.svg (<- Athar_Package 05 Web & Product/Icons/SVG)",2026-09-30T01:33:29Z,PASS,,reversed,transparent,1,png,v1.5.1 (carried),,,
dist/brand/icons/dark/athar-icon-sme-32.webp,4 icon-system,sme,32 x 32,928,ef0638ee938df15eda87a370f0aada31638a0ae9a2186e81e7099b439cebbe1e,resvg-js 2.6.2 + sharp 0.34.3 (WebP),"rendered-assets-v1.5.0/dist/brand/icons/official/sme-{16,20,24,32,48}.svg (<- Athar_Package 05 Web & Product/Icons/SVG)",2026-09-30T01:33:29Z,PASS,,reversed,transparent,1,webp,v1.5.1 (carried),,,
dist/brand/icons/dark/athar-icon-sme-48.png,4 icon-system,sme,48 x 48,1140,87fcd131be944934c7da76c9b026697fe37980e1b7ed77604cb49df79b650573,resvg-js 2.6.2 (resvg 0.40.0) + sharp 0.34.3/libvips 8.17.1,"rendered-assets-v1.5.0/dist/brand/icons/official/sme-{16,20,24,32,48}.svg (<- Athar_Package 05 Web & Product/Icons/SVG)",2026-09-30T01:33:29Z,PASS,,reversed,transparent,1,png,v1.5.1 (carried),,,
dist/brand/icons/dark/athar-icon-sme-48.webp,4 icon-system,sme,48 x 48,958,153023fc063eff3890ac8cc149792f3d28234ac15cc7c3c1957257d42962f2bf,resvg-js 2.6.2 + sharp 0.34.3 (WebP),"rendered-assets-v1.5.0/dist/brand/icons/official/sme-{16,20,24,32,48}.svg (<- Athar_Package 05 Web & Product/Icons/SVG)",2026-09-30T01:33:29Z,PASS,,reversed,transparent,1,webp,v1.5.1 (carried),,,
dist/brand/icons/dark/athar-icon-sme-64.png,4 icon-system,sme,64 x 64,1234,e8a96a2ccb973ed341d7c851d02e0de0859fea4e266d1f0ceda20c32ef1337c0,resvg-js 2.6.2 (resvg 0.40.0) + sharp 0.34.3/libvips 8.17.1,"rendered-assets-v1.5.0/dist/brand/icons/official/sme-{16,20,24,32,48}.svg (<- Athar_Package 05 Web & Product/Icons/SVG)",2026-09-30T01:33:29Z,PASS,,reversed,transparent,1,png,v1.5.1 (carried),,,
dist/brand/icons/dark/athar-icon-sme-64.webp,4 icon-system,sme,64 x 64,974,35a6e54b8752fbcf9c082592b0df149ad26449cb3297a1ff41e02eee84a6d45b,resvg-js 2.6.2 + sharp 0.34.3 (WebP),"rendered-assets-v1.5.0/dist/brand/icons/official/sme-{16,20,24,32,48}.svg (<- Athar_Package 05 Web & Product/Icons/SVG)",2026-09-30T01:33:29Z,PASS,,reversed,transparent,1,webp,v1.5.1 (carried),,,
dist/brand/icons/dark/athar-icon-sme-128.png,4 icon-system,sme,128 x 128,1754,6001ec20fa09b00ead1827209b3b7aa8e9586429fce20065f1f5f0735aacf1d9,resvg-js 2.6.2 (resvg 0.40.0) + sharp 0.34.3/libvips 8.17.1,"rendered-assets-v1.5.0/dist/brand/icons/official/sme-{16,20,24,32,48}.svg (<- Athar_Package 05 Web & Product/Icons/SVG)",2026-09-30T01:33:29Z,PASS,,reversed,transparent,1,png,v1.5.1 (carried),,,
dist/brand/icons/dark/athar-icon-sme-128.webp,4 icon-system,sme,128 x 128,1114,8bcdf9adc8ff0ac3de14511a5ec2ad66ba2f7a0008d797361f63c0226860916d,resvg-js 2.6.2 + sharp 0.34.3 (WebP),"rendered-assets-v1.5.0/dist/brand/icons/official/sme-{16,20,24,32,48}.svg (<- Athar_Package 05 Web & Product/Icons/SVG)",2026-09-30T01:33:29Z,PASS,,reversed,transparent,1,webp,v1.5.1 (carried),,,
dist/brand/icons/dark/athar-icon-sme-256.png,4 icon-system,sme,256 x 256,2988,790ed75c4cc2e2c5a460f3e2d2759dae1e0574c744aa8894238604bc26a22673,resvg-js 2.6.2 (resvg 0.40.0) + sharp 0.34.3/libvips 8.17.1,"rendered-assets-v1.5.0/dist/brand/icons/official/sme-{16,20,24,32,48}.svg (<- Athar_Package 05 Web & Product/Icons/SVG)",2026-09-30T01:33:29Z,PASS,,reversed,transparent,1,png,v1.5.1 (carried),,,
dist/brand/icons/dark/athar-icon-sme-256.webp,4 icon-system,sme,256 x 256,1404,8ea94cef83bd0bd7e2307a22a61bfb35d68273f5233ecec6113180da5dddcd73,resvg-js 2.6.2 + sharp 0.34.3 (WebP),"rendered-assets-v1.5.0/dist/brand/icons/official/sme-{16,20,24,32,48}.svg (<- Athar_Package 05 Web & Product/Icons/SVG)",2026-09-30T01:33:29Z,PASS,,reversed,transparent,1,webp,v1.5.1 (carried),,,
dist/brand/icons/dark/athar-icon-sme-512.png,4 icon-system,sme,512 x 512,5520,b733ab1fa8e395ee6845ed7d8ed927c72f7f47a0d6cc4a3c4f4a4935bad43742,resvg-js 2.6.2 (resvg 0.40.0) + sharp 0.34.3/libvips 8.17.1,"rendered-assets-v1.5.0/dist/brand/icons/official/sme-{16,20,24,32,48}.svg (<- Athar_Package 05 Web & Product/Icons/SVG)",2026-09-30T01:33:29Z,PASS,,reversed,transparent,1,png,v1.5.1 (carried),,,
dist/brand/icons/dark/athar-icon-sme-512.webp,4 icon-system,sme,512 x 512,2058,948cca90ac874309cec967592e2d848a3d745b6714b6693b7ffb1c06d0dc7b9b,resvg-js 2.6.2 + sharp 0.34.3 (WebP),"rendered-assets-v1.5.0/dist/brand/icons/official/sme-{16,20,24,32,48}.svg (<- Athar_Package 05 Web & Product/Icons/SVG)",2026-09-30T01:33:29Z,PASS,,reversed,transparent,1,webp,v1.5.1 (carried),,,
dist/brand/icons/svg/athar-icon-sme-24.svg,4 icon-system,sme,24 x 24,353,98581577032ef9867e9b266c819dae812a95a27c00c1a9a3407ebce2f95f4ded,svgo 4.1.0 (safe config),"rendered-assets-v1.5.0/dist/brand/icons/official/sme-{16,20,24,32,48}.svg (<- Athar_Package 05 Web & Product/Icons/SVG)",2026-09-30T01:33:34Z,PASS,,currentColor,transparent,1,svg,v1.5.1 (carried),,,
dist/brand/icons/light/athar-icon-tasks-16.png,4 icon-system,tasks,16 x 16,829,f33c5bf2f0169a7dba7375c37796e9b6b30eaa936e09c3e257dee8ba44eb0e1e,resvg-js 2.6.2 (resvg 0.40.0) + sharp 0.34.3/libvips 8.17.1,"rendered-assets-v1.5.0/dist/brand/icons/official/tasks-{16,20,24,32,48}.svg (<- Athar_Package 05 Web & Product/Icons/SVG)",2026-09-30T01:33:29Z,PASS,,navy,transparent,1,png,v1.5.1 (carried),,,
dist/brand/icons/light/athar-icon-tasks-16.webp,4 icon-system,tasks,16 x 16,840,09f5962bbc7e41f53be2fa52eeb3839ee206cbdf821367ca5b456b8bc2632fcc,resvg-js 2.6.2 + sharp 0.34.3 (WebP),"rendered-assets-v1.5.0/dist/brand/icons/official/tasks-{16,20,24,32,48}.svg (<- Athar_Package 05 Web & Product/Icons/SVG)",2026-09-30T01:33:29Z,PASS,,navy,transparent,1,webp,v1.5.1 (carried),,,
dist/brand/icons/light/athar-icon-tasks-20.png,4 icon-system,tasks,20 x 20,907,c903867cf173f660fe2c3868dca16c3651d59a5be740a5681a17828ac89e5702,resvg-js 2.6.2 (resvg 0.40.0) + sharp 0.34.3/libvips 8.17.1,"rendered-assets-v1.5.0/dist/brand/icons/official/tasks-{16,20,24,32,48}.svg (<- Athar_Package 05 Web & Product/Icons/SVG)",2026-09-30T01:33:29Z,PASS,,navy,transparent,1,png,v1.5.1 (carried),,,
dist/brand/icons/light/athar-icon-tasks-20.webp,4 icon-system,tasks,20 x 20,858,2125cc25b449d8e84fcb93154e3faf61f0841fd09e15c59255f0946dc40526be,resvg-js 2.6.2 + sharp 0.34.3 (WebP),"rendered-assets-v1.5.0/dist/brand/icons/official/tasks-{16,20,24,32,48}.svg (<- Athar_Package 05 Web & Product/Icons/SVG)",2026-09-30T01:33:29Z,PASS,,navy,transparent,1,webp,v1.5.1 (carried),,,
dist/brand/icons/light/athar-icon-tasks-24.png,4 icon-system,tasks,24 x 24,773,119ab5e356404917104caf65c64a84c4a575f6d5c2afd67a3e757822c1e1fc7c,resvg-js 2.6.2 (resvg 0.40.0) + sharp 0.34.3/libvips 8.17.1,"rendered-assets-v1.5.0/dist/brand/icons/official/tasks-{16,20,24,32,48}.svg (<- Athar_Package 05 Web & Product/Icons/SVG)",2026-09-30T01:33:29Z,PASS,,navy,transparent,1,png,v1.5.1 (carried),,,
dist/brand/icons/light/athar-icon-tasks-24.webp,4 icon-system,tasks,24 x 24,838,e6d8f8b10c93ba3383d0ed462b27d2077586c2f9a65249e577de245a818c1170,resvg-js 2.6.2 + sharp 0.34.3 (WebP),"rendered-assets-v1.5.0/dist/brand/icons/official/tasks-{16,20,24,32,48}.svg (<- Athar_Package 05 Web & Product/Icons/SVG)",2026-09-30T01:33:29Z,PASS,,navy,transparent,1,webp,v1.5.1 (carried),,,
dist/brand/icons/light/athar-icon-tasks-32.png,4 icon-system,tasks,32 x 32,1002,2249a1473c7df7d90c59592dff61d9c60cd9b48567fc19db2daefd72e40260c7,resvg-js 2.6.2 (resvg 0.40.0) + sharp 0.34.3/libvips 8.17.1,"rendered-assets-v1.5.0/dist/brand/icons/official/tasks-{16,20,24,32,48}.svg (<- Athar_Package 05 Web & Product/Icons/SVG)",2026-09-30T01:33:29Z,PASS,,navy,transparent,1,png,v1.5.1 (carried),,,
dist/brand/icons/light/athar-icon-tasks-32.webp,4 icon-system,tasks,32 x 32,902,9f2d2a35d983aa91a401f59b3dfbd50321cc8b7608a3a9cd48d054456e97e634,resvg-js 2.6.2 + sharp 0.34.3 (WebP),"rendered-assets-v1.5.0/dist/brand/icons/official/tasks-{16,20,24,32,48}.svg (<- Athar_Package 05 Web & Product/Icons/SVG)",2026-09-30T01:33:29Z,PASS,,navy,transparent,1,webp,v1.5.1 (carried),,,
dist/brand/icons/light/athar-icon-tasks-48.png,4 icon-system,tasks,48 x 48,939,f1738b8cffd670ee63208a0ac8d14e8517fa5b92459b33efb409d9736843c8ef,resvg-js 2.6.2 (resvg 0.40.0) + sharp 0.34.3/libvips 8.17.1,"rendered-assets-v1.5.0/dist/brand/icons/official/tasks-{16,20,24,32,48}.svg (<- Athar_Package 05 Web & Product/Icons/SVG)",2026-09-30T01:33:29Z,PASS,,navy,transparent,1,png,v1.5.1 (carried),,,
dist/brand/icons/light/athar-icon-tasks-48.webp,4 icon-system,tasks,48 x 48,874,7b2391958fd0f61db4c04d94abebdb29ddb65d402ee2f4e6f2b4dc4edc3eac10,resvg-js 2.6.2 + sharp 0.34.3 (WebP),"rendered-assets-v1.5.0/dist/brand/icons/official/tasks-{16,20,24,32,48}.svg (<- Athar_Package 05 Web & Product/Icons/SVG)",2026-09-30T01:33:29Z,PASS,,navy,transparent,1,webp,v1.5.1 (carried),,,
dist/brand/icons/light/athar-icon-tasks-64.png,4 icon-system,tasks,64 x 64,1307,92d27d251dbca4f2dd03b869ded6033e2e20395ed14f057a749f498fdfe5d2bd,resvg-js 2.6.2 (resvg 0.40.0) + sharp 0.34.3/libvips 8.17.1,"rendered-assets-v1.5.0/dist/brand/icons/official/tasks-{16,20,24,32,48}.svg (<- Athar_Package 05 Web & Product/Icons/SVG)",2026-09-30T01:33:29Z,PASS,,navy,transparent,1,png,v1.5.1 (carried),,,
dist/brand/icons/light/athar-icon-tasks-64.webp,4 icon-system,tasks,64 x 64,1006,6916d14bcdfdf73134442765187426e8e41ff81f726a50129b2b6d7e8700f015,resvg-js 2.6.2 + sharp 0.34.3 (WebP),"rendered-assets-v1.5.0/dist/brand/icons/official/tasks-{16,20,24,32,48}.svg (<- Athar_Package 05 Web & Product/Icons/SVG)",2026-09-30T01:33:29Z,PASS,,navy,transparent,1,webp,v1.5.1 (carried),,,
dist/brand/icons/light/athar-icon-tasks-128.png,4 icon-system,tasks,128 x 128,1921,35e169c1cfe4fbe91e38c0661c6d3b567f75858dff851c9c26e35b22ae1113a4,resvg-js 2.6.2 (resvg 0.40.0) + sharp 0.34.3/libvips 8.17.1,"rendered-assets-v1.5.0/dist/brand/icons/official/tasks-{16,20,24,32,48}.svg (<- Athar_Package 05 Web & Product/Icons/SVG)",2026-09-30T01:33:29Z,PASS,,navy,transparent,1,png,v1.5.1 (carried),,,
dist/brand/icons/light/athar-icon-tasks-128.webp,4 icon-system,tasks,128 x 128,1160,1237911ab34d5562c720347252669da8fd0852b6f3d016392f4cf40e33de4696,resvg-js 2.6.2 + sharp 0.34.3 (WebP),"rendered-assets-v1.5.0/dist/brand/icons/official/tasks-{16,20,24,32,48}.svg (<- Athar_Package 05 Web & Product/Icons/SVG)",2026-09-30T01:33:29Z,PASS,,navy,transparent,1,webp,v1.5.1 (carried),,,
dist/brand/icons/light/athar-icon-tasks-256.png,4 icon-system,tasks,256 x 256,3359,4bd397c89184579050ba269b7296c4e6bf36ed4f1045170963c0eb9d70a7be79,resvg-js 2.6.2 (resvg 0.40.0) + sharp 0.34.3/libvips 8.17.1,"rendered-assets-v1.5.0/dist/brand/icons/official/tasks-{16,20,24,32,48}.svg (<- Athar_Package 05 Web & Product/Icons/SVG)",2026-09-30T01:33:29Z,PASS,,navy,transparent,1,png,v1.5.1 (carried),,,
dist/brand/icons/light/athar-icon-tasks-256.webp,4 icon-system,tasks,256 x 256,1552,d9f8041f845d3c947b09086a7f530afd2422580421c461f1c6b9256744f58bc6,resvg-js 2.6.2 + sharp 0.34.3 (WebP),"rendered-assets-v1.5.0/dist/brand/icons/official/tasks-{16,20,24,32,48}.svg (<- Athar_Package 05 Web & Product/Icons/SVG)",2026-09-30T01:33:29Z,PASS,,navy,transparent,1,webp,v1.5.1 (carried),,,
dist/brand/icons/light/athar-icon-tasks-512.png,4 icon-system,tasks,512 x 512,6134,4cff5580c3d93ef8512da0c78e947045cc01d5b2daa749dc7398498136bf835e,resvg-js 2.6.2 (resvg 0.40.0) + sharp 0.34.3/libvips 8.17.1,"rendered-assets-v1.5.0/dist/brand/icons/official/tasks-{16,20,24,32,48}.svg (<- Athar_Package 05 Web & Product/Icons/SVG)",2026-09-30T01:33:29Z,PASS,,navy,transparent,1,png,v1.5.1 (carried),,,
dist/brand/icons/light/athar-icon-tasks-512.webp,4 icon-system,tasks,512 x 512,2348,550239de1508026c089502e9973899294eda0d32b2e44ea9890fd213af479318,resvg-js 2.6.2 + sharp 0.34.3 (WebP),"rendered-assets-v1.5.0/dist/brand/icons/official/tasks-{16,20,24,32,48}.svg (<- Athar_Package 05 Web & Product/Icons/SVG)",2026-09-30T01:33:29Z,PASS,,navy,transparent,1,webp,v1.5.1 (carried),,,
dist/brand/icons/dark/athar-icon-tasks-16.png,4 icon-system,tasks,16 x 16,827,6607c8d8dd731e3f762c95ab1cae67cdce8db4f7e12a954ece1da44db313de6e,resvg-js 2.6.2 (resvg 0.40.0) + sharp 0.34.3/libvips 8.17.1,"rendered-assets-v1.5.0/dist/brand/icons/official/tasks-{16,20,24,32,48}.svg (<- Athar_Package 05 Web & Product/Icons/SVG)",2026-09-30T01:33:29Z,PASS,,reversed,transparent,1,png,v1.5.1 (carried),,,
dist/brand/icons/dark/athar-icon-tasks-16.webp,4 icon-system,tasks,16 x 16,850,6c35bb2f3992878b4254ff2dcc2f835cb80ebf32c260a4a81889a9daeeebe36d,resvg-js 2.6.2 + sharp 0.34.3 (WebP),"rendered-assets-v1.5.0/dist/brand/icons/official/tasks-{16,20,24,32,48}.svg (<- Athar_Package 05 Web & Product/Icons/SVG)",2026-09-30T01:33:29Z,PASS,,reversed,transparent,1,webp,v1.5.1 (carried),,,
dist/brand/icons/dark/athar-icon-tasks-20.png,4 icon-system,tasks,20 x 20,896,e16aafbc8e901002f823ab53e32006adb1d32d7c3acb0d5bb84298364915945d,resvg-js 2.6.2 (resvg 0.40.0) + sharp 0.34.3/libvips 8.17.1,"rendered-assets-v1.5.0/dist/brand/icons/official/tasks-{16,20,24,32,48}.svg (<- Athar_Package 05 Web & Product/Icons/SVG)",2026-09-30T01:33:29Z,PASS,,reversed,transparent,1,png,v1.5.1 (carried),,,
dist/brand/icons/dark/athar-icon-tasks-20.webp,4 icon-system,tasks,20 x 20,860,39da178210615c9a70b0a65a7a1296b0788ccbceac5ed78a3e00403b221b48a9,resvg-js 2.6.2 + sharp 0.34.3 (WebP),"rendered-assets-v1.5.0/dist/brand/icons/official/tasks-{16,20,24,32,48}.svg (<- Athar_Package 05 Web & Product/Icons/SVG)",2026-09-30T01:33:29Z,PASS,,reversed,transparent,1,webp,v1.5.1 (carried),,,
dist/brand/icons/dark/athar-icon-tasks-24.png,4 icon-system,tasks,24 x 24,761,f98c89f3513b8e43107bd145c366f002b1178dd961e510ceb217c6248a548c1d,resvg-js 2.6.2 (resvg 0.40.0) + sharp 0.34.3/libvips 8.17.1,"rendered-assets-v1.5.0/dist/brand/icons/official/tasks-{16,20,24,32,48}.svg (<- Athar_Package 05 Web & Product/Icons/SVG)",2026-09-30T01:33:29Z,PASS,,reversed,transparent,1,png,v1.5.1 (carried),,,
dist/brand/icons/dark/athar-icon-tasks-24.webp,4 icon-system,tasks,24 x 24,840,7d78333479c1dbae3fdb5fcd5fc191d45b832fcf60f8b5de2830204f05287d1a,resvg-js 2.6.2 + sharp 0.34.3 (WebP),"rendered-assets-v1.5.0/dist/brand/icons/official/tasks-{16,20,24,32,48}.svg (<- Athar_Package 05 Web & Product/Icons/SVG)",2026-09-30T01:33:29Z,PASS,,reversed,transparent,1,webp,v1.5.1 (carried),,,
dist/brand/icons/dark/athar-icon-tasks-32.png,4 icon-system,tasks,32 x 32,1006,3246fd6327b40e5e0010489ad33ab028224c07280ce8992e88af322b11f43158,resvg-js 2.6.2 (resvg 0.40.0) + sharp 0.34.3/libvips 8.17.1,"rendered-assets-v1.5.0/dist/brand/icons/official/tasks-{16,20,24,32,48}.svg (<- Athar_Package 05 Web & Product/Icons/SVG)",2026-09-30T01:33:29Z,PASS,,reversed,transparent,1,png,v1.5.1 (carried),,,
dist/brand/icons/dark/athar-icon-tasks-32.webp,4 icon-system,tasks,32 x 32,904,af9055c110d2669865b98e138e98b2049e534677620f212a89a1d2b13c4c4d22,resvg-js 2.6.2 + sharp 0.34.3 (WebP),"rendered-assets-v1.5.0/dist/brand/icons/official/tasks-{16,20,24,32,48}.svg (<- Athar_Package 05 Web & Product/Icons/SVG)",2026-09-30T01:33:29Z,PASS,,reversed,transparent,1,webp,v1.5.1 (carried),,,
dist/brand/icons/dark/athar-icon-tasks-48.png,4 icon-system,tasks,48 x 48,923,7dd9cf1b214097389c6c33bf44b9144922e5e48ddcb8156b3b7dcb7b1c8e2e6a,resvg-js 2.6.2 (resvg 0.40.0) + sharp 0.34.3/libvips 8.17.1,"rendered-assets-v1.5.0/dist/brand/icons/official/tasks-{16,20,24,32,48}.svg (<- Athar_Package 05 Web & Product/Icons/SVG)",2026-09-30T01:33:29Z,PASS,,reversed,transparent,1,png,v1.5.1 (carried),,,
dist/brand/icons/dark/athar-icon-tasks-48.webp,4 icon-system,tasks,48 x 48,878,ebd3a415d3dbf84dd40facf3134ac9baef7e8fabf8a080d8a0c113347c131316,resvg-js 2.6.2 + sharp 0.34.3 (WebP),"rendered-assets-v1.5.0/dist/brand/icons/official/tasks-{16,20,24,32,48}.svg (<- Athar_Package 05 Web & Product/Icons/SVG)",2026-09-30T01:33:29Z,PASS,,reversed,transparent,1,webp,v1.5.1 (carried),,,
dist/brand/icons/dark/athar-icon-tasks-64.png,4 icon-system,tasks,64 x 64,1287,4954255d9ae62279086494c2b02fef786d5918a2639eb2b0cb7334d8bba53b0a,resvg-js 2.6.2 (resvg 0.40.0) + sharp 0.34.3/libvips 8.17.1,"rendered-assets-v1.5.0/dist/brand/icons/official/tasks-{16,20,24,32,48}.svg (<- Athar_Package 05 Web & Product/Icons/SVG)",2026-09-30T01:33:29Z,PASS,,reversed,transparent,1,png,v1.5.1 (carried),,,
dist/brand/icons/dark/athar-icon-tasks-64.webp,4 icon-system,tasks,64 x 64,1010,eb12d0ff8aa2b991759916e8a2ac090b0ff35bc3dc4f886d19e80665a2757336,resvg-js 2.6.2 + sharp 0.34.3 (WebP),"rendered-assets-v1.5.0/dist/brand/icons/official/tasks-{16,20,24,32,48}.svg (<- Athar_Package 05 Web & Product/Icons/SVG)",2026-09-30T01:33:29Z,PASS,,reversed,transparent,1,webp,v1.5.1 (carried),,,
dist/brand/icons/dark/athar-icon-tasks-128.png,4 icon-system,tasks,128 x 128,1851,0662c72eb348448b8e9c22cb3bb09492331006b5aba51c0ae1365513f5ae431e,resvg-js 2.6.2 (resvg 0.40.0) + sharp 0.34.3/libvips 8.17.1,"rendered-assets-v1.5.0/dist/brand/icons/official/tasks-{16,20,24,32,48}.svg (<- Athar_Package 05 Web & Product/Icons/SVG)",2026-09-30T01:33:29Z,PASS,,reversed,transparent,1,png,v1.5.1 (carried),,,
dist/brand/icons/dark/athar-icon-tasks-128.webp,4 icon-system,tasks,128 x 128,1166,aaee7145a2d33172208e5d32399af23f8e156a726fd77189e1641e79f2c117be,resvg-js 2.6.2 + sharp 0.34.3 (WebP),"rendered-assets-v1.5.0/dist/brand/icons/official/tasks-{16,20,24,32,48}.svg (<- Athar_Package 05 Web & Product/Icons/SVG)",2026-09-30T01:33:29Z,PASS,,reversed,transparent,1,webp,v1.5.1 (carried),,,
dist/brand/icons/dark/athar-icon-tasks-256.png,4 icon-system,tasks,256 x 256,3224,1ded9fb37620e665792cc44f1c0da0c8f78ec82c3da2dcb4982f0a7aca1a1a22,resvg-js 2.6.2 (resvg 0.40.0) + sharp 0.34.3/libvips 8.17.1,"rendered-assets-v1.5.0/dist/brand/icons/official/tasks-{16,20,24,32,48}.svg (<- Athar_Package 05 Web & Product/Icons/SVG)",2026-09-30T01:33:29Z,PASS,,reversed,transparent,1,png,v1.5.1 (carried),,,
dist/brand/icons/dark/athar-icon-tasks-256.webp,4 icon-system,tasks,256 x 256,1556,d6c6e5314fd6ec091b1bd481d4fa482ef4d79cdb64622c7e36cba107eeb5dcdb,resvg-js 2.6.2 + sharp 0.34.3 (WebP),"rendered-assets-v1.5.0/dist/brand/icons/official/tasks-{16,20,24,32,48}.svg (<- Athar_Package 05 Web & Product/Icons/SVG)",2026-09-30T01:33:29Z,PASS,,reversed,transparent,1,webp,v1.5.1 (carried),,,
dist/brand/icons/dark/athar-icon-tasks-512.png,4 icon-system,tasks,512 x 512,5943,5fd82dd26b7572900e8a818c2120144fca72b6c52601a00000205d670a770547,resvg-js 2.6.2 (resvg 0.40.0) + sharp 0.34.3/libvips 8.17.1,"rendered-assets-v1.5.0/dist/brand/icons/official/tasks-{16,20,24,32,48}.svg (<- Athar_Package 05 Web & Product/Icons/SVG)",2026-09-30T01:33:29Z,PASS,,reversed,transparent,1,png,v1.5.1 (carried),,,
dist/brand/icons/dark/athar-icon-tasks-512.webp,4 icon-system,tasks,512 x 512,2352,e3b117b9a6d33a631a02ec7aa37b48c09b46718e30764c03d38f79bf81f505b5,resvg-js 2.6.2 + sharp 0.34.3 (WebP),"rendered-assets-v1.5.0/dist/brand/icons/official/tasks-{16,20,24,32,48}.svg (<- Athar_Package 05 Web & Product/Icons/SVG)",2026-09-30T01:33:29Z,PASS,,reversed,transparent,1,webp,v1.5.1 (carried),,,
dist/brand/icons/svg/athar-icon-tasks-24.svg,4 icon-system,tasks,24 x 24,289,fed582def070a27b7f4d8fc467dbd80b986d481ac53b80890a0ba977fd0e8ef6,svgo 4.1.0 (safe config),"rendered-assets-v1.5.0/dist/brand/icons/official/tasks-{16,20,24,32,48}.svg (<- Athar_Package 05 Web & Product/Icons/SVG)",2026-09-30T01:33:34Z,PASS,,currentColor,transparent,1,svg,v1.5.1 (carried),,,
dist/brand/icons/light/athar-icon-trace-history-16.png,4 icon-system,trace-history,16 x 16,831,a244d51ef587f52c8ed1b3340e6d9cd2763cfa5b050fe616e92b01795ebd16c1,resvg-js 2.6.2 (resvg 0.40.0) + sharp 0.34.3/libvips 8.17.1,"rendered-assets-v1.5.0/dist/brand/icons/official/trace-history-{16,20,24,32,48}.svg (<- Athar_Package 05 Web & Product/Icons/SVG)",2026-09-30T01:33:29Z,PASS,,navy,transparent,1,png,v1.5.1 (carried),,,
dist/brand/icons/light/athar-icon-trace-history-16.webp,4 icon-system,trace-history,16 x 16,876,d1b53aecf79f70d50d8fcc7e81abc915d9db91109c160ef595905de8ca0437a0,resvg-js 2.6.2 + sharp 0.34.3 (WebP),"rendered-assets-v1.5.0/dist/brand/icons/official/trace-history-{16,20,24,32,48}.svg (<- Athar_Package 05 Web & Product/Icons/SVG)",2026-09-30T01:33:29Z,PASS,,navy,transparent,1,webp,v1.5.1 (carried),,,
dist/brand/icons/light/athar-icon-trace-history-20.png,4 icon-system,trace-history,20 x 20,858,696dcebe20da67a6fe39781d52734eed8c887b7ebabe801d455ef342214ad87a,resvg-js 2.6.2 (resvg 0.40.0) + sharp 0.34.3/libvips 8.17.1,"rendered-assets-v1.5.0/dist/brand/icons/official/trace-history-{16,20,24,32,48}.svg (<- Athar_Package 05 Web & Product/Icons/SVG)",2026-09-30T01:33:29Z,PASS,,navy,transparent,1,png,v1.5.1 (carried),,,
dist/brand/icons/light/athar-icon-trace-history-20.webp,4 icon-system,trace-history,20 x 20,888,d7cff1bdde827c32ce277c2e28cda10207c47625fc2eae49fff339dcfb7f1c45,resvg-js 2.6.2 + sharp 0.34.3 (WebP),"rendered-assets-v1.5.0/dist/brand/icons/official/trace-history-{16,20,24,32,48}.svg (<- Athar_Package 05 Web & Product/Icons/SVG)",2026-09-30T01:33:29Z,PASS,,navy,transparent,1,webp,v1.5.1 (carried),,,
dist/brand/icons/light/athar-icon-trace-history-24.png,4 icon-system,trace-history,24 x 24,933,416f55747fe0eee765a0498197326b3bcc50cb68c97defa7938b4b30ec5dc790,resvg-js 2.6.2 (resvg 0.40.0) + sharp 0.34.3/libvips 8.17.1,"rendered-assets-v1.5.0/dist/brand/icons/official/trace-history-{16,20,24,32,48}.svg (<- Athar_Package 05 Web & Product/Icons/SVG)",2026-09-30T01:33:29Z,PASS,,navy,transparent,1,png,v1.5.1 (carried),,,
dist/brand/icons/light/athar-icon-trace-history-24.webp,4 icon-system,trace-history,24 x 24,894,23ae284e46c3addf3e2ac91dca8c60ce60ce17ccf3093621cf5e0eee37d9c628,resvg-js 2.6.2 + sharp 0.34.3 (WebP),"rendered-assets-v1.5.0/dist/brand/icons/official/trace-history-{16,20,24,32,48}.svg (<- Athar_Package 05 Web & Product/Icons/SVG)",2026-09-30T01:33:29Z,PASS,,navy,transparent,1,webp,v1.5.1 (carried),,,
dist/brand/icons/light/athar-icon-trace-history-32.png,4 icon-system,trace-history,32 x 32,1044,b70c4cdcd2f4956eec8778c16364b039ef5c873bd465ff83b496465404e4878c,resvg-js 2.6.2 (resvg 0.40.0) + sharp 0.34.3/libvips 8.17.1,"rendered-assets-v1.5.0/dist/brand/icons/official/trace-history-{16,20,24,32,48}.svg (<- Athar_Package 05 Web & Product/Icons/SVG)",2026-09-30T01:33:29Z,PASS,,navy,transparent,1,png,v1.5.1 (carried),,,
dist/brand/icons/light/athar-icon-trace-history-32.webp,4 icon-system,trace-history,32 x 32,954,239b729fad4be87da292764449d18ea7212b709891d9ad9a01d1e09f3fe995d4,resvg-js 2.6.2 + sharp 0.34.3 (WebP),"rendered-assets-v1.5.0/dist/brand/icons/official/trace-history-{16,20,24,32,48}.svg (<- Athar_Package 05 Web & Product/Icons/SVG)",2026-09-30T01:33:29Z,PASS,,navy,transparent,1,webp,v1.5.1 (carried),,,
dist/brand/icons/light/athar-icon-trace-history-48.png,4 icon-system,trace-history,48 x 48,1141,211194b96e4bb37dc1233264694bc3b8765efad85a3c2ca1c182162f2fd914f5,resvg-js 2.6.2 (resvg 0.40.0) + sharp 0.34.3/libvips 8.17.1,"rendered-assets-v1.5.0/dist/brand/icons/official/trace-history-{16,20,24,32,48}.svg (<- Athar_Package 05 Web & Product/Icons/SVG)",2026-09-30T01:33:29Z,PASS,,navy,transparent,1,png,v1.5.1 (carried),,,
dist/brand/icons/light/athar-icon-trace-history-48.webp,4 icon-system,trace-history,48 x 48,980,ea168f84a2c7b5b5b2beb66f7bda883a1e114b9c98d963d55e0d1b950949caef,resvg-js 2.6.2 + sharp 0.34.3 (WebP),"rendered-assets-v1.5.0/dist/brand/icons/official/trace-history-{16,20,24,32,48}.svg (<- Athar_Package 05 Web & Product/Icons/SVG)",2026-09-30T01:33:29Z,PASS,,navy,transparent,1,webp,v1.5.1 (carried),,,
dist/brand/icons/light/athar-icon-trace-history-64.png,4 icon-system,trace-history,64 x 64,1352,4d67227a316d13416eeb86b700ef8c9eba6659fefbc70c395bb1cd8098abf6f2,resvg-js 2.6.2 (resvg 0.40.0) + sharp 0.34.3/libvips 8.17.1,"rendered-assets-v1.5.0/dist/brand/icons/official/trace-history-{16,20,24,32,48}.svg (<- Athar_Package 05 Web & Product/Icons/SVG)",2026-09-30T01:33:29Z,PASS,,navy,transparent,1,png,v1.5.1 (carried),,,
dist/brand/icons/light/athar-icon-trace-history-64.webp,4 icon-system,trace-history,64 x 64,1054,23788f9bed3bf4dffad958aa67d6ee937e1c48d9019e62b9891cb019a702a154,resvg-js 2.6.2 + sharp 0.34.3 (WebP),"rendered-assets-v1.5.0/dist/brand/icons/official/trace-history-{16,20,24,32,48}.svg (<- Athar_Package 05 Web & Product/Icons/SVG)",2026-09-30T01:33:29Z,PASS,,navy,transparent,1,webp,v1.5.1 (carried),,,
dist/brand/icons/light/athar-icon-trace-history-128.png,4 icon-system,trace-history,128 x 128,2073,3b06e7a5567685e1a780572677930bd2e1067c2eecf8d6c52a7c460c8980c7e7,resvg-js 2.6.2 (resvg 0.40.0) + sharp 0.34.3/libvips 8.17.1,"rendered-assets-v1.5.0/dist/brand/icons/official/trace-history-{16,20,24,32,48}.svg (<- Athar_Package 05 Web & Product/Icons/SVG)",2026-09-30T01:33:29Z,PASS,,navy,transparent,1,png,v1.5.1 (carried),,,
dist/brand/icons/light/athar-icon-trace-history-128.webp,4 icon-system,trace-history,128 x 128,1270,79e9519a3b428f56ba5d1225b78e1bf10a7eba34a015ad3c30f883ab557cc65a,resvg-js 2.6.2 + sharp 0.34.3 (WebP),"rendered-assets-v1.5.0/dist/brand/icons/official/trace-history-{16,20,24,32,48}.svg (<- Athar_Package 05 Web & Product/Icons/SVG)",2026-09-30T01:33:29Z,PASS,,navy,transparent,1,webp,v1.5.1 (carried),,,
dist/brand/icons/light/athar-icon-trace-history-256.png,4 icon-system,trace-history,256 x 256,3574,ac609e9188b2affbd4febe1808e1ab1a59257ab2320ec4ef11f8ccb5cd8f7b08,resvg-js 2.6.2 (resvg 0.40.0) + sharp 0.34.3/libvips 8.17.1,"rendered-assets-v1.5.0/dist/brand/icons/official/trace-history-{16,20,24,32,48}.svg (<- Athar_Package 05 Web & Product/Icons/SVG)",2026-09-30T01:33:29Z,PASS,,navy,transparent,1,png,v1.5.1 (carried),,,
dist/brand/icons/light/athar-icon-trace-history-256.webp,4 icon-system,trace-history,256 x 256,1702,567e3987dac59332268deec529f79f3c0014549d980bad3378a28083754c0b3c,resvg-js 2.6.2 + sharp 0.34.3 (WebP),"rendered-assets-v1.5.0/dist/brand/icons/official/trace-history-{16,20,24,32,48}.svg (<- Athar_Package 05 Web & Product/Icons/SVG)",2026-09-30T01:33:29Z,PASS,,navy,transparent,1,webp,v1.5.1 (carried),,,
dist/brand/icons/light/athar-icon-trace-history-512.png,4 icon-system,trace-history,512 x 512,6843,b62980031321afb957f7bf6b0787a18d90801690b036a3a8d57197e9c99797b9,resvg-js 2.6.2 (resvg 0.40.0) + sharp 0.34.3/libvips 8.17.1,"rendered-assets-v1.5.0/dist/brand/icons/official/trace-history-{16,20,24,32,48}.svg (<- Athar_Package 05 Web & Product/Icons/SVG)",2026-09-30T01:33:29Z,PASS,,navy,transparent,1,png,v1.5.1 (carried),,,
dist/brand/icons/light/athar-icon-trace-history-512.webp,4 icon-system,trace-history,512 x 512,2510,27907e9fbe10e5b6e2b9c91a305c4f7b829798ec6a4d6438fb182d7b7d44ddae,resvg-js 2.6.2 + sharp 0.34.3 (WebP),"rendered-assets-v1.5.0/dist/brand/icons/official/trace-history-{16,20,24,32,48}.svg (<- Athar_Package 05 Web & Product/Icons/SVG)",2026-09-30T01:33:29Z,PASS,,navy,transparent,1,webp,v1.5.1 (carried),,,
dist/brand/icons/dark/athar-icon-trace-history-16.png,4 icon-system,trace-history,16 x 16,824,1578ef6c30b4cc67df78a03a2f34913b833e378b19d2a5c766934e74bcadca0e,resvg-js 2.6.2 (resvg 0.40.0) + sharp 0.34.3/libvips 8.17.1,"rendered-assets-v1.5.0/dist/brand/icons/official/trace-history-{16,20,24,32,48}.svg (<- Athar_Package 05 Web & Product/Icons/SVG)",2026-09-30T01:33:29Z,PASS,,reversed,transparent,1,png,v1.5.1 (carried),,,
dist/brand/icons/dark/athar-icon-trace-history-16.webp,4 icon-system,trace-history,16 x 16,870,6af5aa91b370d3f098d42331d004e1caa7f82fd52f851cb5f52461a236d92702,resvg-js 2.6.2 + sharp 0.34.3 (WebP),"rendered-assets-v1.5.0/dist/brand/icons/official/trace-history-{16,20,24,32,48}.svg (<- Athar_Package 05 Web & Product/Icons/SVG)",2026-09-30T01:33:29Z,PASS,,reversed,transparent,1,webp,v1.5.1 (carried),,,
dist/brand/icons/dark/athar-icon-trace-history-20.png,4 icon-system,trace-history,20 x 20,862,e2b9685df8ca61d992d7cbd8acf3988f6c4a5d0cfa771091704f7f292c572c2f,resvg-js 2.6.2 (resvg 0.40.0) + sharp 0.34.3/libvips 8.17.1,"rendered-assets-v1.5.0/dist/brand/icons/official/trace-history-{16,20,24,32,48}.svg (<- Athar_Package 05 Web & Product/Icons/SVG)",2026-09-30T01:33:29Z,PASS,,reversed,transparent,1,png,v1.5.1 (carried),,,
dist/brand/icons/dark/athar-icon-trace-history-20.webp,4 icon-system,trace-history,20 x 20,882,749ac85b3f8892be052791ccf3ce4a7ded5102b0ef8031b47278da1f2817aa9c,resvg-js 2.6.2 + sharp 0.34.3 (WebP),"rendered-assets-v1.5.0/dist/brand/icons/official/trace-history-{16,20,24,32,48}.svg (<- Athar_Package 05 Web & Product/Icons/SVG)",2026-09-30T01:33:29Z,PASS,,reversed,transparent,1,webp,v1.5.1 (carried),,,
dist/brand/icons/dark/athar-icon-trace-history-24.png,4 icon-system,trace-history,24 x 24,921,1cf5db49fde711ff4f953debabade0259834bd64b129608dbbead4e6aa99804d,resvg-js 2.6.2 (resvg 0.40.0) + sharp 0.34.3/libvips 8.17.1,"rendered-assets-v1.5.0/dist/brand/icons/official/trace-history-{16,20,24,32,48}.svg (<- Athar_Package 05 Web & Product/Icons/SVG)",2026-09-30T01:33:29Z,PASS,,reversed,transparent,1,png,v1.5.1 (carried),,,
dist/brand/icons/dark/athar-icon-trace-history-24.webp,4 icon-system,trace-history,24 x 24,896,c1d36bf9f971969386b7c373b49551d0ef617ebbf7f57ec07f918495440ad9c5,resvg-js 2.6.2 + sharp 0.34.3 (WebP),"rendered-assets-v1.5.0/dist/brand/icons/official/trace-history-{16,20,24,32,48}.svg (<- Athar_Package 05 Web & Product/Icons/SVG)",2026-09-30T01:33:29Z,PASS,,reversed,transparent,1,webp,v1.5.1 (carried),,,
dist/brand/icons/dark/athar-icon-trace-history-32.png,4 icon-system,trace-history,32 x 32,1015,552de95267993c6f75060db452e0c8e49f19454433a9ab9265a6110235528b64,resvg-js 2.6.2 (resvg 0.40.0) + sharp 0.34.3/libvips 8.17.1,"rendered-assets-v1.5.0/dist/brand/icons/official/trace-history-{16,20,24,32,48}.svg (<- Athar_Package 05 Web & Product/Icons/SVG)",2026-09-30T01:33:29Z,PASS,,reversed,transparent,1,png,v1.5.1 (carried),,,
dist/brand/icons/dark/athar-icon-trace-history-32.webp,4 icon-system,trace-history,32 x 32,950,0fc455d07465a96363fccf8980bc607ff6c5ba1054d67f4ff13eec2221429f5a,resvg-js 2.6.2 + sharp 0.34.3 (WebP),"rendered-assets-v1.5.0/dist/brand/icons/official/trace-history-{16,20,24,32,48}.svg (<- Athar_Package 05 Web & Product/Icons/SVG)",2026-09-30T01:33:29Z,PASS,,reversed,transparent,1,webp,v1.5.1 (carried),,,
dist/brand/icons/dark/athar-icon-trace-history-48.png,4 icon-system,trace-history,48 x 48,1134,ffe801ee63e4f5b71c0641572096dfd8a0532f94f37e2fc4e28a4e50aa4a9fbc,resvg-js 2.6.2 (resvg 0.40.0) + sharp 0.34.3/libvips 8.17.1,"rendered-assets-v1.5.0/dist/brand/icons/official/trace-history-{16,20,24,32,48}.svg (<- Athar_Package 05 Web & Product/Icons/SVG)",2026-09-30T01:33:29Z,PASS,,reversed,transparent,1,png,v1.5.1 (carried),,,
dist/brand/icons/dark/athar-icon-trace-history-48.webp,4 icon-system,trace-history,48 x 48,972,1a968bf3165fee32edccf1553c51c1198a491c08da376bd899f2192658c5ff69,resvg-js 2.6.2 + sharp 0.34.3 (WebP),"rendered-assets-v1.5.0/dist/brand/icons/official/trace-history-{16,20,24,32,48}.svg (<- Athar_Package 05 Web & Product/Icons/SVG)",2026-09-30T01:33:29Z,PASS,,reversed,transparent,1,webp,v1.5.1 (carried),,,
dist/brand/icons/dark/athar-icon-trace-history-64.png,4 icon-system,trace-history,64 x 64,1339,302879f30f9583a16f13ac0fe3df2ed0cc8c8039d60fcf8e85c591f5dfc8bd12,resvg-js 2.6.2 (resvg 0.40.0) + sharp 0.34.3/libvips 8.17.1,"rendered-assets-v1.5.0/dist/brand/icons/official/trace-history-{16,20,24,32,48}.svg (<- Athar_Package 05 Web & Product/Icons/SVG)",2026-09-30T01:33:29Z,PASS,,reversed,transparent,1,png,v1.5.1 (carried),,,
dist/brand/icons/dark/athar-icon-trace-history-64.webp,4 icon-system,trace-history,64 x 64,1050,e3f81adaa6603b2e09990b2071a0dbfc08b2aea7a305900441e25d8914440acd,resvg-js 2.6.2 + sharp 0.34.3 (WebP),"rendered-assets-v1.5.0/dist/brand/icons/official/trace-history-{16,20,24,32,48}.svg (<- Athar_Package 05 Web & Product/Icons/SVG)",2026-09-30T01:33:29Z,PASS,,reversed,transparent,1,webp,v1.5.1 (carried),,,
dist/brand/icons/dark/athar-icon-trace-history-128.png,4 icon-system,trace-history,128 x 128,2018,0a662cd7c5e7174bff407ee72ef6e7aae666ada99fac7246edea9b309b5b0940,resvg-js 2.6.2 (resvg 0.40.0) + sharp 0.34.3/libvips 8.17.1,"rendered-assets-v1.5.0/dist/brand/icons/official/trace-history-{16,20,24,32,48}.svg (<- Athar_Package 05 Web & Product/Icons/SVG)",2026-09-30T01:33:29Z,PASS,,reversed,transparent,1,png,v1.5.1 (carried),,,
dist/brand/icons/dark/athar-icon-trace-history-128.webp,4 icon-system,trace-history,128 x 128,1278,3a7a6bd16f731b308a55dc0e022e42396369f0beab0467dcf3f6b3389437ffe8,resvg-js 2.6.2 + sharp 0.34.3 (WebP),"rendered-assets-v1.5.0/dist/brand/icons/official/trace-history-{16,20,24,32,48}.svg (<- Athar_Package 05 Web & Product/Icons/SVG)",2026-09-30T01:33:29Z,PASS,,reversed,transparent,1,webp,v1.5.1 (carried),,,
dist/brand/icons/dark/athar-icon-trace-history-256.png,4 icon-system,trace-history,256 x 256,3506,5a8d194592e62476646e17c578c53a7caff6a42ba4a45c4b269025631f670111,resvg-js 2.6.2 (resvg 0.40.0) + sharp 0.34.3/libvips 8.17.1,"rendered-assets-v1.5.0/dist/brand/icons/official/trace-history-{16,20,24,32,48}.svg (<- Athar_Package 05 Web & Product/Icons/SVG)",2026-09-30T01:33:29Z,PASS,,reversed,transparent,1,png,v1.5.1 (carried),,,
dist/brand/icons/dark/athar-icon-trace-history-256.webp,4 icon-system,trace-history,256 x 256,1710,d8ca33944ec981687399396fec489fb9f77b41a3d2bcaf2a802bab64da6e24cf,resvg-js 2.6.2 + sharp 0.34.3 (WebP),"rendered-assets-v1.5.0/dist/brand/icons/official/trace-history-{16,20,24,32,48}.svg (<- Athar_Package 05 Web & Product/Icons/SVG)",2026-09-30T01:33:29Z,PASS,,reversed,transparent,1,webp,v1.5.1 (carried),,,
dist/brand/icons/dark/athar-icon-trace-history-512.png,4 icon-system,trace-history,512 x 512,6745,93c2b93d269533a1548dc7ff64372e8be62ccc2c3dc14a49d20b7997f0bc342b,resvg-js 2.6.2 (resvg 0.40.0) + sharp 0.34.3/libvips 8.17.1,"rendered-assets-v1.5.0/dist/brand/icons/official/trace-history-{16,20,24,32,48}.svg (<- Athar_Package 05 Web & Product/Icons/SVG)",2026-09-30T01:33:29Z,PASS,,reversed,transparent,1,png,v1.5.1 (carried),,,
dist/brand/icons/dark/athar-icon-trace-history-512.webp,4 icon-system,trace-history,512 x 512,2518,7c4d6f37b404a8081432fb7d1728be5a4fe407dba8333f431830a11ea84b0d3f,resvg-js 2.6.2 + sharp 0.34.3 (WebP),"rendered-assets-v1.5.0/dist/brand/icons/official/trace-history-{16,20,24,32,48}.svg (<- Athar_Package 05 Web & Product/Icons/SVG)",2026-09-30T01:33:30Z,PASS,,reversed,transparent,1,webp,v1.5.1 (carried),,,
dist/brand/icons/svg/athar-icon-trace-history-24.svg,4 icon-system,trace-history,24 x 24,419,6fbdab3db2cb11ca6cc8e5d5fd0cddb0237ef88124f95d8b299eb23c5a453094,svgo 4.1.0 (safe config),"rendered-assets-v1.5.0/dist/brand/icons/official/trace-history-{16,20,24,32,48}.svg (<- Athar_Package 05 Web & Product/Icons/SVG)",2026-09-30T01:33:34Z,PASS,,currentColor,transparent,1,svg,v1.5.1 (carried),,,
dist/brand/icons/light/athar-icon-trust-safety-16.png,4 icon-system,trust-safety,16 x 16,925,bc5561b29c7085413b64d15b8d9806ea5e6688da98f4c7f38cd805bcae98e437,resvg-js 2.6.2 (resvg 0.40.0) + sharp 0.34.3/libvips 8.17.1,"rendered-assets-v1.5.0/dist/brand/icons/official/trust-safety-{16,20,24,32,48}.svg (<- Athar_Package 05 Web & Product/Icons/SVG)",2026-09-30T01:33:30Z,PASS,,navy,transparent,1,png,v1.5.1 (carried),,,
dist/brand/icons/light/athar-icon-trust-safety-16.webp,4 icon-system,trust-safety,16 x 16,874,eafb195e560f120992b057ebab1ea35c7e5dac2ad25245331bf98fd168989228,resvg-js 2.6.2 + sharp 0.34.3 (WebP),"rendered-assets-v1.5.0/dist/brand/icons/official/trust-safety-{16,20,24,32,48}.svg (<- Athar_Package 05 Web & Product/Icons/SVG)",2026-09-30T01:33:30Z,PASS,,navy,transparent,1,webp,v1.5.1 (carried),,,
dist/brand/icons/light/athar-icon-trust-safety-20.png,4 icon-system,trust-safety,20 x 20,958,f75a9a026d9da191736f98a471e603df97817f0f355918dfe7d1e79c3716b94f,resvg-js 2.6.2 (resvg 0.40.0) + sharp 0.34.3/libvips 8.17.1,"rendered-assets-v1.5.0/dist/brand/icons/official/trust-safety-{16,20,24,32,48}.svg (<- Athar_Package 05 Web & Product/Icons/SVG)",2026-09-30T01:33:30Z,PASS,,navy,transparent,1,png,v1.5.1 (carried),,,
dist/brand/icons/light/athar-icon-trust-safety-20.webp,4 icon-system,trust-safety,20 x 20,888,e6b1930f35ff73b76cec2d086262e8a7706cbee332468f84e71440c01e0c2460,resvg-js 2.6.2 + sharp 0.34.3 (WebP),"rendered-assets-v1.5.0/dist/brand/icons/official/trust-safety-{16,20,24,32,48}.svg (<- Athar_Package 05 Web & Product/Icons/SVG)",2026-09-30T01:33:30Z,PASS,,navy,transparent,1,webp,v1.5.1 (carried),,,
dist/brand/icons/light/athar-icon-trust-safety-24.png,4 icon-system,trust-safety,24 x 24,1033,0257e47961945ab88238ab1c75768844c4475bcc7dcda75652ff69e3e5b153c7,resvg-js 2.6.2 (resvg 0.40.0) + sharp 0.34.3/libvips 8.17.1,"rendered-assets-v1.5.0/dist/brand/icons/official/trust-safety-{16,20,24,32,48}.svg (<- Athar_Package 05 Web & Product/Icons/SVG)",2026-09-30T01:33:30Z,PASS,,navy,transparent,1,png,v1.5.1 (carried),,,
dist/brand/icons/light/athar-icon-trust-safety-24.webp,4 icon-system,trust-safety,24 x 24,902,7bb14cc43c8799652133ec7c0ef149f4da726ad79820f832318b0694083fbd8a,resvg-js 2.6.2 + sharp 0.34.3 (WebP),"rendered-assets-v1.5.0/dist/brand/icons/official/trust-safety-{16,20,24,32,48}.svg (<- Athar_Package 05 Web & Product/Icons/SVG)",2026-09-30T01:33:30Z,PASS,,navy,transparent,1,webp,v1.5.1 (carried),,,
dist/brand/icons/light/athar-icon-trust-safety-32.png,4 icon-system,trust-safety,32 x 32,1148,7c41ca460b9a795b3795c26c40e7ab45dad9576a139c6d5f568b36ad8b9b70a3,resvg-js 2.6.2 (resvg 0.40.0) + sharp 0.34.3/libvips 8.17.1,"rendered-assets-v1.5.0/dist/brand/icons/official/trust-safety-{16,20,24,32,48}.svg (<- Athar_Package 05 Web & Product/Icons/SVG)",2026-09-30T01:33:30Z,PASS,,navy,transparent,1,png,v1.5.1 (carried),,,
dist/brand/icons/light/athar-icon-trust-safety-32.webp,4 icon-system,trust-safety,32 x 32,948,f125f75c35a1aef904c0f5b5f34da5925ed2e6bab712a06e66c112feb4a32a59,resvg-js 2.6.2 + sharp 0.34.3 (WebP),"rendered-assets-v1.5.0/dist/brand/icons/official/trust-safety-{16,20,24,32,48}.svg (<- Athar_Package 05 Web & Product/Icons/SVG)",2026-09-30T01:33:30Z,PASS,,navy,transparent,1,webp,v1.5.1 (carried),,,
dist/brand/icons/light/athar-icon-trust-safety-48.png,4 icon-system,trust-safety,48 x 48,1408,6bc1394841c58092d14cb041642d66f451d936d8485474e9770c0e1b3351b27d,resvg-js 2.6.2 (resvg 0.40.0) + sharp 0.34.3/libvips 8.17.1,"rendered-assets-v1.5.0/dist/brand/icons/official/trust-safety-{16,20,24,32,48}.svg (<- Athar_Package 05 Web & Product/Icons/SVG)",2026-09-30T01:33:30Z,PASS,,navy,transparent,1,png,v1.5.1 (carried),,,
dist/brand/icons/light/athar-icon-trust-safety-48.webp,4 icon-system,trust-safety,48 x 48,1028,182b13f68b5476811d0a97a9850b3f436c316d587f86cf8bdbd28b767b4da77e,resvg-js 2.6.2 + sharp 0.34.3 (WebP),"rendered-assets-v1.5.0/dist/brand/icons/official/trust-safety-{16,20,24,32,48}.svg (<- Athar_Package 05 Web & Product/Icons/SVG)",2026-09-30T01:33:30Z,PASS,,navy,transparent,1,webp,v1.5.1 (carried),,,
dist/brand/icons/light/athar-icon-trust-safety-64.png,4 icon-system,trust-safety,64 x 64,1641,ab3276e3450e9945e3d6ca70c59dfbc757453b91c9350750ef9bb6065be711a3,resvg-js 2.6.2 (resvg 0.40.0) + sharp 0.34.3/libvips 8.17.1,"rendered-assets-v1.5.0/dist/brand/icons/official/trust-safety-{16,20,24,32,48}.svg (<- Athar_Package 05 Web & Product/Icons/SVG)",2026-09-30T01:33:30Z,PASS,,navy,transparent,1,png,v1.5.1 (carried),,,
dist/brand/icons/light/athar-icon-trust-safety-64.webp,4 icon-system,trust-safety,64 x 64,1128,dfe52d4216685995201cd65387ccf89dad98999578612368e53af51b5c3a396c,resvg-js 2.6.2 + sharp 0.34.3 (WebP),"rendered-assets-v1.5.0/dist/brand/icons/official/trust-safety-{16,20,24,32,48}.svg (<- Athar_Package 05 Web & Product/Icons/SVG)",2026-09-30T01:33:30Z,PASS,,navy,transparent,1,webp,v1.5.1 (carried),,,
dist/brand/icons/light/athar-icon-trust-safety-128.png,4 icon-system,trust-safety,128 x 128,2534,c90f8f13023af972c599e8854752615dbccc728970ef84851ca5e3289ed0e4c3,resvg-js 2.6.2 (resvg 0.40.0) + sharp 0.34.3/libvips 8.17.1,"rendered-assets-v1.5.0/dist/brand/icons/official/trust-safety-{16,20,24,32,48}.svg (<- Athar_Package 05 Web & Product/Icons/SVG)",2026-09-30T01:33:30Z,PASS,,navy,transparent,1,png,v1.5.1 (carried),,,
dist/brand/icons/light/athar-icon-trust-safety-128.webp,4 icon-system,trust-safety,128 x 128,1422,4bc4a5e4ba29f4545e17f83670a48f8991ff90659ffe8e1bdbc5038987829b82,resvg-js 2.6.2 + sharp 0.34.3 (WebP),"rendered-assets-v1.5.0/dist/brand/icons/official/trust-safety-{16,20,24,32,48}.svg (<- Athar_Package 05 Web & Product/Icons/SVG)",2026-09-30T01:33:30Z,PASS,,navy,transparent,1,webp,v1.5.1 (carried),,,
dist/brand/icons/light/athar-icon-trust-safety-256.png,4 icon-system,trust-safety,256 x 256,4279,cae6290e951e2acc1a192de0558f414c8aa809354218663746e48e4ea8096d18,resvg-js 2.6.2 (resvg 0.40.0) + sharp 0.34.3/libvips 8.17.1,"rendered-assets-v1.5.0/dist/brand/icons/official/trust-safety-{16,20,24,32,48}.svg (<- Athar_Package 05 Web & Product/Icons/SVG)",2026-09-30T01:33:30Z,PASS,,navy,transparent,1,png,v1.5.1 (carried),,,
dist/brand/icons/light/athar-icon-trust-safety-256.webp,4 icon-system,trust-safety,256 x 256,2000,39487c93b285fa40df984415b5600de6b9a6416cb910d384eee27a371e8e8de1,resvg-js 2.6.2 + sharp 0.34.3 (WebP),"rendered-assets-v1.5.0/dist/brand/icons/official/trust-safety-{16,20,24,32,48}.svg (<- Athar_Package 05 Web & Product/Icons/SVG)",2026-09-30T01:33:30Z,PASS,,navy,transparent,1,webp,v1.5.1 (carried),,,
dist/brand/icons/light/athar-icon-trust-safety-512.png,4 icon-system,trust-safety,512 x 512,8050,75b82a5361a7faeb0d10001ccc5366eda83136bd068991a9828814c250d918a7,resvg-js 2.6.2 (resvg 0.40.0) + sharp 0.34.3/libvips 8.17.1,"rendered-assets-v1.5.0/dist/brand/icons/official/trust-safety-{16,20,24,32,48}.svg (<- Athar_Package 05 Web & Product/Icons/SVG)",2026-09-30T01:33:30Z,PASS,,navy,transparent,1,png,v1.5.1 (carried),,,
dist/brand/icons/light/athar-icon-trust-safety-512.webp,4 icon-system,trust-safety,512 x 512,3234,4e740cb01602015f23f3713aabfff281b3f3adb024cdc21a7e013a4c5c156a22,resvg-js 2.6.2 + sharp 0.34.3 (WebP),"rendered-assets-v1.5.0/dist/brand/icons/official/trust-safety-{16,20,24,32,48}.svg (<- Athar_Package 05 Web & Product/Icons/SVG)",2026-09-30T01:33:30Z,PASS,,navy,transparent,1,webp,v1.5.1 (carried),,,
dist/brand/icons/dark/athar-icon-trust-safety-16.png,4 icon-system,trust-safety,16 x 16,919,13f8581c72eeb04e41ef311c03dd100c6346423bfa0f6c83ca2ac76878418102,resvg-js 2.6.2 (resvg 0.40.0) + sharp 0.34.3/libvips 8.17.1,"rendered-assets-v1.5.0/dist/brand/icons/official/trust-safety-{16,20,24,32,48}.svg (<- Athar_Package 05 Web & Product/Icons/SVG)",2026-09-30T01:33:30Z,PASS,,reversed,transparent,1,png,v1.5.1 (carried),,,
dist/brand/icons/dark/athar-icon-trust-safety-16.webp,4 icon-system,trust-safety,16 x 16,874,d30c50e51cbcd41e3bad4bcd8cc562d823208528f8bb2f35b22e7459742bd6d8,resvg-js 2.6.2 + sharp 0.34.3 (WebP),"rendered-assets-v1.5.0/dist/brand/icons/official/trust-safety-{16,20,24,32,48}.svg (<- Athar_Package 05 Web & Product/Icons/SVG)",2026-09-30T01:33:30Z,PASS,,reversed,transparent,1,webp,v1.5.1 (carried),,,
dist/brand/icons/dark/athar-icon-trust-safety-20.png,4 icon-system,trust-safety,20 x 20,942,043390f9f675678546f2f8477fd96cf4147692f1bc475feb3c397287e6750d5e,resvg-js 2.6.2 (resvg 0.40.0) + sharp 0.34.3/libvips 8.17.1,"rendered-assets-v1.5.0/dist/brand/icons/official/trust-safety-{16,20,24,32,48}.svg (<- Athar_Package 05 Web & Product/Icons/SVG)",2026-09-30T01:33:30Z,PASS,,reversed,transparent,1,png,v1.5.1 (carried),,,
dist/brand/icons/dark/athar-icon-trust-safety-20.webp,4 icon-system,trust-safety,20 x 20,884,2c5cb05cb5abc3c58b321ae253d5a877f162e52094936b4a0c274b9fc5967efa,resvg-js 2.6.2 + sharp 0.34.3 (WebP),"rendered-assets-v1.5.0/dist/brand/icons/official/trust-safety-{16,20,24,32,48}.svg (<- Athar_Package 05 Web & Product/Icons/SVG)",2026-09-30T01:33:30Z,PASS,,reversed,transparent,1,webp,v1.5.1 (carried),,,
dist/brand/icons/dark/athar-icon-trust-safety-24.png,4 icon-system,trust-safety,24 x 24,991,d2b489ae83a59fee7c462df64ce535d7940441153396fc4b697ef12b978c6f49,resvg-js 2.6.2 (resvg 0.40.0) + sharp 0.34.3/libvips 8.17.1,"rendered-assets-v1.5.0/dist/brand/icons/official/trust-safety-{16,20,24,32,48}.svg (<- Athar_Package 05 Web & Product/Icons/SVG)",2026-09-30T01:33:30Z,PASS,,reversed,transparent,1,png,v1.5.1 (carried),,,
dist/brand/icons/dark/athar-icon-trust-safety-24.webp,4 icon-system,trust-safety,24 x 24,898,217a22127b7e4ec0e8fdae4647830d4c9c6494f2abdbb20a77f2c77a459ee17b,resvg-js 2.6.2 + sharp 0.34.3 (WebP),"rendered-assets-v1.5.0/dist/brand/icons/official/trust-safety-{16,20,24,32,48}.svg (<- Athar_Package 05 Web & Product/Icons/SVG)",2026-09-30T01:33:30Z,PASS,,reversed,transparent,1,webp,v1.5.1 (carried),,,
dist/brand/icons/dark/athar-icon-trust-safety-32.png,4 icon-system,trust-safety,32 x 32,1148,0f70be3727a28ae8bc794e5a2d3108f89f9789c5003f5b337252357e2b9343ff,resvg-js 2.6.2 (resvg 0.40.0) + sharp 0.34.3/libvips 8.17.1,"rendered-assets-v1.5.0/dist/brand/icons/official/trust-safety-{16,20,24,32,48}.svg (<- Athar_Package 05 Web & Product/Icons/SVG)",2026-09-30T01:33:30Z,PASS,,reversed,transparent,1,png,v1.5.1 (carried),,,
dist/brand/icons/dark/athar-icon-trust-safety-32.webp,4 icon-system,trust-safety,32 x 32,952,397484d9badc068da90e09a847ed9110a464825ba79c203dcad162ca018a66c4,resvg-js 2.6.2 + sharp 0.34.3 (WebP),"rendered-assets-v1.5.0/dist/brand/icons/official/trust-safety-{16,20,24,32,48}.svg (<- Athar_Package 05 Web & Product/Icons/SVG)",2026-09-30T01:33:30Z,PASS,,reversed,transparent,1,webp,v1.5.1 (carried),,,
dist/brand/icons/dark/athar-icon-trust-safety-48.png,4 icon-system,trust-safety,48 x 48,1326,06d8c7e26380093954262358361b2c4b08fafc4b3b07f8fd2d4e78256302c255,resvg-js 2.6.2 (resvg 0.40.0) + sharp 0.34.3/libvips 8.17.1,"rendered-assets-v1.5.0/dist/brand/icons/official/trust-safety-{16,20,24,32,48}.svg (<- Athar_Package 05 Web & Product/Icons/SVG)",2026-09-30T01:33:30Z,PASS,,reversed,transparent,1,png,v1.5.1 (carried),,,
dist/brand/icons/dark/athar-icon-trust-safety-48.webp,4 icon-system,trust-safety,48 x 48,1032,99ce8e85c04a8f26fc9aa8869c71307fe1f51108a4537d244ee359fdb3d271ba,resvg-js 2.6.2 + sharp 0.34.3 (WebP),"rendered-assets-v1.5.0/dist/brand/icons/official/trust-safety-{16,20,24,32,48}.svg (<- Athar_Package 05 Web & Product/Icons/SVG)",2026-09-30T01:33:30Z,PASS,,reversed,transparent,1,webp,v1.5.1 (carried),,,
dist/brand/icons/dark/athar-icon-trust-safety-64.png,4 icon-system,trust-safety,64 x 64,1595,3b228e582d7c88271aa7aab05c2d9d551506a7b35a18b59bbc54f684bcd06f7f,resvg-js 2.6.2 (resvg 0.40.0) + sharp 0.34.3/libvips 8.17.1,"rendered-assets-v1.5.0/dist/brand/icons/official/trust-safety-{16,20,24,32,48}.svg (<- Athar_Package 05 Web & Product/Icons/SVG)",2026-09-30T01:33:30Z,PASS,,reversed,transparent,1,png,v1.5.1 (carried),,,
dist/brand/icons/dark/athar-icon-trust-safety-64.webp,4 icon-system,trust-safety,64 x 64,1134,152611f144321a68a314f253250b0f0b563e622ab9f0766cd86c8750ad754038,resvg-js 2.6.2 + sharp 0.34.3 (WebP),"rendered-assets-v1.5.0/dist/brand/icons/official/trust-safety-{16,20,24,32,48}.svg (<- Athar_Package 05 Web & Product/Icons/SVG)",2026-09-30T01:33:30Z,PASS,,reversed,transparent,1,webp,v1.5.1 (carried),,,
dist/brand/icons/dark/athar-icon-trust-safety-128.png,4 icon-system,trust-safety,128 x 128,2436,a66fe198b2806c765b765541fa73d5bc06b0f4f7149a7f834f930a943acc2e1d,resvg-js 2.6.2 (resvg 0.40.0) + sharp 0.34.3/libvips 8.17.1,"rendered-assets-v1.5.0/dist/brand/icons/official/trust-safety-{16,20,24,32,48}.svg (<- Athar_Package 05 Web & Product/Icons/SVG)",2026-09-30T01:33:30Z,PASS,,reversed,transparent,1,png,v1.5.1 (carried),,,
dist/brand/icons/dark/athar-icon-trust-safety-128.webp,4 icon-system,trust-safety,128 x 128,1428,1d650d0d42056e7d3414922598b2ff000a2c328e879f06f847eb4c85d19a1617,resvg-js 2.6.2 + sharp 0.34.3 (WebP),"rendered-assets-v1.5.0/dist/brand/icons/official/trust-safety-{16,20,24,32,48}.svg (<- Athar_Package 05 Web & Product/Icons/SVG)",2026-09-30T01:33:30Z,PASS,,reversed,transparent,1,webp,v1.5.1 (carried),,,
dist/brand/icons/dark/athar-icon-trust-safety-256.png,4 icon-system,trust-safety,256 x 256,4103,7361cee1ffb8494ad5e3cd99c3477f7061765018703da1030b0ea96eb7ee9483,resvg-js 2.6.2 (resvg 0.40.0) + sharp 0.34.3/libvips 8.17.1,"rendered-assets-v1.5.0/dist/brand/icons/official/trust-safety-{16,20,24,32,48}.svg (<- Athar_Package 05 Web & Product/Icons/SVG)",2026-09-30T01:33:30Z,PASS,,reversed,transparent,1,png,v1.5.1 (carried),,,
dist/brand/icons/dark/athar-icon-trust-safety-256.webp,4 icon-system,trust-safety,256 x 256,2006,857702f4fd4a8ec16c70abf79a41d3d1bddbf5db5ad51f83cf7f04418a151caf,resvg-js 2.6.2 + sharp 0.34.3 (WebP),"rendered-assets-v1.5.0/dist/brand/icons/official/trust-safety-{16,20,24,32,48}.svg (<- Athar_Package 05 Web & Product/Icons/SVG)",2026-09-30T01:33:30Z,PASS,,reversed,transparent,1,webp,v1.5.1 (carried),,,
dist/brand/icons/dark/athar-icon-trust-safety-512.png,4 icon-system,trust-safety,512 x 512,7696,3cb4c1e1fcd0f3369f61905a6fcad4c6ee221b2f898f70e0b5e9ac1a438b0f7a,resvg-js 2.6.2 (resvg 0.40.0) + sharp 0.34.3/libvips 8.17.1,"rendered-assets-v1.5.0/dist/brand/icons/official/trust-safety-{16,20,24,32,48}.svg (<- Athar_Package 05 Web & Product/Icons/SVG)",2026-09-30T01:33:30Z,PASS,,reversed,transparent,1,png,v1.5.1 (carried),,,
dist/brand/icons/dark/athar-icon-trust-safety-512.webp,4 icon-system,trust-safety,512 x 512,3240,963413363c5a0883ca5d58398fbc17045f67ed65ba24279b68762450b5523cbf,resvg-js 2.6.2 + sharp 0.34.3 (WebP),"rendered-assets-v1.5.0/dist/brand/icons/official/trust-safety-{16,20,24,32,48}.svg (<- Athar_Package 05 Web & Product/Icons/SVG)",2026-09-30T01:33:30Z,PASS,,reversed,transparent,1,webp,v1.5.1 (carried),,,
dist/brand/icons/svg/athar-icon-trust-safety-24.svg,4 icon-system,trust-safety,24 x 24,291,75e9dceda3e057e61e54717ecfa7a75f08815da72b4f21d7382c465ee60a69c5,svgo 4.1.0 (safe config),"rendered-assets-v1.5.0/dist/brand/icons/official/trust-safety-{16,20,24,32,48}.svg (<- Athar_Package 05 Web & Product/Icons/SVG)",2026-09-30T01:33:34Z,PASS,,currentColor,transparent,1,svg,v1.5.1 (carried),,,
dist/brand/icons/light/athar-icon-automation-16.png,4 icon-system,automation-NEW,16 x 16,1000,f0be6be4d93ecc4d5d1e0a6ae6b7f246e3fc0ecc7dfbd2069223751fcb2fb590,resvg-js 2.6.2 (resvg 0.40.0) + sharp 0.34.3/libvips 8.17.1,"drawn 2026-09-30 to the 27-Sep stroke/grid spec (24 grid, 2px round-capped strokes, currentColor)",2026-09-30T01:33:30Z,PASS,,navy,transparent,1,png,v1.5.1 (carried),,,
dist/brand/icons/light/athar-icon-automation-16.webp,4 icon-system,automation-NEW,16 x 16,904,53533af510c0ab6e09cd7498a587d5deeff10b29d914221283fb46fb6df484f9,resvg-js 2.6.2 + sharp 0.34.3 (WebP),"drawn 2026-09-30 to the 27-Sep stroke/grid spec (24 grid, 2px round-capped strokes, currentColor)",2026-09-30T01:33:30Z,PASS,,navy,transparent,1,webp,v1.5.1 (carried),,,
dist/brand/icons/light/athar-icon-automation-20.png,4 icon-system,automation-NEW,20 x 20,1100,49120e40c15baabc60639636424d845435f03c7d6bc675c2ba2f00de76c74828,resvg-js 2.6.2 (resvg 0.40.0) + sharp 0.34.3/libvips 8.17.1,"drawn 2026-09-30 to the 27-Sep stroke/grid spec (24 grid, 2px round-capped strokes, currentColor)",2026-09-30T01:33:30Z,PASS,,navy,transparent,1,png,v1.5.1 (carried),,,
dist/brand/icons/light/athar-icon-automation-20.webp,4 icon-system,automation-NEW,20 x 20,932,ed6ff5078459842078c7e0b7c79def8594ca9267cfa407c75eb9a7e545250eb0,resvg-js 2.6.2 + sharp 0.34.3 (WebP),"drawn 2026-09-30 to the 27-Sep stroke/grid spec (24 grid, 2px round-capped strokes, currentColor)",2026-09-30T01:33:30Z,PASS,,navy,transparent,1,webp,v1.5.1 (carried),,,
dist/brand/icons/light/athar-icon-automation-24.png,4 icon-system,automation-NEW,24 x 24,1183,866b79edb55059c6b5380c2fe98cacc9708f958da2208a97b789b2844ecca6c8,resvg-js 2.6.2 (resvg 0.40.0) + sharp 0.34.3/libvips 8.17.1,"drawn 2026-09-30 to the 27-Sep stroke/grid spec (24 grid, 2px round-capped strokes, currentColor)",2026-09-30T01:33:30Z,PASS,,navy,transparent,1,png,v1.5.1 (carried),,,
dist/brand/icons/light/athar-icon-automation-24.webp,4 icon-system,automation-NEW,24 x 24,966,86e1f7a0ab1afeaf3b843f2622a891c4989f8cd9d1775d6f72c415f363a3457c,resvg-js 2.6.2 + sharp 0.34.3 (WebP),"drawn 2026-09-30 to the 27-Sep stroke/grid spec (24 grid, 2px round-capped strokes, currentColor)",2026-09-30T01:33:30Z,PASS,,navy,transparent,1,webp,v1.5.1 (carried),,,
dist/brand/icons/light/athar-icon-automation-32.png,4 icon-system,automation-NEW,32 x 32,1356,8967c11d2863c72e6b3f20d0aaa936d90ae1e9220c5651dc0d40b3987b6277b7,resvg-js 2.6.2 (resvg 0.40.0) + sharp 0.34.3/libvips 8.17.1,"drawn 2026-09-30 to the 27-Sep stroke/grid spec (24 grid, 2px round-capped strokes, currentColor)",2026-09-30T01:33:30Z,PASS,,navy,transparent,1,png,v1.5.1 (carried),,,
dist/brand/icons/light/athar-icon-automation-32.webp,4 icon-system,automation-NEW,32 x 32,1018,73f6f4a89df5b92aa22cad970c228886e41fd38f98871b79111fd98251bbdbf3,resvg-js 2.6.2 + sharp 0.34.3 (WebP),"drawn 2026-09-30 to the 27-Sep stroke/grid spec (24 grid, 2px round-capped strokes, currentColor)",2026-09-30T01:33:30Z,PASS,,navy,transparent,1,webp,v1.5.1 (carried),,,
dist/brand/icons/light/athar-icon-automation-48.png,4 icon-system,automation-NEW,48 x 48,1676,505cbf8fc2d411ffbcd4647b56d56dd77dbc4ea540b1d1a6c6a5a481bd706adf,resvg-js 2.6.2 (resvg 0.40.0) + sharp 0.34.3/libvips 8.17.1,"drawn 2026-09-30 to the 27-Sep stroke/grid spec (24 grid, 2px round-capped strokes, currentColor)",2026-09-30T01:33:30Z,PASS,,navy,transparent,1,png,v1.5.1 (carried),,,
dist/brand/icons/light/athar-icon-automation-48.webp,4 icon-system,automation-NEW,48 x 48,1120,09abb948a6e55b9dbf57ce8f0003e97c0302e3ed3dd9d486bcd6f0774dbe02c9,resvg-js 2.6.2 + sharp 0.34.3 (WebP),"drawn 2026-09-30 to the 27-Sep stroke/grid spec (24 grid, 2px round-capped strokes, currentColor)",2026-09-30T01:33:30Z,PASS,,navy,transparent,1,webp,v1.5.1 (carried),,,
dist/brand/icons/light/athar-icon-automation-64.png,4 icon-system,automation-NEW,64 x 64,1989,308a688db6b16425109d23a39b413d9be76d94732be9a1b042fa864bd12774f3,resvg-js 2.6.2 (resvg 0.40.0) + sharp 0.34.3/libvips 8.17.1,"drawn 2026-09-30 to the 27-Sep stroke/grid spec (24 grid, 2px round-capped strokes, currentColor)",2026-09-30T01:33:30Z,PASS,,navy,transparent,1,png,v1.5.1 (carried),,,
dist/brand/icons/light/athar-icon-automation-64.webp,4 icon-system,automation-NEW,64 x 64,1230,79d2bba4683e3d4304b8c2177ab232bfcd2f4780cfb58fe6e186478c962bbef7,resvg-js 2.6.2 + sharp 0.34.3 (WebP),"drawn 2026-09-30 to the 27-Sep stroke/grid spec (24 grid, 2px round-capped strokes, currentColor)",2026-09-30T01:33:30Z,PASS,,navy,transparent,1,webp,v1.5.1 (carried),,,
dist/brand/icons/light/athar-icon-automation-128.png,4 icon-system,automation-NEW,128 x 128,3319,8fe712c487fa56e9179a589f2eb5c495a21921c5513ab5210398958a3c0e9850,resvg-js 2.6.2 (resvg 0.40.0) + sharp 0.34.3/libvips 8.17.1,"drawn 2026-09-30 to the 27-Sep stroke/grid spec (24 grid, 2px round-capped strokes, currentColor)",2026-09-30T01:33:30Z,PASS,,navy,transparent,1,png,v1.5.1 (carried),,,
dist/brand/icons/light/athar-icon-automation-128.webp,4 icon-system,automation-NEW,128 x 128,1656,45128d0afcc9e50b4590589be3ec2deb05a3b06bf681f307c154f2fdc92feb7e,resvg-js 2.6.2 + sharp 0.34.3 (WebP),"drawn 2026-09-30 to the 27-Sep stroke/grid spec (24 grid, 2px round-capped strokes, currentColor)",2026-09-30T01:33:30Z,PASS,,navy,transparent,1,webp,v1.5.1 (carried),,,
dist/brand/icons/light/athar-icon-automation-256.png,4 icon-system,automation-NEW,256 x 256,5840,04add73f227d4e35950c5013a8ebc091e81674674356a2a2cd155deb1c09589b,resvg-js 2.6.2 (resvg 0.40.0) + sharp 0.34.3/libvips 8.17.1,"drawn 2026-09-30 to the 27-Sep stroke/grid spec (24 grid, 2px round-capped strokes, currentColor)",2026-09-30T01:33:30Z,PASS,,navy,transparent,1,png,v1.5.1 (carried),,,
dist/brand/icons/light/athar-icon-automation-256.webp,4 icon-system,automation-NEW,256 x 256,2568,2cfcabcef87ba96a1889f084f96e6d5375991d21fa6f38bb3517653bed204b31,resvg-js 2.6.2 + sharp 0.34.3 (WebP),"drawn 2026-09-30 to the 27-Sep stroke/grid spec (24 grid, 2px round-capped strokes, currentColor)",2026-09-30T01:33:30Z,PASS,,navy,transparent,1,webp,v1.5.1 (carried),,,
dist/brand/icons/light/athar-icon-automation-512.png,4 icon-system,automation-NEW,512 x 512,11408,4b2bae5ed6d1d247e08232dc7928307dee9f0dab378d310bf75d21e2f1d3f071,resvg-js 2.6.2 (resvg 0.40.0) + sharp 0.34.3/libvips 8.17.1,"drawn 2026-09-30 to the 27-Sep stroke/grid spec (24 grid, 2px round-capped strokes, currentColor)",2026-09-30T01:33:30Z,PASS,,navy,transparent,1,png,v1.5.1 (carried),,,
dist/brand/icons/light/athar-icon-automation-512.webp,4 icon-system,automation-NEW,512 x 512,4306,ba5a7f83e36f28e2f3c0e47e7b03b12ca64302f216562fde167fee7c911947c4,resvg-js 2.6.2 + sharp 0.34.3 (WebP),"drawn 2026-09-30 to the 27-Sep stroke/grid spec (24 grid, 2px round-capped strokes, currentColor)",2026-09-30T01:33:30Z,PASS,,navy,transparent,1,webp,v1.5.1 (carried),,,
dist/brand/icons/dark/athar-icon-automation-16.png,4 icon-system,automation-NEW,16 x 16,981,e65f4dab9e4a1d1698c6da0d447258c662e9d35531d6fd31b18bcedaebd2512b,resvg-js 2.6.2 (resvg 0.40.0) + sharp 0.34.3/libvips 8.17.1,"drawn 2026-09-30 to the 27-Sep stroke/grid spec (24 grid, 2px round-capped strokes, currentColor)",2026-09-30T01:33:30Z,PASS,,reversed,transparent,1,png,v1.5.1 (carried),,,
dist/brand/icons/dark/athar-icon-automation-16.webp,4 icon-system,automation-NEW,16 x 16,908,c6c32daf130113b951077c028dd0429d3c98cc4ae02b54d3180bc573b78b8aa5,resvg-js 2.6.2 + sharp 0.34.3 (WebP),"drawn 2026-09-30 to the 27-Sep stroke/grid spec (24 grid, 2px round-capped strokes, currentColor)",2026-09-30T01:33:30Z,PASS,,reversed,transparent,1,webp,v1.5.1 (carried),,,
dist/brand/icons/dark/athar-icon-automation-20.png,4 icon-system,automation-NEW,20 x 20,1061,0210a29666982ac16aa14e84a86d19e7a1a048d2355e8cbe33a97f3b2e8ff52a,resvg-js 2.6.2 (resvg 0.40.0) + sharp 0.34.3/libvips 8.17.1,"drawn 2026-09-30 to the 27-Sep stroke/grid spec (24 grid, 2px round-capped strokes, currentColor)",2026-09-30T01:33:30Z,PASS,,reversed,transparent,1,png,v1.5.1 (carried),,,
dist/brand/icons/dark/athar-icon-automation-20.webp,4 icon-system,automation-NEW,20 x 20,936,a65c1a64ea092f53c5d6cd239228eef99b1d665a15ed1aa363fee80003af8104,resvg-js 2.6.2 + sharp 0.34.3 (WebP),"drawn 2026-09-30 to the 27-Sep stroke/grid spec (24 grid, 2px round-capped strokes, currentColor)",2026-09-30T01:33:30Z,PASS,,reversed,transparent,1,webp,v1.5.1 (carried),,,
dist/brand/icons/dark/athar-icon-automation-24.png,4 icon-system,automation-NEW,24 x 24,1155,b420d5dba5acf1bc861f920e9603aa8930140adf265df2feea81f9859ba5aa63,resvg-js 2.6.2 (resvg 0.40.0) + sharp 0.34.3/libvips 8.17.1,"drawn 2026-09-30 to the 27-Sep stroke/grid spec (24 grid, 2px round-capped strokes, currentColor)",2026-09-30T01:33:30Z,PASS,,reversed,transparent,1,png,v1.5.1 (carried),,,
dist/brand/icons/dark/athar-icon-automation-24.webp,4 icon-system,automation-NEW,24 x 24,968,c73b1d4ab0e3931f9c5eb6b0da76b229df3a2412a818a73e3090b5d9888050e1,resvg-js 2.6.2 + sharp 0.34.3 (WebP),"drawn 2026-09-30 to the 27-Sep stroke/grid spec (24 grid, 2px round-capped strokes, currentColor)",2026-09-30T01:33:30Z,PASS,,reversed,transparent,1,webp,v1.5.1 (carried),,,
dist/brand/icons/dark/athar-icon-automation-32.png,4 icon-system,automation-NEW,32 x 32,1314,51c126d13e802124214965ef3cc7ebf07caef10d27a46b7a0afbf6511d9500b5,resvg-js 2.6.2 (resvg 0.40.0) + sharp 0.34.3/libvips 8.17.1,"drawn 2026-09-30 to the 27-Sep stroke/grid spec (24 grid, 2px round-capped strokes, currentColor)",2026-09-30T01:33:30Z,PASS,,reversed,transparent,1,png,v1.5.1 (carried),,,
dist/brand/icons/dark/athar-icon-automation-32.webp,4 icon-system,automation-NEW,32 x 32,1018,7400e6abfb2233f14e4de4a07474c8c1af4dd9913bbbea60d5672a33fb4b68fc,resvg-js 2.6.2 + sharp 0.34.3 (WebP),"drawn 2026-09-30 to the 27-Sep stroke/grid spec (24 grid, 2px round-capped strokes, currentColor)",2026-09-30T01:33:30Z,PASS,,reversed,transparent,1,webp,v1.5.1 (carried),,,
dist/brand/icons/dark/athar-icon-automation-48.png,4 icon-system,automation-NEW,48 x 48,1670,78bcd2399a19e20c55b1e7c2b6c5c00334790681340244ee825704dbb6c5efde,resvg-js 2.6.2 (resvg 0.40.0) + sharp 0.34.3/libvips 8.17.1,"drawn 2026-09-30 to the 27-Sep stroke/grid spec (24 grid, 2px round-capped strokes, currentColor)",2026-09-30T01:33:30Z,PASS,,reversed,transparent,1,png,v1.5.1 (carried),,,
dist/brand/icons/dark/athar-icon-automation-48.webp,4 icon-system,automation-NEW,48 x 48,1128,4bc27be7c37da703ead285d64cfb6a95577faec8ef067d35e1d6e9235be2cf04,resvg-js 2.6.2 + sharp 0.34.3 (WebP),"drawn 2026-09-30 to the 27-Sep stroke/grid spec (24 grid, 2px round-capped strokes, currentColor)",2026-09-30T01:33:30Z,PASS,,reversed,transparent,1,webp,v1.5.1 (carried),,,
dist/brand/icons/dark/athar-icon-automation-64.png,4 icon-system,automation-NEW,64 x 64,1933,3ca252ab3aa6de2759e1068187b1e7b4ef113f59465c42c6448056897016cb62,resvg-js 2.6.2 (resvg 0.40.0) + sharp 0.34.3/libvips 8.17.1,"drawn 2026-09-30 to the 27-Sep stroke/grid spec (24 grid, 2px round-capped strokes, currentColor)",2026-09-30T01:33:30Z,PASS,,reversed,transparent,1,png,v1.5.1 (carried),,,
dist/brand/icons/dark/athar-icon-automation-64.webp,4 icon-system,automation-NEW,64 x 64,1236,ac39afed54b169e296960bcfa02b5ac15fc13cd8d77841d66574db5130b31a83,resvg-js 2.6.2 + sharp 0.34.3 (WebP),"drawn 2026-09-30 to the 27-Sep stroke/grid spec (24 grid, 2px round-capped strokes, currentColor)",2026-09-30T01:33:30Z,PASS,,reversed,transparent,1,webp,v1.5.1 (carried),,,
dist/brand/icons/dark/athar-icon-automation-128.png,4 icon-system,automation-NEW,128 x 128,3247,4f1c46bab08c9f54703d3106a2d9b3bf0ef0b68008e748e21547fca228390805,resvg-js 2.6.2 (resvg 0.40.0) + sharp 0.34.3/libvips 8.17.1,"drawn 2026-09-30 to the 27-Sep stroke/grid spec (24 grid, 2px round-capped strokes, currentColor)",2026-09-30T01:33:30Z,PASS,,reversed,transparent,1,png,v1.5.1 (carried),,,
dist/brand/icons/dark/athar-icon-automation-128.webp,4 icon-system,automation-NEW,128 x 128,1660,2c905e51cfc55de8ef7011ef96f58e4f1f6479bf381f9b36b77b5a971736a599,resvg-js 2.6.2 + sharp 0.34.3 (WebP),"drawn 2026-09-30 to the 27-Sep stroke/grid spec (24 grid, 2px round-capped strokes, currentColor)",2026-09-30T01:33:30Z,PASS,,reversed,transparent,1,webp,v1.5.1 (carried),,,
dist/brand/icons/dark/athar-icon-automation-256.png,4 icon-system,automation-NEW,256 x 256,5743,ff8125390dc6766ea997ff2ccc27d16d4f6f97ee4e23cfb6d1d27a0444f79c33,resvg-js 2.6.2 (resvg 0.40.0) + sharp 0.34.3/libvips 8.17.1,"drawn 2026-09-30 to the 27-Sep stroke/grid spec (24 grid, 2px round-capped strokes, currentColor)",2026-09-30T01:33:30Z,PASS,,reversed,transparent,1,png,v1.5.1 (carried),,,
dist/brand/icons/dark/athar-icon-automation-256.webp,4 icon-system,automation-NEW,256 x 256,2572,42b3d32c50b885c5ee6399c422b589038fe301ccd00470b4a44203f83a5db60f,resvg-js 2.6.2 + sharp 0.34.3 (WebP),"drawn 2026-09-30 to the 27-Sep stroke/grid spec (24 grid, 2px round-capped strokes, currentColor)",2026-09-30T01:33:30Z,PASS,,reversed,transparent,1,webp,v1.5.1 (carried),,,
dist/brand/icons/dark/athar-icon-automation-512.png,4 icon-system,automation-NEW,512 x 512,11091,c3350b4a69f8ef11bfa6492fe0f9d848f777750bc1add9889017b55224679e9d,resvg-js 2.6.2 (resvg 0.40.0) + sharp 0.34.3/libvips 8.17.1,"drawn 2026-09-30 to the 27-Sep stroke/grid spec (24 grid, 2px round-capped strokes, currentColor)",2026-09-30T01:33:30Z,PASS,,reversed,transparent,1,png,v1.5.1 (carried),,,
dist/brand/icons/dark/athar-icon-automation-512.webp,4 icon-system,automation-NEW,512 x 512,4250,e242455cf4dbafc4567875f158563c9944d916b615e51f31aff0de1cf912119f,resvg-js 2.6.2 + sharp 0.34.3 (WebP),"drawn 2026-09-30 to the 27-Sep stroke/grid spec (24 grid, 2px round-capped strokes, currentColor)",2026-09-30T01:33:30Z,PASS,,reversed,transparent,1,webp,v1.5.1 (carried),,,
dist/brand/icons/svg/athar-icon-automation-24.svg,4 icon-system,automation-NEW,24 x 24,343,9de7563c13aee6576c1f482f3f58f03de70e0773532d94f5b42c8dd970d6b118,svgo 4.1.0 (safe config),"drawn 2026-09-30 to the 27-Sep stroke/grid spec (24 grid, 2px round-capped strokes, currentColor)",2026-09-30T01:33:35Z,PASS,,currentColor,transparent,1,svg,v1.5.1 (carried),,,
dist/brand/icons/light/athar-icon-community-16.png,4 icon-system,community-NEW,16 x 16,973,b0638abcd2ea7caa0cc68d484b2ebf68ce76f8a9a772a285fa5c6cc0fff4d9df,resvg-js 2.6.2 (resvg 0.40.0) + sharp 0.34.3/libvips 8.17.1,"drawn 2026-09-30 to the 27-Sep stroke/grid spec (24 grid, 2px round-capped strokes, currentColor)",2026-09-30T01:33:30Z,PASS,,navy,transparent,1,png,v1.5.1 (carried),,,
dist/brand/icons/light/athar-icon-community-16.webp,4 icon-system,community-NEW,16 x 16,914,1d77b91877f0553778c07bd4a86932d82001dfa6539a2efc1965790d58769c5e,resvg-js 2.6.2 + sharp 0.34.3 (WebP),"drawn 2026-09-30 to the 27-Sep stroke/grid spec (24 grid, 2px round-capped strokes, currentColor)",2026-09-30T01:33:30Z,PASS,,navy,transparent,1,webp,v1.5.1 (carried),,,
dist/brand/icons/light/athar-icon-community-20.png,4 icon-system,community-NEW,20 x 20,1080,3198f5778ab16348eee3e286836b0f33714384c59a3738475066eaa167c78a80,resvg-js 2.6.2 (resvg 0.40.0) + sharp 0.34.3/libvips 8.17.1,"drawn 2026-09-30 to the 27-Sep stroke/grid spec (24 grid, 2px round-capped strokes, currentColor)",2026-09-30T01:33:30Z,PASS,,navy,transparent,1,png,v1.5.1 (carried),,,
dist/brand/icons/light/athar-icon-community-20.webp,4 icon-system,community-NEW,20 x 20,934,b633589ea02eebbac07a8d4f166449b8a2b0cfcb320d439e8e55ba298ce13a91,resvg-js 2.6.2 + sharp 0.34.3 (WebP),"drawn 2026-09-30 to the 27-Sep stroke/grid spec (24 grid, 2px round-capped strokes, currentColor)",2026-09-30T01:33:30Z,PASS,,navy,transparent,1,webp,v1.5.1 (carried),,,
dist/brand/icons/light/athar-icon-community-24.png,4 icon-system,community-NEW,24 x 24,1024,72898d70c2806d4284d7b30e8b5afb6a33aa980a0dab4f185a2eee1f06e37175,resvg-js 2.6.2 (resvg 0.40.0) + sharp 0.34.3/libvips 8.17.1,"drawn 2026-09-30 to the 27-Sep stroke/grid spec (24 grid, 2px round-capped strokes, currentColor)",2026-09-30T01:33:30Z,PASS,,navy,transparent,1,png,v1.5.1 (carried),,,
dist/brand/icons/light/athar-icon-community-24.webp,4 icon-system,community-NEW,24 x 24,920,8eefa81624ab7e3bb8e815c745f199a3167434cd1f5b845e9c8a2ca3777f8a9c,resvg-js 2.6.2 + sharp 0.34.3 (WebP),"drawn 2026-09-30 to the 27-Sep stroke/grid spec (24 grid, 2px round-capped strokes, currentColor)",2026-09-30T01:33:30Z,PASS,,navy,transparent,1,webp,v1.5.1 (carried),,,
dist/brand/icons/light/athar-icon-community-32.png,4 icon-system,community-NEW,32 x 32,1396,f87c01e2297afb4a647bbef527bbf99f9b170e1bbdf8863eac91faae1c5f4dce,resvg-js 2.6.2 (resvg 0.40.0) + sharp 0.34.3/libvips 8.17.1,"drawn 2026-09-30 to the 27-Sep stroke/grid spec (24 grid, 2px round-capped strokes, currentColor)",2026-09-30T01:33:30Z,PASS,,navy,transparent,1,png,v1.5.1 (carried),,,
dist/brand/icons/light/athar-icon-community-32.webp,4 icon-system,community-NEW,32 x 32,1020,5d82efae03db7e5cc61533199e1c94874e8107d09256c572f953773443eeff3c,resvg-js 2.6.2 + sharp 0.34.3 (WebP),"drawn 2026-09-30 to the 27-Sep stroke/grid spec (24 grid, 2px round-capped strokes, currentColor)",2026-09-30T01:33:30Z,PASS,,navy,transparent,1,webp,v1.5.1 (carried),,,
dist/brand/icons/light/athar-icon-community-48.png,4 icon-system,community-NEW,48 x 48,1425,91203e83b67055eb027e1d05fd0ae441f20f0710d18453e890db84850244c22a,resvg-js 2.6.2 (resvg 0.40.0) + sharp 0.34.3/libvips 8.17.1,"drawn 2026-09-30 to the 27-Sep stroke/grid spec (24 grid, 2px round-capped strokes, currentColor)",2026-09-30T01:33:30Z,PASS,,navy,transparent,1,png,v1.5.1 (carried),,,
dist/brand/icons/light/athar-icon-community-48.webp,4 icon-system,community-NEW,48 x 48,1096,c2c489c91f74fcafcbc8f5415f1c046b0368faead9ecbd7497dd73c2b5438f0a,resvg-js 2.6.2 + sharp 0.34.3 (WebP),"drawn 2026-09-30 to the 27-Sep stroke/grid spec (24 grid, 2px round-capped strokes, currentColor)",2026-09-30T01:33:30Z,PASS,,navy,transparent,1,webp,v1.5.1 (carried),,,
dist/brand/icons/light/athar-icon-community-64.png,4 icon-system,community-NEW,64 x 64,2078,73ebc61bbec56a4cd3a04e72d875ae24aebce613d73a0e99d515b07c694b541f,resvg-js 2.6.2 (resvg 0.40.0) + sharp 0.34.3/libvips 8.17.1,"drawn 2026-09-30 to the 27-Sep stroke/grid spec (24 grid, 2px round-capped strokes, currentColor)",2026-09-30T01:33:30Z,PASS,,navy,transparent,1,png,v1.5.1 (carried),,,
dist/brand/icons/light/athar-icon-community-64.webp,4 icon-system,community-NEW,64 x 64,1258,ce6f921100ac4bc5edc0400413e499da102da039a58e408d83cba2d70e04c45a,resvg-js 2.6.2 + sharp 0.34.3 (WebP),"drawn 2026-09-30 to the 27-Sep stroke/grid spec (24 grid, 2px round-capped strokes, currentColor)",2026-09-30T01:33:30Z,PASS,,navy,transparent,1,webp,v1.5.1 (carried),,,
dist/brand/icons/light/athar-icon-community-128.png,4 icon-system,community-NEW,128 x 128,3442,56c3d502521a41a6064fb1ba82cea69fd6530801f02dd52a29f728887d8debc4,resvg-js 2.6.2 (resvg 0.40.0) + sharp 0.34.3/libvips 8.17.1,"drawn 2026-09-30 to the 27-Sep stroke/grid spec (24 grid, 2px round-capped strokes, currentColor)",2026-09-30T01:33:30Z,PASS,,navy,transparent,1,png,v1.5.1 (carried),,,
dist/brand/icons/light/athar-icon-community-128.webp,4 icon-system,community-NEW,128 x 128,1756,ffd6db9e934fdb464f989124d719dd3618c8658d7627a3cacc4465df4e89c792,resvg-js 2.6.2 + sharp 0.34.3 (WebP),"drawn 2026-09-30 to the 27-Sep stroke/grid spec (24 grid, 2px round-capped strokes, currentColor)",2026-09-30T01:33:30Z,PASS,,navy,transparent,1,webp,v1.5.1 (carried),,,
dist/brand/icons/light/athar-icon-community-256.png,4 icon-system,community-NEW,256 x 256,6457,9572666d0c080d1fc2ace1c64446ece9ad2e94d3adfdf6e03bd4909f3d7cf9b1,resvg-js 2.6.2 (resvg 0.40.0) + sharp 0.34.3/libvips 8.17.1,"drawn 2026-09-30 to the 27-Sep stroke/grid spec (24 grid, 2px round-capped strokes, currentColor)",2026-09-30T01:33:30Z,PASS,,navy,transparent,1,png,v1.5.1 (carried),,,
dist/brand/icons/light/athar-icon-community-256.webp,4 icon-system,community-NEW,256 x 256,2684,8ffb21eb451766bf577e7bfbb5d7a09838b7e202b916e227680abbdd47cc8975,resvg-js 2.6.2 + sharp 0.34.3 (WebP),"drawn 2026-09-30 to the 27-Sep stroke/grid spec (24 grid, 2px round-capped strokes, currentColor)",2026-09-30T01:33:30Z,PASS,,navy,transparent,1,webp,v1.5.1 (carried),,,
dist/brand/icons/light/athar-icon-community-512.png,4 icon-system,community-NEW,512 x 512,11957,77ee378ea51442060a7f83512122dcb91abfae6dff4a56d9ba0a5ed4eba35a9f,resvg-js 2.6.2 (resvg 0.40.0) + sharp 0.34.3/libvips 8.17.1,"drawn 2026-09-30 to the 27-Sep stroke/grid spec (24 grid, 2px round-capped strokes, currentColor)",2026-09-30T01:33:30Z,PASS,,navy,transparent,1,png,v1.5.1 (carried),,,
dist/brand/icons/light/athar-icon-community-512.webp,4 icon-system,community-NEW,512 x 512,4660,ca539649434f32d02f1141b31750a19431f5052830e4f647cdd02441dc5cf253,resvg-js 2.6.2 + sharp 0.34.3 (WebP),"drawn 2026-09-30 to the 27-Sep stroke/grid spec (24 grid, 2px round-capped strokes, currentColor)",2026-09-30T01:33:30Z,PASS,,navy,transparent,1,webp,v1.5.1 (carried),,,
dist/brand/icons/dark/athar-icon-community-16.png,4 icon-system,community-NEW,16 x 16,947,4599528e67d5331e3151ea56c7d2d8e24d904d269d8f18f5bd2fd8db319f6570,resvg-js 2.6.2 (resvg 0.40.0) + sharp 0.34.3/libvips 8.17.1,"drawn 2026-09-30 to the 27-Sep stroke/grid spec (24 grid, 2px round-capped strokes, currentColor)",2026-09-30T01:33:30Z,PASS,,reversed,transparent,1,png,v1.5.1 (carried),,,
dist/brand/icons/dark/athar-icon-community-16.webp,4 icon-system,community-NEW,16 x 16,918,1f891901b2e3c36396b4056106d701c28c03f558260bddb99006554b26af2f3d,resvg-js 2.6.2 + sharp 0.34.3 (WebP),"drawn 2026-09-30 to the 27-Sep stroke/grid spec (24 grid, 2px round-capped strokes, currentColor)",2026-09-30T01:33:30Z,PASS,,reversed,transparent,1,webp,v1.5.1 (carried),,,
dist/brand/icons/dark/athar-icon-community-20.png,4 icon-system,community-NEW,20 x 20,1069,94b1c334cb0e3dfa3d560d6ae843b3270197c3776d44395888e677d4c33f4a9d,resvg-js 2.6.2 (resvg 0.40.0) + sharp 0.34.3/libvips 8.17.1,"drawn 2026-09-30 to the 27-Sep stroke/grid spec (24 grid, 2px round-capped strokes, currentColor)",2026-09-30T01:33:30Z,PASS,,reversed,transparent,1,png,v1.5.1 (carried),,,
dist/brand/icons/dark/athar-icon-community-20.webp,4 icon-system,community-NEW,20 x 20,942,9e5f811563477f1c588631adac5c1023fd1c87c81eb49356b3f37cbac6ad1feb,resvg-js 2.6.2 + sharp 0.34.3 (WebP),"drawn 2026-09-30 to the 27-Sep stroke/grid spec (24 grid, 2px round-capped strokes, currentColor)",2026-09-30T01:33:30Z,PASS,,reversed,transparent,1,webp,v1.5.1 (carried),,,
dist/brand/icons/dark/athar-icon-community-24.png,4 icon-system,community-NEW,24 x 24,1023,35e179caad63988cd2a0011904735d30440b807c0cc184678716a90904f10633,resvg-js 2.6.2 (resvg 0.40.0) + sharp 0.34.3/libvips 8.17.1,"drawn 2026-09-30 to the 27-Sep stroke/grid spec (24 grid, 2px round-capped strokes, currentColor)",2026-09-30T01:33:30Z,PASS,,reversed,transparent,1,png,v1.5.1 (carried),,,
dist/brand/icons/dark/athar-icon-community-24.webp,4 icon-system,community-NEW,24 x 24,922,3d8d07469fb3f88b8c06bd7d8b6f41893863f2144e14b5490dd8c22c2896b015,resvg-js 2.6.2 + sharp 0.34.3 (WebP),"drawn 2026-09-30 to the 27-Sep stroke/grid spec (24 grid, 2px round-capped strokes, currentColor)",2026-09-30T01:33:30Z,PASS,,reversed,transparent,1,webp,v1.5.1 (carried),,,
dist/brand/icons/dark/athar-icon-community-32.png,4 icon-system,community-NEW,32 x 32,1342,9f9407238f0fbfdb3f62e302bd2728205d7e9e4a4eb3d5a493f43402e4ffe6b6,resvg-js 2.6.2 (resvg 0.40.0) + sharp 0.34.3/libvips 8.17.1,"drawn 2026-09-30 to the 27-Sep stroke/grid spec (24 grid, 2px round-capped strokes, currentColor)",2026-09-30T01:33:30Z,PASS,,reversed,transparent,1,png,v1.5.1 (carried),,,
dist/brand/icons/dark/athar-icon-community-32.webp,4 icon-system,community-NEW,32 x 32,1014,36311a9a36e9484ae03e2666581f8d4ca9973c48f9735640c2e74c7bc56de3bd,resvg-js 2.6.2 + sharp 0.34.3 (WebP),"drawn 2026-09-30 to the 27-Sep stroke/grid spec (24 grid, 2px round-capped strokes, currentColor)",2026-09-30T01:33:30Z,PASS,,reversed,transparent,1,webp,v1.5.1 (carried),,,
dist/brand/icons/dark/athar-icon-community-48.png,4 icon-system,community-NEW,48 x 48,1426,b1fc0ae346b7829a493f69b63d8cf6cf8555f27adab8f33f0e2f2395205cf692,resvg-js 2.6.2 (resvg 0.40.0) + sharp 0.34.3/libvips 8.17.1,"drawn 2026-09-30 to the 27-Sep stroke/grid spec (24 grid, 2px round-capped strokes, currentColor)",2026-09-30T01:33:30Z,PASS,,reversed,transparent,1,png,v1.5.1 (carried),,,
dist/brand/icons/dark/athar-icon-community-48.webp,4 icon-system,community-NEW,48 x 48,1086,ceba6acd32aa49027248b414e64d6aace8a39ab171ac6992d571a9f16729c036,resvg-js 2.6.2 + sharp 0.34.3 (WebP),"drawn 2026-09-30 to the 27-Sep stroke/grid spec (24 grid, 2px round-capped strokes, currentColor)",2026-09-30T01:33:30Z,PASS,,reversed,transparent,1,webp,v1.5.1 (carried),,,
dist/brand/icons/dark/athar-icon-community-64.png,4 icon-system,community-NEW,64 x 64,1943,d800a59668a095a717ef467deceb95be9501394a5921f012e42d74fb5e612d31,resvg-js 2.6.2 (resvg 0.40.0) + sharp 0.34.3/libvips 8.17.1,"drawn 2026-09-30 to the 27-Sep stroke/grid spec (24 grid, 2px round-capped strokes, currentColor)",2026-09-30T01:33:30Z,PASS,,reversed,transparent,1,png,v1.5.1 (carried),,,
dist/brand/icons/dark/athar-icon-community-64.webp,4 icon-system,community-NEW,64 x 64,1264,d0210832db09d283643fb59df08d0bc4a398ec6beeaf31f0d4a1cbdb43b0ec80,resvg-js 2.6.2 + sharp 0.34.3 (WebP),"drawn 2026-09-30 to the 27-Sep stroke/grid spec (24 grid, 2px round-capped strokes, currentColor)",2026-09-30T01:33:30Z,PASS,,reversed,transparent,1,webp,v1.5.1 (carried),,,
dist/brand/icons/dark/athar-icon-community-128.png,4 icon-system,community-NEW,128 x 128,3293,38d3963f87f8e95eda8dd0165a607eab1a5bc295e51b21a04d85b7cfdda90201,resvg-js 2.6.2 (resvg 0.40.0) + sharp 0.34.3/libvips 8.17.1,"drawn 2026-09-30 to the 27-Sep stroke/grid spec (24 grid, 2px round-capped strokes, currentColor)",2026-09-30T01:33:30Z,PASS,,reversed,transparent,1,png,v1.5.1 (carried),,,
dist/brand/icons/dark/athar-icon-community-128.webp,4 icon-system,community-NEW,128 x 128,1758,f168eb1d2c2abfaeb752a5a30cac21745de72a94595127592025cae801445c71,resvg-js 2.6.2 + sharp 0.34.3 (WebP),"drawn 2026-09-30 to the 27-Sep stroke/grid spec (24 grid, 2px round-capped strokes, currentColor)",2026-09-30T01:33:30Z,PASS,,reversed,transparent,1,webp,v1.5.1 (carried),,,
dist/brand/icons/dark/athar-icon-community-256.png,4 icon-system,community-NEW,256 x 256,6262,43f261ed3f07412648f0d8107a296e1343e4899ed63a746aafe533418a4dc927,resvg-js 2.6.2 (resvg 0.40.0) + sharp 0.34.3/libvips 8.17.1,"drawn 2026-09-30 to the 27-Sep stroke/grid spec (24 grid, 2px round-capped strokes, currentColor)",2026-09-30T01:33:30Z,PASS,,reversed,transparent,1,png,v1.5.1 (carried),,,
dist/brand/icons/dark/athar-icon-community-256.webp,4 icon-system,community-NEW,256 x 256,2690,4fe11e6f3113ff394ee9cd6ed4a02e31c6709dce511179504748901f9e98d062,resvg-js 2.6.2 + sharp 0.34.3 (WebP),"drawn 2026-09-30 to the 27-Sep stroke/grid spec (24 grid, 2px round-capped strokes, currentColor)",2026-09-30T01:33:30Z,PASS,,reversed,transparent,1,webp,v1.5.1 (carried),,,
dist/brand/icons/dark/athar-icon-community-512.png,4 icon-system,community-NEW,512 x 512,11782,a2994a5c6bd2439bd9655d6c70aad368eac04e19e2733cdd962adc373458b776,resvg-js 2.6.2 (resvg 0.40.0) + sharp 0.34.3/libvips 8.17.1,"drawn 2026-09-30 to the 27-Sep stroke/grid spec (24 grid, 2px round-capped strokes, currentColor)",2026-09-30T01:33:30Z,PASS,,reversed,transparent,1,png,v1.5.1 (carried),,,
dist/brand/icons/dark/athar-icon-community-512.webp,4 icon-system,community-NEW,512 x 512,4658,482ce700b3e372663def3b69060fc203589e78f12f684dad2849f3be3dd7fe0f,resvg-js 2.6.2 + sharp 0.34.3 (WebP),"drawn 2026-09-30 to the 27-Sep stroke/grid spec (24 grid, 2px round-capped strokes, currentColor)",2026-09-30T01:33:30Z,PASS,,reversed,transparent,1,webp,v1.5.1 (carried),,,
dist/brand/icons/svg/athar-icon-community-24.svg,4 icon-system,community-NEW,24 x 24,411,565179f05dcd941a0de89a05a560652a927b5f1f74fb9c8b9ca06b4ee33b20a1,svgo 4.1.0 (safe config),"drawn 2026-09-30 to the 27-Sep stroke/grid spec (24 grid, 2px round-capped strokes, currentColor)",2026-09-30T01:33:35Z,PASS,,currentColor,transparent,1,svg,v1.5.1 (carried),,,
dist/brand/icons/light/athar-icon-data-privacy-16.png,4 icon-system,data-privacy-NEW,16 x 16,911,3947da2813aa23790a77522f551269ff42c586986424f2110378e1228bc8b55f,resvg-js 2.6.2 (resvg 0.40.0) + sharp 0.34.3/libvips 8.17.1,"drawn 2026-09-30 to the 27-Sep stroke/grid spec (24 grid, 2px round-capped strokes, currentColor)",2026-09-30T01:33:30Z,PASS,,navy,transparent,1,png,v1.5.1 (carried),,,
dist/brand/icons/light/athar-icon-data-privacy-16.webp,4 icon-system,data-privacy-NEW,16 x 16,868,dbe812768b06df9c26c162901a5bd71f0bd05f5782a3c8d81abe1ad1c7f3af61,resvg-js 2.6.2 + sharp 0.34.3 (WebP),"drawn 2026-09-30 to the 27-Sep stroke/grid spec (24 grid, 2px round-capped strokes, currentColor)",2026-09-30T01:33:30Z,PASS,,navy,transparent,1,webp,v1.5.1 (carried),,,
dist/brand/icons/light/athar-icon-data-privacy-20.png,4 icon-system,data-privacy-NEW,20 x 20,956,01b08f6d04726cee9be5cfca98751593e647fc7e648aab84893f5518148bfa79,resvg-js 2.6.2 (resvg 0.40.0) + sharp 0.34.3/libvips 8.17.1,"drawn 2026-09-30 to the 27-Sep stroke/grid spec (24 grid, 2px round-capped strokes, currentColor)",2026-09-30T01:33:30Z,PASS,,navy,transparent,1,png,v1.5.1 (carried),,,
dist/brand/icons/light/athar-icon-data-privacy-20.webp,4 icon-system,data-privacy-NEW,20 x 20,902,5cc3b606e732b6927b1be9b265f98d3f3a5a93db1f15c239ac4f9db5a2ce7ca5,resvg-js 2.6.2 + sharp 0.34.3 (WebP),"drawn 2026-09-30 to the 27-Sep stroke/grid spec (24 grid, 2px round-capped strokes, currentColor)",2026-09-30T01:33:30Z,PASS,,navy,transparent,1,webp,v1.5.1 (carried),,,
dist/brand/icons/light/athar-icon-data-privacy-24.png,4 icon-system,data-privacy-NEW,24 x 24,956,eacfa86f128af8585b21aba12df9df4dfacdfaccb25ee377c55ce3988ee9cc15,resvg-js 2.6.2 (resvg 0.40.0) + sharp 0.34.3/libvips 8.17.1,"drawn 2026-09-30 to the 27-Sep stroke/grid spec (24 grid, 2px round-capped strokes, currentColor)",2026-09-30T01:33:30Z,PASS,,navy,transparent,1,png,v1.5.1 (carried),,,
dist/brand/icons/light/athar-icon-data-privacy-24.webp,4 icon-system,data-privacy-NEW,24 x 24,888,95cc5f9346982962de1b9a83ea5e7987a5128a3697e8a26e4894b69bdcc46f18,resvg-js 2.6.2 + sharp 0.34.3 (WebP),"drawn 2026-09-30 to the 27-Sep stroke/grid spec (24 grid, 2px round-capped strokes, currentColor)",2026-09-30T01:33:30Z,PASS,,navy,transparent,1,webp,v1.5.1 (carried),,,
dist/brand/icons/light/athar-icon-data-privacy-32.png,4 icon-system,data-privacy-NEW,32 x 32,1119,183d56be8266722ff0a58ed02c2d97aec1c312cbcbf825f144aabd5d266b4f62,resvg-js 2.6.2 (resvg 0.40.0) + sharp 0.34.3/libvips 8.17.1,"drawn 2026-09-30 to the 27-Sep stroke/grid spec (24 grid, 2px round-capped strokes, currentColor)",2026-09-30T01:33:30Z,PASS,,navy,transparent,1,png,v1.5.1 (carried),,,
dist/brand/icons/light/athar-icon-data-privacy-32.webp,4 icon-system,data-privacy-NEW,32 x 32,934,e3a54d25c3920f24d58386fd7ac97b4bd83eb6b527fb52b964614e9579b2d272,resvg-js 2.6.2 + sharp 0.34.3 (WebP),"drawn 2026-09-30 to the 27-Sep stroke/grid spec (24 grid, 2px round-capped strokes, currentColor)",2026-09-30T01:33:30Z,PASS,,navy,transparent,1,webp,v1.5.1 (carried),,,
dist/brand/icons/light/athar-icon-data-privacy-48.png,4 icon-system,data-privacy-NEW,48 x 48,1208,f622d20887bf18d0345b946e563b6921db14da6fd4a85608f2d17ba62d094df6,resvg-js 2.6.2 (resvg 0.40.0) + sharp 0.34.3/libvips 8.17.1,"drawn 2026-09-30 to the 27-Sep stroke/grid spec (24 grid, 2px round-capped strokes, currentColor)",2026-09-30T01:33:30Z,PASS,,navy,transparent,1,png,v1.5.1 (carried),,,
dist/brand/icons/light/athar-icon-data-privacy-48.webp,4 icon-system,data-privacy-NEW,48 x 48,972,5fa82bfccbd70b7cf1c5f47a0a160b1e272983cc52fed92498e2c6e8a6305446,resvg-js 2.6.2 + sharp 0.34.3 (WebP),"drawn 2026-09-30 to the 27-Sep stroke/grid spec (24 grid, 2px round-capped strokes, currentColor)",2026-09-30T01:33:31Z,PASS,,navy,transparent,1,webp,v1.5.1 (carried),,,
dist/brand/icons/light/athar-icon-data-privacy-64.png,4 icon-system,data-privacy-NEW,64 x 64,1412,d0565e18e5f83f58fe59b0a900fbf81c88a5319ac70f1259a91e7a06b5ef24ea,resvg-js 2.6.2 (resvg 0.40.0) + sharp 0.34.3/libvips 8.17.1,"drawn 2026-09-30 to the 27-Sep stroke/grid spec (24 grid, 2px round-capped strokes, currentColor)",2026-09-30T01:33:31Z,PASS,,navy,transparent,1,png,v1.5.1 (carried),,,
dist/brand/icons/light/athar-icon-data-privacy-64.webp,4 icon-system,data-privacy-NEW,64 x 64,1026,d3bb5039a6f2093e668323ec038850054fde8dfc8bcd8ebb27bc7fe2de56ce14,resvg-js 2.6.2 + sharp 0.34.3 (WebP),"drawn 2026-09-30 to the 27-Sep stroke/grid spec (24 grid, 2px round-capped strokes, currentColor)",2026-09-30T01:33:31Z,PASS,,navy,transparent,1,webp,v1.5.1 (carried),,,
dist/brand/icons/light/athar-icon-data-privacy-128.png,4 icon-system,data-privacy-NEW,128 x 128,2087,d328422b8c69bbc04beb681ffb6fcfe464340db3f4c2f55300bb02195dc31126,resvg-js 2.6.2 (resvg 0.40.0) + sharp 0.34.3/libvips 8.17.1,"drawn 2026-09-30 to the 27-Sep stroke/grid spec (24 grid, 2px round-capped strokes, currentColor)",2026-09-30T01:33:31Z,PASS,,navy,transparent,1,png,v1.5.1 (carried),,,
dist/brand/icons/light/athar-icon-data-privacy-128.webp,4 icon-system,data-privacy-NEW,128 x 128,1212,9ae300afafaecd5c038cf73dd106924b4658d0698f1a779169c35d19dcbe454e,resvg-js 2.6.2 + sharp 0.34.3 (WebP),"drawn 2026-09-30 to the 27-Sep stroke/grid spec (24 grid, 2px round-capped strokes, currentColor)",2026-09-30T01:33:31Z,PASS,,navy,transparent,1,webp,v1.5.1 (carried),,,
dist/brand/icons/light/athar-icon-data-privacy-256.png,4 icon-system,data-privacy-NEW,256 x 256,3705,b2c43920234ff93b39ba68ab5a1f615e76d4d2e94e214e4066eed11b15f6efbc,resvg-js 2.6.2 (resvg 0.40.0) + sharp 0.34.3/libvips 8.17.1,"drawn 2026-09-30 to the 27-Sep stroke/grid spec (24 grid, 2px round-capped strokes, currentColor)",2026-09-30T01:33:31Z,PASS,,navy,transparent,1,png,v1.5.1 (carried),,,
dist/brand/icons/light/athar-icon-data-privacy-256.webp,4 icon-system,data-privacy-NEW,256 x 256,1660,96efd97ffdcf6a4acd9345bae77c07f5233d9f33a29b78c227985d0bb882b99b,resvg-js 2.6.2 + sharp 0.34.3 (WebP),"drawn 2026-09-30 to the 27-Sep stroke/grid spec (24 grid, 2px round-capped strokes, currentColor)",2026-09-30T01:33:31Z,PASS,,navy,transparent,1,webp,v1.5.1 (carried),,,
dist/brand/icons/light/athar-icon-data-privacy-512.png,4 icon-system,data-privacy-NEW,512 x 512,7068,8b0a0c6a655909a5195172bdfb560aae8cddd4e0a3774b511e90847f076367da,resvg-js 2.6.2 (resvg 0.40.0) + sharp 0.34.3/libvips 8.17.1,"drawn 2026-09-30 to the 27-Sep stroke/grid spec (24 grid, 2px round-capped strokes, currentColor)",2026-09-30T01:33:31Z,PASS,,navy,transparent,1,png,v1.5.1 (carried),,,
dist/brand/icons/light/athar-icon-data-privacy-512.webp,4 icon-system,data-privacy-NEW,512 x 512,2540,a2cc5b2aea3d19a29645bf0bc466e0468a051a59f7b8f2f90836f8bbb28d19db,resvg-js 2.6.2 + sharp 0.34.3 (WebP),"drawn 2026-09-30 to the 27-Sep stroke/grid spec (24 grid, 2px round-capped strokes, currentColor)",2026-09-30T01:33:31Z,PASS,,navy,transparent,1,webp,v1.5.1 (carried),,,
dist/brand/icons/dark/athar-icon-data-privacy-16.png,4 icon-system,data-privacy-NEW,16 x 16,902,e1ef0db738cde88f80eb77a8e9a5780d09e1f91afc1bb545e930377d075420f8,resvg-js 2.6.2 (resvg 0.40.0) + sharp 0.34.3/libvips 8.17.1,"drawn 2026-09-30 to the 27-Sep stroke/grid spec (24 grid, 2px round-capped strokes, currentColor)",2026-09-30T01:33:31Z,PASS,,reversed,transparent,1,png,v1.5.1 (carried),,,
dist/brand/icons/dark/athar-icon-data-privacy-16.webp,4 icon-system,data-privacy-NEW,16 x 16,874,a8461aac4352550e69e01ce8168ee0c74b6e12dd059751fe3c7ab98977fe5959,resvg-js 2.6.2 + sharp 0.34.3 (WebP),"drawn 2026-09-30 to the 27-Sep stroke/grid spec (24 grid, 2px round-capped strokes, currentColor)",2026-09-30T01:33:31Z,PASS,,reversed,transparent,1,webp,v1.5.1 (carried),,,
dist/brand/icons/dark/athar-icon-data-privacy-20.png,4 icon-system,data-privacy-NEW,20 x 20,951,1db0fd2019472ea2a77c493178b6c0142ef4f2163f0cf9faa2ff75822689d9fa,resvg-js 2.6.2 (resvg 0.40.0) + sharp 0.34.3/libvips 8.17.1,"drawn 2026-09-30 to the 27-Sep stroke/grid spec (24 grid, 2px round-capped strokes, currentColor)",2026-09-30T01:33:31Z,PASS,,reversed,transparent,1,png,v1.5.1 (carried),,,
dist/brand/icons/dark/athar-icon-data-privacy-20.webp,4 icon-system,data-privacy-NEW,20 x 20,912,844a003915ef45011919529e17bf3cfc80ee05da9faf74b1fbf6a7ca412ae651,resvg-js 2.6.2 + sharp 0.34.3 (WebP),"drawn 2026-09-30 to the 27-Sep stroke/grid spec (24 grid, 2px round-capped strokes, currentColor)",2026-09-30T01:33:31Z,PASS,,reversed,transparent,1,webp,v1.5.1 (carried),,,
dist/brand/icons/dark/athar-icon-data-privacy-24.png,4 icon-system,data-privacy-NEW,24 x 24,937,fe0581218ff4a129a7a57850c003ca6511a9af531451b06b7fc21e946600d784,resvg-js 2.6.2 (resvg 0.40.0) + sharp 0.34.3/libvips 8.17.1,"drawn 2026-09-30 to the 27-Sep stroke/grid spec (24 grid, 2px round-capped strokes, currentColor)",2026-09-30T01:33:31Z,PASS,,reversed,transparent,1,png,v1.5.1 (carried),,,
dist/brand/icons/dark/athar-icon-data-privacy-24.webp,4 icon-system,data-privacy-NEW,24 x 24,894,e0068967872087e6445cd9ac17ce0570c2f06d8b22d13f879d09122341e3869b,resvg-js 2.6.2 + sharp 0.34.3 (WebP),"drawn 2026-09-30 to the 27-Sep stroke/grid spec (24 grid, 2px round-capped strokes, currentColor)",2026-09-30T01:33:31Z,PASS,,reversed,transparent,1,webp,v1.5.1 (carried),,,
dist/brand/icons/dark/athar-icon-data-privacy-32.png,4 icon-system,data-privacy-NEW,32 x 32,1103,e64b81ff6654b340561c36b76471904dd8f1dc0d8f24851b57103e3bab96ce6a,resvg-js 2.6.2 (resvg 0.40.0) + sharp 0.34.3/libvips 8.17.1,"drawn 2026-09-30 to the 27-Sep stroke/grid spec (24 grid, 2px round-capped strokes, currentColor)",2026-09-30T01:33:31Z,PASS,,reversed,transparent,1,png,v1.5.1 (carried),,,
dist/brand/icons/dark/athar-icon-data-privacy-32.webp,4 icon-system,data-privacy-NEW,32 x 32,944,5ed6fab34031d4ffa356dd2200838ec73fd51f0adac8ab62663474d1ad8c8fa3,resvg-js 2.6.2 + sharp 0.34.3 (WebP),"drawn 2026-09-30 to the 27-Sep stroke/grid spec (24 grid, 2px round-capped strokes, currentColor)",2026-09-30T01:33:31Z,PASS,,reversed,transparent,1,webp,v1.5.1 (carried),,,
dist/brand/icons/dark/athar-icon-data-privacy-48.png,4 icon-system,data-privacy-NEW,48 x 48,1211,169b3237dc51a954747de93832033a488b491d0d43793a896c834f8ed941c182,resvg-js 2.6.2 (resvg 0.40.0) + sharp 0.34.3/libvips 8.17.1,"drawn 2026-09-30 to the 27-Sep stroke/grid spec (24 grid, 2px round-capped strokes, currentColor)",2026-09-30T01:33:31Z,PASS,,reversed,transparent,1,png,v1.5.1 (carried),,,
dist/brand/icons/dark/athar-icon-data-privacy-48.webp,4 icon-system,data-privacy-NEW,48 x 48,978,4c8698cf0d410fcae7d178e15073210171df73d8741e7f7d4ee8544cbca39bbd,resvg-js 2.6.2 + sharp 0.34.3 (WebP),"drawn 2026-09-30 to the 27-Sep stroke/grid spec (24 grid, 2px round-capped strokes, currentColor)",2026-09-30T01:33:31Z,PASS,,reversed,transparent,1,webp,v1.5.1 (carried),,,
dist/brand/icons/dark/athar-icon-data-privacy-64.png,4 icon-system,data-privacy-NEW,64 x 64,1385,92ae17e2502221a9658c7c85ed7f47a234dbbdc20a4645ab72981cdf87773256,resvg-js 2.6.2 (resvg 0.40.0) + sharp 0.34.3/libvips 8.17.1,"drawn 2026-09-30 to the 27-Sep stroke/grid spec (24 grid, 2px round-capped strokes, currentColor)",2026-09-30T01:33:31Z,PASS,,reversed,transparent,1,png,v1.5.1 (carried),,,
dist/brand/icons/dark/athar-icon-data-privacy-64.webp,4 icon-system,data-privacy-NEW,64 x 64,1030,2835c66ffb7d1e620675f7d0039291a3247e6cb2145f1dd5bcc6078aa7262e05,resvg-js 2.6.2 + sharp 0.34.3 (WebP),"drawn 2026-09-30 to the 27-Sep stroke/grid spec (24 grid, 2px round-capped strokes, currentColor)",2026-09-30T01:33:31Z,PASS,,reversed,transparent,1,webp,v1.5.1 (carried),,,
dist/brand/icons/dark/athar-icon-data-privacy-128.png,4 icon-system,data-privacy-NEW,128 x 128,2117,23455b0896344fc7daae3fb825c201cd87aed8e7e8abc7a6d8d0fcc7e7068632,resvg-js 2.6.2 (resvg 0.40.0) + sharp 0.34.3/libvips 8.17.1,"drawn 2026-09-30 to the 27-Sep stroke/grid spec (24 grid, 2px round-capped strokes, currentColor)",2026-09-30T01:33:31Z,PASS,,reversed,transparent,1,png,v1.5.1 (carried),,,
dist/brand/icons/dark/athar-icon-data-privacy-128.webp,4 icon-system,data-privacy-NEW,128 x 128,1218,d0e3091854ed402c3ff7f41b587bdffe26bc58c01b750ee8f5e1b6d1d48b6a95,resvg-js 2.6.2 + sharp 0.34.3 (WebP),"drawn 2026-09-30 to the 27-Sep stroke/grid spec (24 grid, 2px round-capped strokes, currentColor)",2026-09-30T01:33:31Z,PASS,,reversed,transparent,1,webp,v1.5.1 (carried),,,
dist/brand/icons/dark/athar-icon-data-privacy-256.png,4 icon-system,data-privacy-NEW,256 x 256,3676,01039acb30c2164ce179f57597ab3c07d78f78deaa807f67e69ecfc4840181e3,resvg-js 2.6.2 (resvg 0.40.0) + sharp 0.34.3/libvips 8.17.1,"drawn 2026-09-30 to the 27-Sep stroke/grid spec (24 grid, 2px round-capped strokes, currentColor)",2026-09-30T01:33:31Z,PASS,,reversed,transparent,1,png,v1.5.1 (carried),,,
dist/brand/icons/dark/athar-icon-data-privacy-256.webp,4 icon-system,data-privacy-NEW,256 x 256,1660,0a832e1af61d0cce6e709ec2d2319c2d8a1d46adbb0126cf5bafd062c60561bb,resvg-js 2.6.2 + sharp 0.34.3 (WebP),"drawn 2026-09-30 to the 27-Sep stroke/grid spec (24 grid, 2px round-capped strokes, currentColor)",2026-09-30T01:33:31Z,PASS,,reversed,transparent,1,webp,v1.5.1 (carried),,,
dist/brand/icons/dark/athar-icon-data-privacy-512.png,4 icon-system,data-privacy-NEW,512 x 512,6982,152034fa95affb661c47b4e65f14ff6921195d160ca7a7d4f9bf42ab489d431e,resvg-js 2.6.2 (resvg 0.40.0) + sharp 0.34.3/libvips 8.17.1,"drawn 2026-09-30 to the 27-Sep stroke/grid spec (24 grid, 2px round-capped strokes, currentColor)",2026-09-30T01:33:31Z,PASS,,reversed,transparent,1,png,v1.5.1 (carried),,,
dist/brand/icons/dark/athar-icon-data-privacy-512.webp,4 icon-system,data-privacy-NEW,512 x 512,2536,2963d66ff0c5889644eb15e9db05f325dd15bfa4dbadf519c98731aebdcdd2cc,resvg-js 2.6.2 + sharp 0.34.3 (WebP),"drawn 2026-09-30 to the 27-Sep stroke/grid spec (24 grid, 2px round-capped strokes, currentColor)",2026-09-30T01:33:31Z,PASS,,reversed,transparent,1,webp,v1.5.1 (carried),,,
dist/brand/icons/svg/athar-icon-data-privacy-24.svg,4 icon-system,data-privacy-NEW,24 x 24,358,b44f15db5a495f9daf351886cd06533c6ab43e87143ee6b020feda63d83371f7,svgo 4.1.0 (safe config),"drawn 2026-09-30 to the 27-Sep stroke/grid spec (24 grid, 2px round-capped strokes, currentColor)",2026-09-30T01:33:35Z,PASS,,currentColor,transparent,1,svg,v1.5.1 (carried),,,
dist/brand/icons/light/athar-icon-impact-16.png,4 icon-system,impact-NEW,16 x 16,948,7b2a22efa4c757c7df45d0788fde18330e57af52c25c9033137fa86d02d456ad,resvg-js 2.6.2 (resvg 0.40.0) + sharp 0.34.3/libvips 8.17.1,"drawn 2026-09-30 to the 27-Sep stroke/grid spec (24 grid, 2px round-capped strokes, currentColor)",2026-09-30T01:33:31Z,PASS,,navy,transparent,1,png,v1.5.1 (carried),,,
dist/brand/icons/light/athar-icon-impact-16.webp,4 icon-system,impact-NEW,16 x 16,894,19e95cb8d4e7f40c2e9008dcb00e9144090eb112572f4440a11fbb64bd0d0c08,resvg-js 2.6.2 + sharp 0.34.3 (WebP),"drawn 2026-09-30 to the 27-Sep stroke/grid spec (24 grid, 2px round-capped strokes, currentColor)",2026-09-30T01:33:31Z,PASS,,navy,transparent,1,webp,v1.5.1 (carried),,,
dist/brand/icons/light/athar-icon-impact-20.png,4 icon-system,impact-NEW,20 x 20,1085,809892a918d7544b48c69a7e9a910ce4bcbf1a95b14fa5519549f7b03d69305d,resvg-js 2.6.2 (resvg 0.40.0) + sharp 0.34.3/libvips 8.17.1,"drawn 2026-09-30 to the 27-Sep stroke/grid spec (24 grid, 2px round-capped strokes, currentColor)",2026-09-30T01:33:31Z,PASS,,navy,transparent,1,png,v1.5.1 (carried),,,
dist/brand/icons/light/athar-icon-impact-20.webp,4 icon-system,impact-NEW,20 x 20,914,c12b94d4362817822f03232ff82be8d08ea077d58dc9fca1ebe8484cada6af8f,resvg-js 2.6.2 + sharp 0.34.3 (WebP),"drawn 2026-09-30 to the 27-Sep stroke/grid spec (24 grid, 2px round-capped strokes, currentColor)",2026-09-30T01:33:31Z,PASS,,navy,transparent,1,webp,v1.5.1 (carried),,,
dist/brand/icons/light/athar-icon-impact-24.png,4 icon-system,impact-NEW,24 x 24,1192,5829a80f6489facd6e99becbcd88a72bb4a4441e2c7a5de89fa129d45480180a,resvg-js 2.6.2 (resvg 0.40.0) + sharp 0.34.3/libvips 8.17.1,"drawn 2026-09-30 to the 27-Sep stroke/grid spec (24 grid, 2px round-capped strokes, currentColor)",2026-09-30T01:33:31Z,PASS,,navy,transparent,1,png,v1.5.1 (carried),,,
dist/brand/icons/light/athar-icon-impact-24.webp,4 icon-system,impact-NEW,24 x 24,942,4f8ffdd0a755be7760bed49e80e383bde5974718fdf5063b05a3e1e855fca500,resvg-js 2.6.2 + sharp 0.34.3 (WebP),"drawn 2026-09-30 to the 27-Sep stroke/grid spec (24 grid, 2px round-capped strokes, currentColor)",2026-09-30T01:33:31Z,PASS,,navy,transparent,1,webp,v1.5.1 (carried),,,
dist/brand/icons/light/athar-icon-impact-32.png,4 icon-system,impact-NEW,32 x 32,1395,8b59afb8482d57b5f93af060950b4d0c6273f8774e140a22174ee1a8434449fd,resvg-js 2.6.2 (resvg 0.40.0) + sharp 0.34.3/libvips 8.17.1,"drawn 2026-09-30 to the 27-Sep stroke/grid spec (24 grid, 2px round-capped strokes, currentColor)",2026-09-30T01:33:31Z,PASS,,navy,transparent,1,png,v1.5.1 (carried),,,
dist/brand/icons/light/athar-icon-impact-32.webp,4 icon-system,impact-NEW,32 x 32,1018,8c420000153f759831cdf6aa89d70577d75bb0e114532174f93fa7baf08f7b3e,resvg-js 2.6.2 + sharp 0.34.3 (WebP),"drawn 2026-09-30 to the 27-Sep stroke/grid spec (24 grid, 2px round-capped strokes, currentColor)",2026-09-30T01:33:31Z,PASS,,navy,transparent,1,webp,v1.5.1 (carried),,,
dist/brand/icons/light/athar-icon-impact-48.png,4 icon-system,impact-NEW,48 x 48,1821,749fe1047ea4c40b9be5ef6f5791854bea135b8eea9cdfbaa9fb67a0594a31b6,resvg-js 2.6.2 (resvg 0.40.0) + sharp 0.34.3/libvips 8.17.1,"drawn 2026-09-30 to the 27-Sep stroke/grid spec (24 grid, 2px round-capped strokes, currentColor)",2026-09-30T01:33:31Z,PASS,,navy,transparent,1,png,v1.5.1 (carried),,,
dist/brand/icons/light/athar-icon-impact-48.webp,4 icon-system,impact-NEW,48 x 48,1120,475571a99f6742db04056ddb9611d051dfc19df25528edcfc9304a5e482bb54c,resvg-js 2.6.2 + sharp 0.34.3 (WebP),"drawn 2026-09-30 to the 27-Sep stroke/grid spec (24 grid, 2px round-capped strokes, currentColor)",2026-09-30T01:33:31Z,PASS,,navy,transparent,1,webp,v1.5.1 (carried),,,
dist/brand/icons/light/athar-icon-impact-64.png,4 icon-system,impact-NEW,64 x 64,2162,3074f26475eaadb1cf8dbd4e2f725e16d38a23514453351c42fdcc4fc0313137,resvg-js 2.6.2 (resvg 0.40.0) + sharp 0.34.3/libvips 8.17.1,"drawn 2026-09-30 to the 27-Sep stroke/grid spec (24 grid, 2px round-capped strokes, currentColor)",2026-09-30T01:33:31Z,PASS,,navy,transparent,1,png,v1.5.1 (carried),,,
dist/brand/icons/light/athar-icon-impact-64.webp,4 icon-system,impact-NEW,64 x 64,1222,2041d9fd47517edbd1fd6339b2de9d57aac2ade92d5b3481ba92f348bb09c6d6,resvg-js 2.6.2 + sharp 0.34.3 (WebP),"drawn 2026-09-30 to the 27-Sep stroke/grid spec (24 grid, 2px round-capped strokes, currentColor)",2026-09-30T01:33:31Z,PASS,,navy,transparent,1,webp,v1.5.1 (carried),,,
dist/brand/icons/light/athar-icon-impact-128.png,4 icon-system,impact-NEW,128 x 128,3672,146916228b6578af3f387af6c387cfdad6c0800b87f9b6a8e30b81b205a9c0ec,resvg-js 2.6.2 (resvg 0.40.0) + sharp 0.34.3/libvips 8.17.1,"drawn 2026-09-30 to the 27-Sep stroke/grid spec (24 grid, 2px round-capped strokes, currentColor)",2026-09-30T01:33:31Z,PASS,,navy,transparent,1,png,v1.5.1 (carried),,,
dist/brand/icons/light/athar-icon-impact-128.webp,4 icon-system,impact-NEW,128 x 128,1700,59d0d47de3c8893e2165712ad9785a9bbab7dc5be711c29d84287c4d7c943d3d,resvg-js 2.6.2 + sharp 0.34.3 (WebP),"drawn 2026-09-30 to the 27-Sep stroke/grid spec (24 grid, 2px round-capped strokes, currentColor)",2026-09-30T01:33:31Z,PASS,,navy,transparent,1,webp,v1.5.1 (carried),,,
dist/brand/icons/light/athar-icon-impact-256.png,4 icon-system,impact-NEW,256 x 256,7043,ed8c1cf7af8dbe945f0a2854107ae2cff6cde796aecf5f8dec072ba5bcdf172e,resvg-js 2.6.2 (resvg 0.40.0) + sharp 0.34.3/libvips 8.17.1,"drawn 2026-09-30 to the 27-Sep stroke/grid spec (24 grid, 2px round-capped strokes, currentColor)",2026-09-30T01:33:31Z,PASS,,navy,transparent,1,png,v1.5.1 (carried),,,
dist/brand/icons/light/athar-icon-impact-256.webp,4 icon-system,impact-NEW,256 x 256,2680,cfe5033ef94832a01c6c1cb10787c4d2e05d9a3c7ca3a63b2de0ebbc95f883b2,resvg-js 2.6.2 + sharp 0.34.3 (WebP),"drawn 2026-09-30 to the 27-Sep stroke/grid spec (24 grid, 2px round-capped strokes, currentColor)",2026-09-30T01:33:31Z,PASS,,navy,transparent,1,webp,v1.5.1 (carried),,,
dist/brand/icons/light/athar-icon-impact-512.png,4 icon-system,impact-NEW,512 x 512,14171,8e377727a6f698ee7c765f8eb48c26d14051955979e5cc4487667df27da19ecb,resvg-js 2.6.2 (resvg 0.40.0) + sharp 0.34.3/libvips 8.17.1,"drawn 2026-09-30 to the 27-Sep stroke/grid spec (24 grid, 2px round-capped strokes, currentColor)",2026-09-30T01:33:31Z,PASS,,navy,transparent,1,png,v1.5.1 (carried),,,
dist/brand/icons/light/athar-icon-impact-512.webp,4 icon-system,impact-NEW,512 x 512,4902,6e24896da47d38db351acfd64a7499c4a881589ba5a318def73901bcc578ed16,resvg-js 2.6.2 + sharp 0.34.3 (WebP),"drawn 2026-09-30 to the 27-Sep stroke/grid spec (24 grid, 2px round-capped strokes, currentColor)",2026-09-30T01:33:31Z,PASS,,navy,transparent,1,webp,v1.5.1 (carried),,,
dist/brand/icons/dark/athar-icon-impact-16.png,4 icon-system,impact-NEW,16 x 16,943,04ecb80ad68b4a92eb7da27abfbbe1b5b0402d3f569cf01ae43444271e6d2707,resvg-js 2.6.2 (resvg 0.40.0) + sharp 0.34.3/libvips 8.17.1,"drawn 2026-09-30 to the 27-Sep stroke/grid spec (24 grid, 2px round-capped strokes, currentColor)",2026-09-30T01:33:31Z,PASS,,reversed,transparent,1,png,v1.5.1 (carried),,,
dist/brand/icons/dark/athar-icon-impact-16.webp,4 icon-system,impact-NEW,16 x 16,896,36107647017f8002c125edadf8915e4635010c3ec4657191091ecc90adb7a4c0,resvg-js 2.6.2 + sharp 0.34.3 (WebP),"drawn 2026-09-30 to the 27-Sep stroke/grid spec (24 grid, 2px round-capped strokes, currentColor)",2026-09-30T01:33:31Z,PASS,,reversed,transparent,1,webp,v1.5.1 (carried),,,
dist/brand/icons/dark/athar-icon-impact-20.png,4 icon-system,impact-NEW,20 x 20,1044,c0446d713efc9e15447a6d5a677675119d4abeb1f0f5fe6a9960b09ddbf117ee,resvg-js 2.6.2 (resvg 0.40.0) + sharp 0.34.3/libvips 8.17.1,"drawn 2026-09-30 to the 27-Sep stroke/grid spec (24 grid, 2px round-capped strokes, currentColor)",2026-09-30T01:33:31Z,PASS,,reversed,transparent,1,png,v1.5.1 (carried),,,
dist/brand/icons/dark/athar-icon-impact-20.webp,4 icon-system,impact-NEW,20 x 20,916,164d9ccac7134e482aaf13951fe3b0c791d8975da79bc4e236e090c2813e1a5d,resvg-js 2.6.2 + sharp 0.34.3 (WebP),"drawn 2026-09-30 to the 27-Sep stroke/grid spec (24 grid, 2px round-capped strokes, currentColor)",2026-09-30T01:33:31Z,PASS,,reversed,transparent,1,webp,v1.5.1 (carried),,,
dist/brand/icons/dark/athar-icon-impact-24.png,4 icon-system,impact-NEW,24 x 24,1147,8fd6240a2aaacb659741fb0112d066a684b06bff53f9cfde928b3863dc33816a,resvg-js 2.6.2 (resvg 0.40.0) + sharp 0.34.3/libvips 8.17.1,"drawn 2026-09-30 to the 27-Sep stroke/grid spec (24 grid, 2px round-capped strokes, currentColor)",2026-09-30T01:33:31Z,PASS,,reversed,transparent,1,png,v1.5.1 (carried),,,
dist/brand/icons/dark/athar-icon-impact-24.webp,4 icon-system,impact-NEW,24 x 24,944,7990237fbeb95f9307120fb94944082a9cce4f4566c45584ea837bfc377cbf25,resvg-js 2.6.2 + sharp 0.34.3 (WebP),"drawn 2026-09-30 to the 27-Sep stroke/grid spec (24 grid, 2px round-capped strokes, currentColor)",2026-09-30T01:33:31Z,PASS,,reversed,transparent,1,webp,v1.5.1 (carried),,,
dist/brand/icons/dark/athar-icon-impact-32.png,4 icon-system,impact-NEW,32 x 32,1365,7abda5b6893979329d07eec718e078c3f27e655fb7a9f6cc30ae1629c52dece4,resvg-js 2.6.2 (resvg 0.40.0) + sharp 0.34.3/libvips 8.17.1,"drawn 2026-09-30 to the 27-Sep stroke/grid spec (24 grid, 2px round-capped strokes, currentColor)",2026-09-30T01:33:31Z,PASS,,reversed,transparent,1,png,v1.5.1 (carried),,,
dist/brand/icons/dark/athar-icon-impact-32.webp,4 icon-system,impact-NEW,32 x 32,1018,9f66d6c4c38076e81ae04a9b7e57b9925297fa21c66c2bff2a12db8bdc3ddc70,resvg-js 2.6.2 + sharp 0.34.3 (WebP),"drawn 2026-09-30 to the 27-Sep stroke/grid spec (24 grid, 2px round-capped strokes, currentColor)",2026-09-30T01:33:31Z,PASS,,reversed,transparent,1,webp,v1.5.1 (carried),,,
dist/brand/icons/dark/athar-icon-impact-48.png,4 icon-system,impact-NEW,48 x 48,1764,af480651de4990a3044b2767a8c668b48e7228bb1a2cd006f88829d5a52eef25,resvg-js 2.6.2 (resvg 0.40.0) + sharp 0.34.3/libvips 8.17.1,"drawn 2026-09-30 to the 27-Sep stroke/grid spec (24 grid, 2px round-capped strokes, currentColor)",2026-09-30T01:33:31Z,PASS,,reversed,transparent,1,png,v1.5.1 (carried),,,
dist/brand/icons/dark/athar-icon-impact-48.webp,4 icon-system,impact-NEW,48 x 48,1124,c50e93ab7f907722c7fe289826966e6a6036602c2d47edeea86ead982b70e61b,resvg-js 2.6.2 + sharp 0.34.3 (WebP),"drawn 2026-09-30 to the 27-Sep stroke/grid spec (24 grid, 2px round-capped strokes, currentColor)",2026-09-30T01:33:31Z,PASS,,reversed,transparent,1,webp,v1.5.1 (carried),,,
dist/brand/icons/dark/athar-icon-impact-64.png,4 icon-system,impact-NEW,64 x 64,2064,e58573508e360a5c82ab2f1792871438e6119d30dedc1d58d8d94a9efbb6f784,resvg-js 2.6.2 (resvg 0.40.0) + sharp 0.34.3/libvips 8.17.1,"drawn 2026-09-30 to the 27-Sep stroke/grid spec (24 grid, 2px round-capped strokes, currentColor)",2026-09-30T01:33:31Z,PASS,,reversed,transparent,1,png,v1.5.1 (carried),,,
dist/brand/icons/dark/athar-icon-impact-64.webp,4 icon-system,impact-NEW,64 x 64,1230,31aa3c212769f690cc55be53da31435f28c9dd54efbe5b70d9ae85309f1254f9,resvg-js 2.6.2 + sharp 0.34.3 (WebP),"drawn 2026-09-30 to the 27-Sep stroke/grid spec (24 grid, 2px round-capped strokes, currentColor)",2026-09-30T01:33:31Z,PASS,,reversed,transparent,1,webp,v1.5.1 (carried),,,
dist/brand/icons/dark/athar-icon-impact-128.png,4 icon-system,impact-NEW,128 x 128,3561,38591b8e214ebc217be99e6bb103a2c48374d16330125b086336009eca48d3bb,resvg-js 2.6.2 (resvg 0.40.0) + sharp 0.34.3/libvips 8.17.1,"drawn 2026-09-30 to the 27-Sep stroke/grid spec (24 grid, 2px round-capped strokes, currentColor)",2026-09-30T01:33:31Z,PASS,,reversed,transparent,1,png,v1.5.1 (carried),,,
dist/brand/icons/dark/athar-icon-impact-128.webp,4 icon-system,impact-NEW,128 x 128,1704,42dc0720456210db9c1220a67c0b6ec890dbf632d8df0b7327b3c6dd538f46d0,resvg-js 2.6.2 + sharp 0.34.3 (WebP),"drawn 2026-09-30 to the 27-Sep stroke/grid spec (24 grid, 2px round-capped strokes, currentColor)",2026-09-30T01:33:31Z,PASS,,reversed,transparent,1,webp,v1.5.1 (carried),,,
dist/brand/icons/dark/athar-icon-impact-256.png,4 icon-system,impact-NEW,256 x 256,6884,7a324cba4210b43fd2f3111dd5a0f40d75206f0f7db24f74f3ba3a1af36e5580,resvg-js 2.6.2 (resvg 0.40.0) + sharp 0.34.3/libvips 8.17.1,"drawn 2026-09-30 to the 27-Sep stroke/grid spec (24 grid, 2px round-capped strokes, currentColor)",2026-09-30T01:33:31Z,PASS,,reversed,transparent,1,png,v1.5.1 (carried),,,
dist/brand/icons/dark/athar-icon-impact-256.webp,4 icon-system,impact-NEW,256 x 256,2678,c7fb1ef6d44def287a8d6df080ab77ee5d0566f4f221f62abc08ef331f2f5e00,resvg-js 2.6.2 + sharp 0.34.3 (WebP),"drawn 2026-09-30 to the 27-Sep stroke/grid spec (24 grid, 2px round-capped strokes, currentColor)",2026-09-30T01:33:31Z,PASS,,reversed,transparent,1,webp,v1.5.1 (carried),,,
dist/brand/icons/dark/athar-icon-impact-512.png,4 icon-system,impact-NEW,512 x 512,13835,f142372eb58e727b82d6d1b90ce4d9aef70c59b8cec4c82f0ce7b958d3bf5204,resvg-js 2.6.2 (resvg 0.40.0) + sharp 0.34.3/libvips 8.17.1,"drawn 2026-09-30 to the 27-Sep stroke/grid spec (24 grid, 2px round-capped strokes, currentColor)",2026-09-30T01:33:31Z,PASS,,reversed,transparent,1,png,v1.5.1 (carried),,,
dist/brand/icons/dark/athar-icon-impact-512.webp,4 icon-system,impact-NEW,512 x 512,4912,a8530e1885805bd903ce63f0df4f5177784854931d99f00fccb61c28ed8cf347,resvg-js 2.6.2 + sharp 0.34.3 (WebP),"drawn 2026-09-30 to the 27-Sep stroke/grid spec (24 grid, 2px round-capped strokes, currentColor)",2026-09-30T01:33:31Z,PASS,,reversed,transparent,1,webp,v1.5.1 (carried),,,
dist/brand/icons/svg/athar-icon-impact-24.svg,4 icon-system,impact-NEW,24 x 24,426,f6289959d1ee3bfac67d9632f6040c6300b2481849502a486dfb8f272193b1a8,svgo 4.1.0 (safe config),"drawn 2026-09-30 to the 27-Sep stroke/grid spec (24 grid, 2px round-capped strokes, currentColor)",2026-09-30T01:33:36Z,PASS,,currentColor,transparent,1,svg,v1.5.1 (carried),,,
dist/pattern/athar-pattern-eight_point_star-light-400.png,5 patterns,eight_point_star,400 x 400,19796,a8a3c281b759729a73ae8f8f0097133c6c2be01ad88c1210821dded18e6e09f7,sharp 0.34.3 lanczos3 downsample,rendered-assets-v1.5.0/dist/pattern/athar-pattern-eight_point_star-light-2048.png (<- Athar_Package 04 Imagery/Patterns/athar_imagery_pattern_eight_point_star_light_tile.svg),2026-09-30T01:19:01Z,PASS,,navy,ivory,1,png,v1.5.1 (carried),,,
dist/pattern/athar-pattern-eight_point_star-light-400.webp,5 patterns,eight_point_star,400 x 400,8316,5a9c8dfba88c1e74f759f1cebc4dee963a9f2ef49806733f0c3ca31cefa600e3,sharp 0.34.3 lanczos3 downsample (WebP lossless),rendered-assets-v1.5.0/dist/pattern/athar-pattern-eight_point_star-light-2048.png (<- Athar_Package 04 Imagery/Patterns/athar_imagery_pattern_eight_point_star_light_tile.svg),2026-09-30T01:19:01Z,PASS,,navy,ivory,1,webp,v1.5.1 (carried),,,
dist/pattern/athar-pattern-eight_point_star-light-512.png,5 patterns,eight_point_star,512 x 512,22225,79276195149e2981e40e3f4bcc21579a2ee1c3930b842fbccd173eb939e44967,sharp 0.34.3 lanczos3 downsample,rendered-assets-v1.5.0/dist/pattern/athar-pattern-eight_point_star-light-2048.png (<- Athar_Package 04 Imagery/Patterns/athar_imagery_pattern_eight_point_star_light_tile.svg),2026-09-30T01:19:01Z,PASS,,navy,ivory,1,png,v1.5.1 (carried),,,
dist/pattern/athar-pattern-eight_point_star-light-512.webp,5 patterns,eight_point_star,512 x 512,9932,a83f3b031a7cf93e923b534e78622b776237a3caee7f20248626b8404b9affce,sharp 0.34.3 lanczos3 downsample (WebP lossless),rendered-assets-v1.5.0/dist/pattern/athar-pattern-eight_point_star-light-2048.png (<- Athar_Package 04 Imagery/Patterns/athar_imagery_pattern_eight_point_star_light_tile.svg),2026-09-30T01:19:01Z,PASS,,navy,ivory,1,webp,v1.5.1 (carried),,,
dist/pattern/athar-pattern-eight_point_star-light-1024.png,5 patterns,eight_point_star,1024 x 1024,39601,9f0a7e79597f115c371edcefe35a4d1f09257fafb1e76cb49549cc46f7fd7de2,sharp 0.34.3 lanczos3 downsample,rendered-assets-v1.5.0/dist/pattern/athar-pattern-eight_point_star-light-2048.png (<- Athar_Package 04 Imagery/Patterns/athar_imagery_pattern_eight_point_star_light_tile.svg),2026-09-30T01:19:01Z,PASS,,navy,ivory,1,png,v1.5.1 (carried),,,
dist/pattern/athar-pattern-eight_point_star-light-1024.webp,5 patterns,eight_point_star,1024 x 1024,16722,bf514c6871449b686ef0db9f19fb4af50e19f1cf2422d0d93876a28c89d74eda,sharp 0.34.3 lanczos3 downsample (WebP lossless),rendered-assets-v1.5.0/dist/pattern/athar-pattern-eight_point_star-light-2048.png (<- Athar_Package 04 Imagery/Patterns/athar_imagery_pattern_eight_point_star_light_tile.svg),2026-09-30T01:19:01Z,PASS,,navy,ivory,1,webp,v1.5.1 (carried),,,
dist/pattern/athar-pattern-eight_point_star-light-2048.png,5 patterns,eight_point_star,2048 x 2048,58107,d1d6521922819b463e0bf5664f55cbe307ea6f8826a6d61f8c8c31b2e166ad9b,sharp 0.34.3 lanczos3 downsample,rendered-assets-v1.5.0/dist/pattern/athar-pattern-eight_point_star-light-2048.png (<- Athar_Package 04 Imagery/Patterns/athar_imagery_pattern_eight_point_star_light_tile.svg),2026-09-30T01:19:01Z,PASS,,navy,ivory,1,png,v1.5.1 (carried),,,
dist/pattern/athar-pattern-eight_point_star-light-2048.webp,5 patterns,eight_point_star,2048 x 2048,24616,85530c1df9dd61c6e6cbc8797bdd027a58b70afaecdaa77f8cc848910d2dec7e,sharp 0.34.3 lanczos3 downsample (WebP lossless),rendered-assets-v1.5.0/dist/pattern/athar-pattern-eight_point_star-light-2048.png (<- Athar_Package 04 Imagery/Patterns/athar_imagery_pattern_eight_point_star_light_tile.svg),2026-09-30T01:19:02Z,PASS,,navy,ivory,1,webp,v1.5.1 (carried),,,
dist/pattern/athar-pattern-eight_point_star-light-2x2-seamless-preview.png,5 patterns,eight_point_star,2048 x 2048,107628,b7ea6bc1fe8d5abf7c3d0e163ba5b0ff2d9d6ce86e2b5000f5a058ca50b5fcb1,sharp 0.34.3 composite,rendered-assets-v1.5.0/dist/pattern/athar-pattern-eight_point_star-light-2048.png (<- Athar_Package 04 Imagery/Patterns/athar_imagery_pattern_eight_point_star_light_tile.svg),2026-09-30T01:19:02Z,PASS,,navy,ivory,1,png,v1.5.1 (carried),,,
dist/pattern/athar-pattern-eight_point_star-dark-400.png,5 patterns,eight_point_star,400 x 400,13289,272929471b7251e62cd7ef5f666a66ac6eb83b1878e43d7f44b326097e9bd01a,sharp 0.34.3 lanczos3 downsample,rendered-assets-v1.5.0/dist/pattern/athar-pattern-eight_point_star-dark-2048.png (<- Athar_Package 04 Imagery/Patterns/athar_imagery_pattern_eight_point_star_dark_tile.svg),2026-09-30T01:19:02Z,PASS,,reversed,deep_ocean,1,png,v1.5.1 (carried),,,
dist/pattern/athar-pattern-eight_point_star-dark-400.webp,5 patterns,eight_point_star,400 x 400,4548,4057dae5df6cd6935da74724be504400c6d645167557008adb5d85cd74eb2990,sharp 0.34.3 lanczos3 downsample (WebP lossless),rendered-assets-v1.5.0/dist/pattern/athar-pattern-eight_point_star-dark-2048.png (<- Athar_Package 04 Imagery/Patterns/athar_imagery_pattern_eight_point_star_dark_tile.svg),2026-09-30T01:19:02Z,PASS,,reversed,deep_ocean,1,webp,v1.5.1 (carried),,,
dist/pattern/athar-pattern-eight_point_star-dark-512.png,5 patterns,eight_point_star,512 x 512,18900,a261448e519230d34aaab736e780f7a4a9e18e6b3e858e89d5988d273d236f75,sharp 0.34.3 lanczos3 downsample,rendered-assets-v1.5.0/dist/pattern/athar-pattern-eight_point_star-dark-2048.png (<- Athar_Package 04 Imagery/Patterns/athar_imagery_pattern_eight_point_star_dark_tile.svg),2026-09-30T01:19:02Z,PASS,,reversed,deep_ocean,1,png,v1.5.1 (carried),,,
dist/pattern/athar-pattern-eight_point_star-dark-512.webp,5 patterns,eight_point_star,512 x 512,6560,710f5e389c0c0b11a5e056ab442e90d4b47895f8f31e3fc70abcefddc71d1d91,sharp 0.34.3 lanczos3 downsample (WebP lossless),rendered-assets-v1.5.0/dist/pattern/athar-pattern-eight_point_star-dark-2048.png (<- Athar_Package 04 Imagery/Patterns/athar_imagery_pattern_eight_point_star_dark_tile.svg),2026-09-30T01:19:02Z,PASS,,reversed,deep_ocean,1,webp,v1.5.1 (carried),,,
dist/pattern/athar-pattern-eight_point_star-dark-1024.png,5 patterns,eight_point_star,1024 x 1024,34029,0812f6e1740bc6f4ec5a1393c9840b07abd9e0347fc2f849f5a68b23dbf261b4,sharp 0.34.3 lanczos3 downsample,rendered-assets-v1.5.0/dist/pattern/athar-pattern-eight_point_star-dark-2048.png (<- Athar_Package 04 Imagery/Patterns/athar_imagery_pattern_eight_point_star_dark_tile.svg),2026-09-30T01:19:03Z,PASS,,reversed,deep_ocean,1,png,v1.5.1 (carried),,,
dist/pattern/athar-pattern-eight_point_star-dark-1024.webp,5 patterns,eight_point_star,1024 x 1024,12236,607854ad560c668298b0548b51b231ae209ac6ce90fd8c1f6806ddf25c262da3,sharp 0.34.3 lanczos3 downsample (WebP lossless),rendered-assets-v1.5.0/dist/pattern/athar-pattern-eight_point_star-dark-2048.png (<- Athar_Package 04 Imagery/Patterns/athar_imagery_pattern_eight_point_star_dark_tile.svg),2026-09-30T01:19:03Z,PASS,,reversed,deep_ocean,1,webp,v1.5.1 (carried),,,
dist/pattern/athar-pattern-eight_point_star-dark-2048.png,5 patterns,eight_point_star,2048 x 2048,57540,3da14952080dc48a6c277337cb0c17a9b83d8517621fb5c09d7e133295a7b8ca,sharp 0.34.3 lanczos3 downsample,rendered-assets-v1.5.0/dist/pattern/athar-pattern-eight_point_star-dark-2048.png (<- Athar_Package 04 Imagery/Patterns/athar_imagery_pattern_eight_point_star_dark_tile.svg),2026-09-30T01:19:03Z,PASS,,reversed,deep_ocean,1,png,v1.5.1 (carried),,,
dist/pattern/athar-pattern-eight_point_star-dark-2048.webp,5 patterns,eight_point_star,2048 x 2048,23438,169ebb1422232f2b440f7e383b77e3312b9f4b11693c7efba7349c8c3915c2a5,sharp 0.34.3 lanczos3 downsample (WebP lossless),rendered-assets-v1.5.0/dist/pattern/athar-pattern-eight_point_star-dark-2048.png (<- Athar_Package 04 Imagery/Patterns/athar_imagery_pattern_eight_point_star_dark_tile.svg),2026-09-30T01:19:03Z,PASS,,reversed,deep_ocean,1,webp,v1.5.1 (carried),,,
dist/pattern/athar-pattern-eight_point_star-dark-2x2-seamless-preview.png,5 patterns,eight_point_star,2048 x 2048,95893,b80f8efebd8b029cbb19786ddebdcb4fc0143985442539d1a117c1be9e062d19,sharp 0.34.3 composite,rendered-assets-v1.5.0/dist/pattern/athar-pattern-eight_point_star-dark-2048.png (<- Athar_Package 04 Imagery/Patterns/athar_imagery_pattern_eight_point_star_dark_tile.svg),2026-09-30T01:19:04Z,PASS,,reversed,deep_ocean,1,png,v1.5.1 (carried),,,
dist/pattern/athar-pattern-trace_lattice-light-400.png,5 patterns,trace_lattice,400 x 400,27085,a89c98636d83816fd873a0440a8408c51900c1ae13dde726b5d1fffaceb358fb,sharp 0.34.3 lanczos3 downsample,rendered-assets-v1.5.0/dist/pattern/athar-pattern-trace_lattice-light-2048.png (<- Athar_Package 04 Imagery/Patterns/athar_imagery_pattern_trace_lattice_light_tile.svg),2026-09-30T01:19:04Z,PASS,,navy,ivory,1,png,v1.5.1 (carried),,,
dist/pattern/athar-pattern-trace_lattice-light-400.webp,5 patterns,trace_lattice,400 x 400,15252,21c992439d2d8dc1c906bb3379c19e76524f753d23b0cea9055b0a60c8e6578e,sharp 0.34.3 lanczos3 downsample (WebP lossless),rendered-assets-v1.5.0/dist/pattern/athar-pattern-trace_lattice-light-2048.png (<- Athar_Package 04 Imagery/Patterns/athar_imagery_pattern_trace_lattice_light_tile.svg),2026-09-30T01:19:04Z,PASS,,navy,ivory,1,webp,v1.5.1 (carried),,,
dist/pattern/athar-pattern-trace_lattice-light-512.png,5 patterns,trace_lattice,512 x 512,37620,493d29f5d79064603c906aebbc302773078954413122c8a8052840365cc58103,sharp 0.34.3 lanczos3 downsample,rendered-assets-v1.5.0/dist/pattern/athar-pattern-trace_lattice-light-2048.png (<- Athar_Package 04 Imagery/Patterns/athar_imagery_pattern_trace_lattice_light_tile.svg),2026-09-30T01:19:04Z,PASS,,navy,ivory,1,png,v1.5.1 (carried),,,
dist/pattern/athar-pattern-trace_lattice-light-512.webp,5 patterns,trace_lattice,512 x 512,21086,6904b96c4c4419240170a6fa57c98de6fae036185f55f444f03e947b5819e8c8,sharp 0.34.3 lanczos3 downsample (WebP lossless),rendered-assets-v1.5.0/dist/pattern/athar-pattern-trace_lattice-light-2048.png (<- Athar_Package 04 Imagery/Patterns/athar_imagery_pattern_trace_lattice_light_tile.svg),2026-09-30T01:19:04Z,PASS,,navy,ivory,1,webp,v1.5.1 (carried),,,
dist/pattern/athar-pattern-trace_lattice-light-1024.png,5 patterns,trace_lattice,1024 x 1024,79725,2f132bae48bfcf20b27e2dd0e2f9aed9474e47c28d970cdea78c591f9d59a4f6,sharp 0.34.3 lanczos3 downsample,rendered-assets-v1.5.0/dist/pattern/athar-pattern-trace_lattice-light-2048.png (<- Athar_Package 04 Imagery/Patterns/athar_imagery_pattern_trace_lattice_light_tile.svg),2026-09-30T01:19:04Z,PASS,,navy,ivory,1,png,v1.5.1 (carried),,,
dist/pattern/athar-pattern-trace_lattice-light-1024.webp,5 patterns,trace_lattice,1024 x 1024,38092,15238309e60f76c5a2a6e4b40007222933d42720acd1650d61f2a63c861264b7,sharp 0.34.3 lanczos3 downsample (WebP lossless),rendered-assets-v1.5.0/dist/pattern/athar-pattern-trace_lattice-light-2048.png (<- Athar_Package 04 Imagery/Patterns/athar_imagery_pattern_trace_lattice_light_tile.svg),2026-09-30T01:19:04Z,PASS,,navy,ivory,1,webp,v1.5.1 (carried),,,
dist/pattern/athar-pattern-trace_lattice-light-2048.png,5 patterns,trace_lattice,2048 x 2048,94533,713c4dffd39551407704d1da965db50461b6361c61eee3bccb3d6d2889a07627,sharp 0.34.3 lanczos3 downsample,rendered-assets-v1.5.0/dist/pattern/athar-pattern-trace_lattice-light-2048.png (<- Athar_Package 04 Imagery/Patterns/athar_imagery_pattern_trace_lattice_light_tile.svg),2026-09-30T01:19:05Z,PASS,,navy,ivory,1,png,v1.5.1 (carried),,,
dist/pattern/athar-pattern-trace_lattice-light-2048.webp,5 patterns,trace_lattice,2048 x 2048,42668,cb1c6c89da8e2a6a555eb46f08f5ef344864ed76e187cb1406c7651df5f19eea,sharp 0.34.3 lanczos3 downsample (WebP lossless),rendered-assets-v1.5.0/dist/pattern/athar-pattern-trace_lattice-light-2048.png (<- Athar_Package 04 Imagery/Patterns/athar_imagery_pattern_trace_lattice_light_tile.svg),2026-09-30T01:19:05Z,PASS,,navy,ivory,1,webp,v1.5.1 (carried),,,
dist/pattern/athar-pattern-trace_lattice-light-2x2-seamless-preview.png,5 patterns,trace_lattice,2048 x 2048,210366,814c699b2e297c0305518f9ee6892fc0ddab44f06bd58934209931d1f77fe0d0,sharp 0.34.3 composite,rendered-assets-v1.5.0/dist/pattern/athar-pattern-trace_lattice-light-2048.png (<- Athar_Package 04 Imagery/Patterns/athar_imagery_pattern_trace_lattice_light_tile.svg),2026-09-30T01:19:05Z,PASS,,navy,ivory,1,png,v1.5.1 (carried),,,
dist/pattern/athar-pattern-trace_lattice-dark-400.png,5 patterns,trace_lattice,400 x 400,21558,3f699eddf062fe18cb10a5ec499e29d4d6d54b28b6c207e8bd0a9c92ada7df07,sharp 0.34.3 lanczos3 downsample,rendered-assets-v1.5.0/dist/pattern/athar-pattern-trace_lattice-dark-2048.png (<- Athar_Package 04 Imagery/Patterns/athar_imagery_pattern_trace_lattice_dark_tile.svg),2026-09-30T01:19:05Z,PASS,,reversed,deep_ocean,1,png,v1.5.1 (carried),,,
dist/pattern/athar-pattern-trace_lattice-dark-400.webp,5 patterns,trace_lattice,400 x 400,12008,eb80549129b0a527eb27baedeb8a5efac87694da312e7742f3f434dddd92910d,sharp 0.34.3 lanczos3 downsample (WebP lossless),rendered-assets-v1.5.0/dist/pattern/athar-pattern-trace_lattice-dark-2048.png (<- Athar_Package 04 Imagery/Patterns/athar_imagery_pattern_trace_lattice_dark_tile.svg),2026-09-30T01:19:05Z,PASS,,reversed,deep_ocean,1,webp,v1.5.1 (carried),,,
dist/pattern/athar-pattern-trace_lattice-dark-512.png,5 patterns,trace_lattice,512 x 512,28313,194cf175fe8f047434e01bc462cdee1c3614c2ac291ba6de556f205ed3fbc4f4,sharp 0.34.3 lanczos3 downsample,rendered-assets-v1.5.0/dist/pattern/athar-pattern-trace_lattice-dark-2048.png (<- Athar_Package 04 Imagery/Patterns/athar_imagery_pattern_trace_lattice_dark_tile.svg),2026-09-30T01:19:06Z,PASS,,reversed,deep_ocean,1,png,v1.5.1 (carried),,,
dist/pattern/athar-pattern-trace_lattice-dark-512.webp,5 patterns,trace_lattice,512 x 512,16002,e35cf69bcfdfb31f17a0ab62d035bc5a5184e62bbc78d54e30374a0f608e8634,sharp 0.34.3 lanczos3 downsample (WebP lossless),rendered-assets-v1.5.0/dist/pattern/athar-pattern-trace_lattice-dark-2048.png (<- Athar_Package 04 Imagery/Patterns/athar_imagery_pattern_trace_lattice_dark_tile.svg),2026-09-30T01:19:06Z,PASS,,reversed,deep_ocean,1,webp,v1.5.1 (carried),,,
dist/pattern/athar-pattern-trace_lattice-dark-1024.png,5 patterns,trace_lattice,1024 x 1024,59467,f524d4f4d1d91d6486fc9c4b3a98b57fa3e84425c00ce8dfd873d5fcdaf12949,sharp 0.34.3 lanczos3 downsample,rendered-assets-v1.5.0/dist/pattern/athar-pattern-trace_lattice-dark-2048.png (<- Athar_Package 04 Imagery/Patterns/athar_imagery_pattern_trace_lattice_dark_tile.svg),2026-09-30T01:19:06Z,PASS,,reversed,deep_ocean,1,png,v1.5.1 (carried),,,
dist/pattern/athar-pattern-trace_lattice-dark-1024.webp,5 patterns,trace_lattice,1024 x 1024,30390,bc8f538b6ccc723f2b5bdbf81f9b4f844193c89f59f4a78a3ab29f5ac4b95d17,sharp 0.34.3 lanczos3 downsample (WebP lossless),rendered-assets-v1.5.0/dist/pattern/athar-pattern-trace_lattice-dark-2048.png (<- Athar_Package 04 Imagery/Patterns/athar_imagery_pattern_trace_lattice_dark_tile.svg),2026-09-30T01:19:06Z,PASS,,reversed,deep_ocean,1,webp,v1.5.1 (carried),,,
dist/pattern/athar-pattern-trace_lattice-dark-2048.png,5 patterns,trace_lattice,2048 x 2048,91008,bb2a5e45a7144c6f421a0b07cf48b6cda23c840c0d48000764c0ec4e26811ac4,sharp 0.34.3 lanczos3 downsample,rendered-assets-v1.5.0/dist/pattern/athar-pattern-trace_lattice-dark-2048.png (<- Athar_Package 04 Imagery/Patterns/athar_imagery_pattern_trace_lattice_dark_tile.svg),2026-09-30T01:19:06Z,PASS,,reversed,deep_ocean,1,png,v1.5.1 (carried),,,
dist/pattern/athar-pattern-trace_lattice-dark-2048.webp,5 patterns,trace_lattice,2048 x 2048,42414,93695de117da504c379f517dfe72c67a77358c9dcfe427d6b0a2423dc36a8f3c,sharp 0.34.3 lanczos3 downsample (WebP lossless),rendered-assets-v1.5.0/dist/pattern/athar-pattern-trace_lattice-dark-2048.png (<- Athar_Package 04 Imagery/Patterns/athar_imagery_pattern_trace_lattice_dark_tile.svg),2026-09-30T01:19:07Z,PASS,,reversed,deep_ocean,1,webp,v1.5.1 (carried),,,
dist/pattern/athar-pattern-trace_lattice-dark-2x2-seamless-preview.png,5 patterns,trace_lattice,2048 x 2048,163127,2e0733deb6cc50e761cbacc91a7aa73eca1f95c65da0bfa8214ada4d7a17f81e,sharp 0.34.3 composite,rendered-assets-v1.5.0/dist/pattern/athar-pattern-trace_lattice-dark-2048.png (<- Athar_Package 04 Imagery/Patterns/athar_imagery_pattern_trace_lattice_dark_tile.svg),2026-09-30T01:19:07Z,PASS,,reversed,deep_ocean,1,png,v1.5.1 (carried),,,
dist/pattern/athar-pattern-data_wave-light-400.png,5 patterns,data_wave,400 x 400,24791,8c0970211d4148113fc1beab4ab30e7b02d3344de029c565e6dcab1652661f10,sharp 0.34.3 lanczos3 downsample,rendered-assets-v1.5.0/dist/pattern/athar-pattern-data_wave-light-2048.png (<- Athar_Package 04 Imagery/Patterns/athar_imagery_pattern_data_wave_light_tile.svg),2026-09-30T01:19:07Z,PASS,,navy,ivory,1,png,v1.5.1 (carried),,,
dist/pattern/athar-pattern-data_wave-light-400.webp,5 patterns,data_wave,400 x 400,16902,1b63fbdb8caa1bdd2ce863684fc4409756db250c73f5029f2fcd25f7a030ef8a,sharp 0.34.3 lanczos3 downsample (WebP lossless),rendered-assets-v1.5.0/dist/pattern/athar-pattern-data_wave-light-2048.png (<- Athar_Package 04 Imagery/Patterns/athar_imagery_pattern_data_wave_light_tile.svg),2026-09-30T01:19:07Z,PASS,,navy,ivory,1,webp,v1.5.1 (carried),,,
dist/pattern/athar-pattern-data_wave-light-512.png,5 patterns,data_wave,512 x 512,34754,d57c742df601767bf5dfa995a2fe8235e9131284194656328352bad6f78e745c,sharp 0.34.3 lanczos3 downsample,rendered-assets-v1.5.0/dist/pattern/athar-pattern-data_wave-light-2048.png (<- Athar_Package 04 Imagery/Patterns/athar_imagery_pattern_data_wave_light_tile.svg),2026-09-30T01:19:07Z,PASS,,navy,ivory,1,png,v1.5.1 (carried),,,
dist/pattern/athar-pattern-data_wave-light-512.webp,5 patterns,data_wave,512 x 512,22094,8fe7496de9db7868710cc86ac991fc5eab14753430361ebe663efdc7a0d62441,sharp 0.34.3 lanczos3 downsample (WebP lossless),rendered-assets-v1.5.0/dist/pattern/athar-pattern-data_wave-light-2048.png (<- Athar_Package 04 Imagery/Patterns/athar_imagery_pattern_data_wave_light_tile.svg),2026-09-30T01:19:08Z,PASS,,navy,ivory,1,webp,v1.5.1 (carried),,,
dist/pattern/athar-pattern-data_wave-light-1024.png,5 patterns,data_wave,1024 x 1024,77657,c44921dddb8ace221d0061209da244f63ab65f555c9063c548cf514b1bdf0819,sharp 0.34.3 lanczos3 downsample,rendered-assets-v1.5.0/dist/pattern/athar-pattern-data_wave-light-2048.png (<- Athar_Package 04 Imagery/Patterns/athar_imagery_pattern_data_wave_light_tile.svg),2026-09-30T01:19:08Z,PASS,,navy,ivory,1,png,v1.5.1 (carried),,,
dist/pattern/athar-pattern-data_wave-light-1024.webp,5 patterns,data_wave,1024 x 1024,46782,889dcd971542fdfed4632d0914c9487d87b29406b68d163865ed0235b56a906f,sharp 0.34.3 lanczos3 downsample (WebP lossless),rendered-assets-v1.5.0/dist/pattern/athar-pattern-data_wave-light-2048.png (<- Athar_Package 04 Imagery/Patterns/athar_imagery_pattern_data_wave_light_tile.svg),2026-09-30T01:19:08Z,PASS,,navy,ivory,1,webp,v1.5.1 (carried),,,
dist/pattern/athar-pattern-data_wave-light-2048.png,5 patterns,data_wave,2048 x 2048,57243,3235f06a29faff6e168c38b4f69bbc87dc5940e8a15c3a594733423d4adaffe3,sharp 0.34.3 lanczos3 downsample,rendered-assets-v1.5.0/dist/pattern/athar-pattern-data_wave-light-2048.png (<- Athar_Package 04 Imagery/Patterns/athar_imagery_pattern_data_wave_light_tile.svg),2026-09-30T01:19:08Z,PASS,,navy,ivory,1,png,v1.5.1 (carried),,,
dist/pattern/athar-pattern-data_wave-light-2048.webp,5 patterns,data_wave,2048 x 2048,20296,a481438f437fe7ad32b11904970dd875830f98ab10baf8bb25267d044d054d72,sharp 0.34.3 lanczos3 downsample (WebP lossless),rendered-assets-v1.5.0/dist/pattern/athar-pattern-data_wave-light-2048.png (<- Athar_Package 04 Imagery/Patterns/athar_imagery_pattern_data_wave_light_tile.svg),2026-09-30T01:19:09Z,PASS,,navy,ivory,1,webp,v1.5.1 (carried),,,
dist/pattern/athar-pattern-data_wave-light-2x2-seamless-preview.png,5 patterns,data_wave,2048 x 2048,182620,1f9e6a3fc344b9507bd6250525316a1a91bb326334d28d353ed98696d6cd9077,sharp 0.34.3 composite,rendered-assets-v1.5.0/dist/pattern/athar-pattern-data_wave-light-2048.png (<- Athar_Package 04 Imagery/Patterns/athar_imagery_pattern_data_wave_light_tile.svg),2026-09-30T01:19:09Z,PASS,,navy,ivory,1,png,v1.5.1 (carried),,,
dist/pattern/athar-pattern-data_wave-dark-400.png,5 patterns,data_wave,400 x 400,24649,04f28150afc63d84bc65a1efb55b42f1c32e0bd41fda64eb4a397d94373e6ecf,sharp 0.34.3 lanczos3 downsample,rendered-assets-v1.5.0/dist/pattern/athar-pattern-data_wave-dark-2048.png (<- Athar_Package 04 Imagery/Patterns/athar_imagery_pattern_data_wave_dark_tile.svg),2026-09-30T01:19:09Z,PASS,,reversed,deep_ocean,1,png,v1.5.1 (carried),,,
dist/pattern/athar-pattern-data_wave-dark-400.webp,5 patterns,data_wave,400 x 400,17024,bac9464fd8008632168ee6d1cb3e011c9bd7ead5dfa7bc6659e67ea32596347c,sharp 0.34.3 lanczos3 downsample (WebP lossless),rendered-assets-v1.5.0/dist/pattern/athar-pattern-data_wave-dark-2048.png (<- Athar_Package 04 Imagery/Patterns/athar_imagery_pattern_data_wave_dark_tile.svg),2026-09-30T01:19:09Z,PASS,,reversed,deep_ocean,1,webp,v1.5.1 (carried),,,
dist/pattern/athar-pattern-data_wave-dark-512.png,5 patterns,data_wave,512 x 512,35017,fa6e577efb5e87e6a901e97007dd0634c0fd33d32da9b1f2fd3beb8bfc015e9f,sharp 0.34.3 lanczos3 downsample,rendered-assets-v1.5.0/dist/pattern/athar-pattern-data_wave-dark-2048.png (<- Athar_Package 04 Imagery/Patterns/athar_imagery_pattern_data_wave_dark_tile.svg),2026-09-30T01:19:10Z,PASS,,reversed,deep_ocean,1,png,v1.5.1 (carried),,,
dist/pattern/athar-pattern-data_wave-dark-512.webp,5 patterns,data_wave,512 x 512,22242,487a0cf9c60ca874751144aa29d29a53e1e276d41973f2e548128c5912331485,sharp 0.34.3 lanczos3 downsample (WebP lossless),rendered-assets-v1.5.0/dist/pattern/athar-pattern-data_wave-dark-2048.png (<- Athar_Package 04 Imagery/Patterns/athar_imagery_pattern_data_wave_dark_tile.svg),2026-09-30T01:19:10Z,PASS,,reversed,deep_ocean,1,webp,v1.5.1 (carried),,,
dist/pattern/athar-pattern-data_wave-dark-1024.png,5 patterns,data_wave,1024 x 1024,77820,0340ea0cb0dc6518c25ac5c8e86673c9c5adc58a53d2687d5dbc0417eb2305e4,sharp 0.34.3 lanczos3 downsample,rendered-assets-v1.5.0/dist/pattern/athar-pattern-data_wave-dark-2048.png (<- Athar_Package 04 Imagery/Patterns/athar_imagery_pattern_data_wave_dark_tile.svg),2026-09-30T01:19:10Z,PASS,,reversed,deep_ocean,1,png,v1.5.1 (carried),,,
dist/pattern/athar-pattern-data_wave-dark-1024.webp,5 patterns,data_wave,1024 x 1024,46738,15fa38683b4fa1a0cf4f7ddcdca78029749933b442964915726f2885a2f05de2,sharp 0.34.3 lanczos3 downsample (WebP lossless),rendered-assets-v1.5.0/dist/pattern/athar-pattern-data_wave-dark-2048.png (<- Athar_Package 04 Imagery/Patterns/athar_imagery_pattern_data_wave_dark_tile.svg),2026-09-30T01:19:10Z,PASS,,reversed,deep_ocean,1,webp,v1.5.1 (carried),,,
dist/pattern/athar-pattern-data_wave-dark-2048.png,5 patterns,data_wave,2048 x 2048,57482,c75cc71ac90c1b7a361f1d8b6f7082202ac772070e1cc0d408dd1f19e50792e7,sharp 0.34.3 lanczos3 downsample,rendered-assets-v1.5.0/dist/pattern/athar-pattern-data_wave-dark-2048.png (<- Athar_Package 04 Imagery/Patterns/athar_imagery_pattern_data_wave_dark_tile.svg),2026-09-30T01:19:11Z,PASS,,reversed,deep_ocean,1,png,v1.5.1 (carried),,,
dist/pattern/athar-pattern-data_wave-dark-2048.webp,5 patterns,data_wave,2048 x 2048,20364,3f6539180ceac032915ffb7a1ab539742061dead87387c5e6f51031bf858d4cb,sharp 0.34.3 lanczos3 downsample (WebP lossless),rendered-assets-v1.5.0/dist/pattern/athar-pattern-data_wave-dark-2048.png (<- Athar_Package 04 Imagery/Patterns/athar_imagery_pattern_data_wave_dark_tile.svg),2026-09-30T01:19:11Z,PASS,,reversed,deep_ocean,1,webp,v1.5.1 (carried),,,
dist/pattern/athar-pattern-data_wave-dark-2x2-seamless-preview.png,5 patterns,data_wave,2048 x 2048,183087,edd52a7185051490a6836766eaf4d2e5be5dd71540fd6a3a9325df4ffb5e2a39,sharp 0.34.3 composite,rendered-assets-v1.5.0/dist/pattern/athar-pattern-data_wave-dark-2048.png (<- Athar_Package 04 Imagery/Patterns/athar_imagery_pattern_data_wave_dark_tile.svg),2026-09-30T01:19:11Z,PASS,,reversed,deep_ocean,1,png,v1.5.1 (carried),,,
dist/elements/athar-element-gold_rule@1x.png,6 brand-elements,gold_rule,112 x 12,652,e3c01ff1a26cd0afd662b10aec53bd355922ea5d6e51a557bf1362ca97ad7145,resvg-js 2.6.2 (resvg 0.40.0) + sharp 0.34.3/libvips 8.17.1,rendered-assets-v1.5.0/dist/assets/slide-art/elements/athar_element_gold_rule.svg,2026-09-30T01:33:36Z,PASS,,gold,full-bleed-gold,1,png,v1.5.1 (carried),,,
dist/elements/athar-element-gold_rule@1x.webp,6 brand-elements,gold_rule,112 x 12,738,d160367d63838dcfb411de0ad07b6974d9bd3690260f7c66a854bb6b627d64be,resvg-js 2.6.2 + sharp 0.34.3 (WebP),rendered-assets-v1.5.0/dist/assets/slide-art/elements/athar_element_gold_rule.svg,2026-09-30T01:33:36Z,PASS,,gold,full-bleed-gold,1,webp,v1.5.1 (carried),,,
dist/elements/athar-element-gold_rule@2x.png,6 brand-elements,gold_rule,224 x 24,683,212aba87c5ad456fcd9e00c5e571f61fce67bca4caa30304550000f0d35cbfcb,resvg-js 2.6.2 (resvg 0.40.0) + sharp 0.34.3/libvips 8.17.1,rendered-assets-v1.5.0/dist/assets/slide-art/elements/athar_element_gold_rule.svg,2026-09-30T01:33:36Z,PASS,,gold,full-bleed-gold,2,png,v1.5.1 (carried),,,
dist/elements/athar-element-gold_rule@2x.webp,6 brand-elements,gold_rule,224 x 24,744,48e0207055e0e93c2e630649953e69e9a12aca5dac8f4da07e40fd220c7fa309,resvg-js 2.6.2 + sharp 0.34.3 (WebP),rendered-assets-v1.5.0/dist/assets/slide-art/elements/athar_element_gold_rule.svg,2026-09-30T01:33:36Z,PASS,,gold,full-bleed-gold,2,webp,v1.5.1 (carried),,,
dist/elements/athar-element-gold_rule@3x.png,6 brand-elements,gold_rule,336 x 36,727,2d24b792ef7e4eb8624908bb52eac0d6b32b6e35eaa092f46e5d61018c7825d9,resvg-js 2.6.2 (resvg 0.40.0) + sharp 0.34.3/libvips 8.17.1,rendered-assets-v1.5.0/dist/assets/slide-art/elements/athar_element_gold_rule.svg,2026-09-30T01:33:36Z,PASS,,gold,full-bleed-gold,3,png,v1.5.1 (carried),,,
dist/elements/athar-element-gold_rule@3x.webp,6 brand-elements,gold_rule,336 x 36,744,fe30a756981300f0b534e13a6c8c460e6507025501c45b5970dbaca87a940a13,resvg-js 2.6.2 + sharp 0.34.3 (WebP),rendered-assets-v1.5.0/dist/assets/slide-art/elements/athar_element_gold_rule.svg,2026-09-30T01:33:36Z,PASS,,gold,full-bleed-gold,3,webp,v1.5.1 (carried),,,
dist/elements/athar-element-gold_rule.svg,6 brand-elements,gold_rule,112 x 12,128,a85b7491d0c675fc66894063b516656caf62ad44990eeb62d8e8eead750b5b41,svgo 4.1.0 (safe config),rendered-assets-v1.5.0/dist/assets/slide-art/elements/athar_element_gold_rule.svg,2026-09-30T01:33:39Z,PASS,,gold,transparent,1,svg,v1.5.1 (carried),,,
dist/elements/athar-element-gold_rule.pdf,6 brand-elements,gold_rule,112 x 12,801,3507c4293b4401ed332ce5e6f5aad3a9f8e56a64163f63493e40dabec49543ae,PyMuPDF 1.28.2 (MuPDF SVG->PDF),rendered-assets-v1.5.0/dist/assets/slide-art/elements/athar_element_gold_rule.svg,2026-09-30T01:33:39Z,PASS,,gold,transparent,1,pdf,v1.5.1 (carried),,,
dist/elements/athar-element-trace_line_light_ltr@1x.png,6 brand-elements,trace_line_light_ltr,960 x 256,6450,a4f15af6271fe49d804a21a6fbc66ee2decbeebe23bb825b86ffca8b65111e32,resvg-js 2.6.2 (resvg 0.40.0) + sharp 0.34.3/libvips 8.17.1,rendered-assets-v1.5.0/dist/assets/slide-art/elements/athar_element_trace_line_light_ltr.svg,2026-09-30T01:33:36Z,PASS,,navy,transparent,1,png,v1.5.1 (carried),,,
dist/elements/athar-element-trace_line_light_ltr@1x.webp,6 brand-elements,trace_line_light_ltr,960 x 256,2872,a5ab1dcb3d9c6619eb5265da6f1ab36ff5792bea7efa8f750f9dd249804d22e1,resvg-js 2.6.2 + sharp 0.34.3 (WebP),rendered-assets-v1.5.0/dist/assets/slide-art/elements/athar_element_trace_line_light_ltr.svg,2026-09-30T01:33:36Z,PASS,,navy,transparent,1,webp,v1.5.1 (carried),,,
dist/elements/athar-element-trace_line_light_ltr@2x.png,6 brand-elements,trace_line_light_ltr,1920 x 512,15879,f223de386b2dd3239d87ee822f44ca9693ec2dae8cb6b8050ad993b9623b05d6,resvg-js 2.6.2 (resvg 0.40.0) + sharp 0.34.3/libvips 8.17.1,rendered-assets-v1.5.0/dist/assets/slide-art/elements/athar_element_trace_line_light_ltr.svg,2026-09-30T01:33:36Z,PASS,,navy,transparent,2,png,v1.5.1 (carried),,,
dist/elements/athar-element-trace_line_light_ltr@2x.webp,6 brand-elements,trace_line_light_ltr,1920 x 512,5490,e917c27bc00df8223d8757820ca2e96dfe01b050c8999d1d8c14adc5aba933cd,resvg-js 2.6.2 + sharp 0.34.3 (WebP),rendered-assets-v1.5.0/dist/assets/slide-art/elements/athar_element_trace_line_light_ltr.svg,2026-09-30T01:33:36Z,PASS,,navy,transparent,2,webp,v1.5.1 (carried),,,
dist/elements/athar-element-trace_line_light_ltr@3x.png,6 brand-elements,trace_line_light_ltr,2880 x 768,27313,c09b81dfe674524ddaea0c4efa57edef50ef735ddc1604791b8511ab81e10a41,resvg-js 2.6.2 (resvg 0.40.0) + sharp 0.34.3/libvips 8.17.1,rendered-assets-v1.5.0/dist/assets/slide-art/elements/athar_element_trace_line_light_ltr.svg,2026-09-30T01:33:36Z,PASS,,navy,transparent,3,png,v1.5.1 (carried),,,
dist/elements/athar-element-trace_line_light_ltr@3x.webp,6 brand-elements,trace_line_light_ltr,2880 x 768,7238,d576dfea07039acc9561ab5a1e393a2a8d707b325a0ab22b6fae034fe29da55f,resvg-js 2.6.2 + sharp 0.34.3 (WebP),rendered-assets-v1.5.0/dist/assets/slide-art/elements/athar_element_trace_line_light_ltr.svg,2026-09-30T01:33:36Z,PASS,,navy,transparent,3,webp,v1.5.1 (carried),,,
dist/elements/athar-element-trace_line_light_ltr.svg,6 brand-elements,trace_line_light_ltr,960 x 256,272,b3ef43166744805593473626ed1afdac7186c7d050bea32ea7194b6a2e36bf6a,svgo 4.1.0 (safe config),rendered-assets-v1.5.0/dist/assets/slide-art/elements/athar_element_trace_line_light_ltr.svg,2026-09-30T01:33:39Z,PASS,,navy,transparent,1,svg,v1.5.1 (carried),,,
dist/elements/athar-element-trace_line_light_ltr.pdf,6 brand-elements,trace_line_light_ltr,960 x 256,912,1a3a1e9b016bf45398a93b80a43e805c34fffae5cf46d3f777e43b9e205f5204,PyMuPDF 1.28.2 (MuPDF SVG->PDF),rendered-assets-v1.5.0/dist/assets/slide-art/elements/athar_element_trace_line_light_ltr.svg,2026-09-30T01:33:39Z,PASS,,navy,transparent,1,pdf,v1.5.1 (carried),,,
dist/elements/athar-element-trace_line_light_rtl@1x.png,6 brand-elements,trace_line_light_rtl,960 x 256,6436,dc35f45f5de841ac9dc77c3dea92b91265181302666d835005670a57f3c3baa2,resvg-js 2.6.2 (resvg 0.40.0) + sharp 0.34.3/libvips 8.17.1,rendered-assets-v1.5.0/dist/assets/slide-art/elements/athar_element_trace_line_light_rtl.svg,2026-09-30T01:33:36Z,PASS,,navy,transparent,1,png,v1.5.1 (carried),,,
dist/elements/athar-element-trace_line_light_rtl@1x.webp,6 brand-elements,trace_line_light_rtl,960 x 256,2884,26d495b45104abb72a554ad995b30e190eaff520be711cb5ec2d0d915fca55bf,resvg-js 2.6.2 + sharp 0.34.3 (WebP),rendered-assets-v1.5.0/dist/assets/slide-art/elements/athar_element_trace_line_light_rtl.svg,2026-09-30T01:33:36Z,PASS,,navy,transparent,1,webp,v1.5.1 (carried),,,
dist/elements/athar-element-trace_line_light_rtl@2x.png,6 brand-elements,trace_line_light_rtl,1920 x 512,16005,2ca3614fa81cbe79e5c0bfb890a047fe2374094c8b1a26c6e6657bc94af618ca,resvg-js 2.6.2 (resvg 0.40.0) + sharp 0.34.3/libvips 8.17.1,rendered-assets-v1.5.0/dist/assets/slide-art/elements/athar_element_trace_line_light_rtl.svg,2026-09-30T01:33:37Z,PASS,,navy,transparent,2,png,v1.5.1 (carried),,,
dist/elements/athar-element-trace_line_light_rtl@2x.webp,6 brand-elements,trace_line_light_rtl,1920 x 512,5048,44d5a3be7ff43d8da30b84e8852a9ec014c917347e83ba94346c07c5d61e572d,resvg-js 2.6.2 + sharp 0.34.3 (WebP),rendered-assets-v1.5.0/dist/assets/slide-art/elements/athar_element_trace_line_light_rtl.svg,2026-09-30T01:33:37Z,PASS,,navy,transparent,2,webp,v1.5.1 (carried),,,
dist/elements/athar-element-trace_line_light_rtl@3x.png,6 brand-elements,trace_line_light_rtl,2880 x 768,27496,401e742df5643d4aecc66aa779ec4b3e6d9693e43973eb4b45c17b7ac4d7ca59,resvg-js 2.6.2 (resvg 0.40.0) + sharp 0.34.3/libvips 8.17.1,rendered-assets-v1.5.0/dist/assets/slide-art/elements/athar_element_trace_line_light_rtl.svg,2026-09-30T01:33:37Z,PASS,,navy,transparent,3,png,v1.5.1 (carried),,,
dist/elements/athar-element-trace_line_light_rtl@3x.webp,6 brand-elements,trace_line_light_rtl,2880 x 768,7282,6393abc36b651681bebf548146fcea08168e07c4127f56c72095044638f3adf3,resvg-js 2.6.2 + sharp 0.34.3 (WebP),rendered-assets-v1.5.0/dist/assets/slide-art/elements/athar_element_trace_line_light_rtl.svg,2026-09-30T01:33:37Z,PASS,,navy,transparent,3,webp,v1.5.1 (carried),,,
dist/elements/athar-element-trace_line_light_rtl.svg,6 brand-elements,trace_line_light_rtl,960 x 256,314,cc6c34f207b9e863037ba343141f56b8b5d50a9cacc9f9afcc1c26eb32a39bdb,svgo 4.1.0 (safe config),rendered-assets-v1.5.0/dist/assets/slide-art/elements/athar_element_trace_line_light_rtl.svg,2026-09-30T01:33:39Z,PASS,,navy,transparent,1,svg,v1.5.1 (carried),,,
dist/elements/athar-element-trace_line_light_rtl.pdf,6 brand-elements,trace_line_light_rtl,960 x 256,915,488d4e2f835821018a8053f0f44021f58606f4706927b0f065c055a28c06cf3a,PyMuPDF 1.28.2 (MuPDF SVG->PDF),rendered-assets-v1.5.0/dist/assets/slide-art/elements/athar_element_trace_line_light_rtl.svg,2026-09-30T01:33:39Z,PASS,,navy,transparent,1,pdf,v1.5.1 (carried),,,
dist/elements/athar-element-trace_line_dark_ltr@1x.png,6 brand-elements,trace_line_dark_ltr,960 x 256,6216,3b8c4a8800a43878b898501addb8878f0ccb92b50da38657bf9abb3891c2529c,resvg-js 2.6.2 (resvg 0.40.0) + sharp 0.34.3/libvips 8.17.1,rendered-assets-v1.5.0/dist/assets/slide-art/elements/athar_element_trace_line_dark_ltr.svg,2026-09-30T01:33:37Z,PASS,,reversed,transparent,1,png,v1.5.1 (carried),,,
dist/elements/athar-element-trace_line_dark_ltr@1x.webp,6 brand-elements,trace_line_dark_ltr,960 x 256,3036,a733d21e3dc0fd113fddf0caa4b35fd6a82784ab6823c5ec6c8662a9e7998e48,resvg-js 2.6.2 + sharp 0.34.3 (WebP),rendered-assets-v1.5.0/dist/assets/slide-art/elements/athar_element_trace_line_dark_ltr.svg,2026-09-30T01:33:37Z,PASS,,reversed,transparent,1,webp,v1.5.1 (carried),,,
dist/elements/athar-element-trace_line_dark_ltr@2x.png,6 brand-elements,trace_line_dark_ltr,1920 x 512,15392,c16e8024d1ddf427d39557d8ed5a9348784e98d136507259e9c2299aefb17b97,resvg-js 2.6.2 (resvg 0.40.0) + sharp 0.34.3/libvips 8.17.1,rendered-assets-v1.5.0/dist/assets/slide-art/elements/athar_element_trace_line_dark_ltr.svg,2026-09-30T01:33:37Z,PASS,,reversed,transparent,2,png,v1.5.1 (carried),,,
dist/elements/athar-element-trace_line_dark_ltr@2x.webp,6 brand-elements,trace_line_dark_ltr,1920 x 512,5492,334ff03e10398b45b8797750e3e701e7ea4d7061fd538696abb7f0c9b96fdb4d,resvg-js 2.6.2 + sharp 0.34.3 (WebP),rendered-assets-v1.5.0/dist/assets/slide-art/elements/athar_element_trace_line_dark_ltr.svg,2026-09-30T01:33:37Z,PASS,,reversed,transparent,2,webp,v1.5.1 (carried),,,
dist/elements/athar-element-trace_line_dark_ltr@3x.png,6 brand-elements,trace_line_dark_ltr,2880 x 768,26562,95f43a44b9e5b18a5796631eddcfed2c534a474b56163b9d1e5bf0206a271d56,resvg-js 2.6.2 (resvg 0.40.0) + sharp 0.34.3/libvips 8.17.1,rendered-assets-v1.5.0/dist/assets/slide-art/elements/athar_element_trace_line_dark_ltr.svg,2026-09-30T01:33:37Z,PASS,,reversed,transparent,3,png,v1.5.1 (carried),,,
dist/elements/athar-element-trace_line_dark_ltr@3x.webp,6 brand-elements,trace_line_dark_ltr,2880 x 768,7238,67ea5a55fe6b58cbf37a4b7042bb529248799168edf27d91082740694619abcf,resvg-js 2.6.2 + sharp 0.34.3 (WebP),rendered-assets-v1.5.0/dist/assets/slide-art/elements/athar_element_trace_line_dark_ltr.svg,2026-09-30T01:33:38Z,PASS,,reversed,transparent,3,webp,v1.5.1 (carried),,,
dist/elements/athar-element-trace_line_dark_ltr.svg,6 brand-elements,trace_line_dark_ltr,960 x 256,272,83625be9410a5a710a3386c649108f1f11198c06ff8c9145ba6835a26a183a16,svgo 4.1.0 (safe config),rendered-assets-v1.5.0/dist/assets/slide-art/elements/athar_element_trace_line_dark_ltr.svg,2026-09-30T01:33:40Z,PASS,,reversed,transparent,1,svg,v1.5.1 (carried),,,
dist/elements/athar-element-trace_line_dark_ltr.pdf,6 brand-elements,trace_line_dark_ltr,960 x 256,911,e4fc8df365df80b6901836f8d79caf62f9b529ea76b146a6ac97e905403bd891,PyMuPDF 1.28.2 (MuPDF SVG->PDF),rendered-assets-v1.5.0/dist/assets/slide-art/elements/athar_element_trace_line_dark_ltr.svg,2026-09-30T01:33:40Z,PASS,,reversed,transparent,1,pdf,v1.5.1 (carried),,,
dist/elements/athar-element-trace_line_dark_rtl@1x.png,6 brand-elements,trace_line_dark_rtl,960 x 256,6173,f4928c4995d821597de9bffa80770ebf945dcd770cebff9d9be192729926a8ff,resvg-js 2.6.2 (resvg 0.40.0) + sharp 0.34.3/libvips 8.17.1,rendered-assets-v1.5.0/dist/assets/slide-art/elements/athar_element_trace_line_dark_rtl.svg,2026-09-30T01:33:38Z,PASS,,reversed,transparent,1,png,v1.5.1 (carried),,,
dist/elements/athar-element-trace_line_dark_rtl@1x.webp,6 brand-elements,trace_line_dark_rtl,960 x 256,2880,5c449501956e232944c81762e5ccbd89099b4748abcf369cff1499b243d40adf,resvg-js 2.6.2 + sharp 0.34.3 (WebP),rendered-assets-v1.5.0/dist/assets/slide-art/elements/athar_element_trace_line_dark_rtl.svg,2026-09-30T01:33:38Z,PASS,,reversed,transparent,1,webp,v1.5.1 (carried),,,
dist/elements/athar-element-trace_line_dark_rtl@2x.png,6 brand-elements,trace_line_dark_rtl,1920 x 512,15438,282396fc6aa28fe674ac3e3bbc7f4a0e7a47ae205a6388f35982728161cc31aa,resvg-js 2.6.2 (resvg 0.40.0) + sharp 0.34.3/libvips 8.17.1,rendered-assets-v1.5.0/dist/assets/slide-art/elements/athar_element_trace_line_dark_rtl.svg,2026-09-30T01:33:38Z,PASS,,reversed,transparent,2,png,v1.5.1 (carried),,,
dist/elements/athar-element-trace_line_dark_rtl@2x.webp,6 brand-elements,trace_line_dark_rtl,1920 x 512,5056,d53f58e7159eddd8118813346cccae43aa24cbca219ec140563c25ffcbd8f296,resvg-js 2.6.2 + sharp 0.34.3 (WebP),rendered-assets-v1.5.0/dist/assets/slide-art/elements/athar_element_trace_line_dark_rtl.svg,2026-09-30T01:33:38Z,PASS,,reversed,transparent,2,webp,v1.5.1 (carried),,,
dist/elements/athar-element-trace_line_dark_rtl@3x.png,6 brand-elements,trace_line_dark_rtl,2880 x 768,26732,a425f8bbc720ae145f62254b01e612d13d48318174dff7a8cc3efddc94389559,resvg-js 2.6.2 (resvg 0.40.0) + sharp 0.34.3/libvips 8.17.1,rendered-assets-v1.5.0/dist/assets/slide-art/elements/athar_element_trace_line_dark_rtl.svg,2026-09-30T01:33:38Z,PASS,,reversed,transparent,3,png,v1.5.1 (carried),,,
dist/elements/athar-element-trace_line_dark_rtl@3x.webp,6 brand-elements,trace_line_dark_rtl,2880 x 768,7284,e66fb96f03abcd74e6cee51537a9cfa70e0b7edbc3fb08298fe8f4bb8ebfd6dc,resvg-js 2.6.2 + sharp 0.34.3 (WebP),rendered-assets-v1.5.0/dist/assets/slide-art/elements/athar_element_trace_line_dark_rtl.svg,2026-09-30T01:33:38Z,PASS,,reversed,transparent,3,webp,v1.5.1 (carried),,,
dist/elements/athar-element-trace_line_dark_rtl.svg,6 brand-elements,trace_line_dark_rtl,960 x 256,314,ef2d8c4dc1c2a3ea0fc7d96871add420bfa5a48a2cf35847c397f880669537fe,svgo 4.1.0 (safe config),rendered-assets-v1.5.0/dist/assets/slide-art/elements/athar_element_trace_line_dark_rtl.svg,2026-09-30T01:33:40Z,PASS,,reversed,transparent,1,svg,v1.5.1 (carried),,,
dist/elements/athar-element-trace_line_dark_rtl.pdf,6 brand-elements,trace_line_dark_rtl,960 x 256,914,1e5d609912bfe101e4fa7a50d385183f7140b0554a2832555e808949a4fb544e,PyMuPDF 1.28.2 (MuPDF SVG->PDF),rendered-assets-v1.5.0/dist/assets/slide-art/elements/athar_element_trace_line_dark_rtl.svg,2026-09-30T01:33:40Z,PASS,,reversed,transparent,1,pdf,v1.5.1 (carried),,,
dist/elements/athar-element-monogram_signoff_light@1x.png,6 brand-elements,monogram_signoff_light,152 x 172,5871,68c940fdcc5a249c048dcf757e1e066fc7f67c5bbc74c1e33af261e020cf0b33,resvg-js 2.6.2 (resvg 0.40.0) + sharp 0.34.3/libvips 8.17.1,rendered-assets-v1.5.0/dist/assets/slide-art/elements/athar_element_monogram_signoff_light.svg,2026-09-30T01:33:38Z,PASS,,navy,transparent,1,png,v1.5.1 (carried),,,
dist/elements/athar-element-monogram_signoff_light@1x.webp,6 brand-elements,monogram_signoff_light,152 x 172,2598,4f9c9974816cdae6ae9e491c68c00abadd6e6b9c2be5a08c7dd038a9c6747d3c,resvg-js 2.6.2 + sharp 0.34.3 (WebP),rendered-assets-v1.5.0/dist/assets/slide-art/elements/athar_element_monogram_signoff_light.svg,2026-09-30T01:33:38Z,PASS,,navy,transparent,1,webp,v1.5.1 (carried),,,
dist/elements/athar-element-monogram_signoff_light@2x.png,6 brand-elements,monogram_signoff_light,304 x 344,11878,bf132f146fca27e2fcbea9de1ed8966ecefd8abda00cb54a52438ad34a3ac0e0,resvg-js 2.6.2 (resvg 0.40.0) + sharp 0.34.3/libvips 8.17.1,rendered-assets-v1.5.0/dist/assets/slide-art/elements/athar_element_monogram_signoff_light.svg,2026-09-30T01:33:38Z,PASS,,navy,transparent,2,png,v1.5.1 (carried),,,
dist/elements/athar-element-monogram_signoff_light@2x.webp,6 brand-elements,monogram_signoff_light,304 x 344,4722,35872555777b1025aa0505ba50611f8106e45417c64eacc35b246c91a205f098,resvg-js 2.6.2 + sharp 0.34.3 (WebP),rendered-assets-v1.5.0/dist/assets/slide-art/elements/athar_element_monogram_signoff_light.svg,2026-09-30T01:33:38Z,PASS,,navy,transparent,2,webp,v1.5.1 (carried),,,
dist/elements/athar-element-monogram_signoff_light@3x.png,6 brand-elements,monogram_signoff_light,456 x 516,18425,d47397d0cef9080025feb701ba940a8c37e1b00602d469b835624b4eae5a3b01,resvg-js 2.6.2 (resvg 0.40.0) + sharp 0.34.3/libvips 8.17.1,rendered-assets-v1.5.0/dist/assets/slide-art/elements/athar_element_monogram_signoff_light.svg,2026-09-30T01:33:38Z,PASS,,navy,transparent,3,png,v1.5.1 (carried),,,
dist/elements/athar-element-monogram_signoff_light@3x.webp,6 brand-elements,monogram_signoff_light,456 x 516,6744,7a0dd0a0e2e1beaa49bc5fab4858e87f26ecc0345ad6d11ef713d9bc7aedb9d1,resvg-js 2.6.2 + sharp 0.34.3 (WebP),rendered-assets-v1.5.0/dist/assets/slide-art/elements/athar_element_monogram_signoff_light.svg,2026-09-30T01:33:38Z,PASS,,navy,transparent,3,webp,v1.5.1 (carried),,,
dist/elements/athar-element-monogram_signoff_light.svg,6 brand-elements,monogram_signoff_light,152 x 172,6490,c8e49eb8b23011ad5d3a33885d4438ca3b3cc4047ffa82d92f76abf12e4d33a5,svgo 4.1.0 (safe config),rendered-assets-v1.5.0/dist/assets/slide-art/elements/athar_element_monogram_signoff_light.svg,2026-09-30T01:33:40Z,PASS,,navy,transparent,1,svg,v1.5.1 (carried),,,
dist/elements/athar-element-monogram_signoff_light.pdf,6 brand-elements,monogram_signoff_light,152 x 172,6003,9f3918439e4e847eb6945840df9fba007efd1a1ded25ef269a4451a3eac3b119,PyMuPDF 1.28.2 (MuPDF SVG->PDF),rendered-assets-v1.5.0/dist/assets/slide-art/elements/athar_element_monogram_signoff_light.svg,2026-09-30T01:33:40Z,PASS,,navy,transparent,1,pdf,v1.5.1 (carried),,,
dist/elements/athar-element-monogram_signoff_dark@1x.png,6 brand-elements,monogram_signoff_dark,152 x 172,5531,03709c924ba035bc0c1bc2cc474efc2b7d6002a5f673c0c1e4cbbe4e554a325d,resvg-js 2.6.2 (resvg 0.40.0) + sharp 0.34.3/libvips 8.17.1,rendered-assets-v1.5.0/dist/assets/slide-art/elements/athar_element_monogram_signoff_dark.svg,2026-09-30T01:33:38Z,PASS,,reversed,transparent,1,png,v1.5.1 (carried),,,
dist/elements/athar-element-monogram_signoff_dark@1x.webp,6 brand-elements,monogram_signoff_dark,152 x 172,2606,b200d818cb62c8260d642a228d64acd1573f93f5c5f8189ee9bd71f2a183c343,resvg-js 2.6.2 + sharp 0.34.3 (WebP),rendered-assets-v1.5.0/dist/assets/slide-art/elements/athar_element_monogram_signoff_dark.svg,2026-09-30T01:33:38Z,PASS,,reversed,transparent,1,webp,v1.5.1 (carried),,,
dist/elements/athar-element-monogram_signoff_dark@2x.png,6 brand-elements,monogram_signoff_dark,304 x 344,11235,8c2cabe5a8556b470088529e4ab43a4c36993470f5ab5b5675e95cf3c0afd3d2,resvg-js 2.6.2 (resvg 0.40.0) + sharp 0.34.3/libvips 8.17.1,rendered-assets-v1.5.0/dist/assets/slide-art/elements/athar_element_monogram_signoff_dark.svg,2026-09-30T01:33:38Z,PASS,,reversed,transparent,2,png,v1.5.1 (carried),,,
dist/elements/athar-element-monogram_signoff_dark@2x.webp,6 brand-elements,monogram_signoff_dark,304 x 344,4730,9002434df5daa870a9c484738e00a4b0e95eb378394cb6613a450c982f246574,resvg-js 2.6.2 + sharp 0.34.3 (WebP),rendered-assets-v1.5.0/dist/assets/slide-art/elements/athar_element_monogram_signoff_dark.svg,2026-09-30T01:33:38Z,PASS,,reversed,transparent,2,webp,v1.5.1 (carried),,,
dist/elements/athar-element-monogram_signoff_dark@3x.png,6 brand-elements,monogram_signoff_dark,456 x 516,17482,4737f69c85189001da9860c18ebd855d3b02dabe9fdc5aa94f82dd3ba64c46c3,resvg-js 2.6.2 (resvg 0.40.0) + sharp 0.34.3/libvips 8.17.1,rendered-assets-v1.5.0/dist/assets/slide-art/elements/athar_element_monogram_signoff_dark.svg,2026-09-30T01:33:38Z,PASS,,reversed,transparent,3,png,v1.5.1 (carried),,,
dist/elements/athar-element-monogram_signoff_dark@3x.webp,6 brand-elements,monogram_signoff_dark,456 x 516,6746,a711750b1d689e4e249265b6b6187128c3bc93353001ded71464c2e9574cc092,resvg-js 2.6.2 + sharp 0.34.3 (WebP),rendered-assets-v1.5.0/dist/assets/slide-art/elements/athar_element_monogram_signoff_dark.svg,2026-09-30T01:33:38Z,PASS,,reversed,transparent,3,webp,v1.5.1 (carried),,,
dist/elements/athar-element-monogram_signoff_dark.svg,6 brand-elements,monogram_signoff_dark,152 x 172,6490,02268881371c5a0fcaaf65bb2421e1985a001ae2875c6263a733ddf4e234b186,svgo 4.1.0 (safe config),rendered-assets-v1.5.0/dist/assets/slide-art/elements/athar_element_monogram_signoff_dark.svg,2026-09-30T01:33:41Z,PASS,,reversed,transparent,1,svg,v1.5.1 (carried),,,
dist/elements/athar-element-monogram_signoff_dark.pdf,6 brand-elements,monogram_signoff_dark,152 x 172,6009,6bfccd818b964e14524df06b7415b4cfd2711d35168389628531037b67d98fbe,PyMuPDF 1.28.2 (MuPDF SVG->PDF),rendered-assets-v1.5.0/dist/assets/slide-art/elements/athar_element_monogram_signoff_dark.svg,2026-09-30T01:33:41Z,PASS,,reversed,transparent,1,pdf,v1.5.1 (carried),,,
dist/partners/athar-partner-strip-en-on-ivory@1x.png,7 partner-strips,strip-en,1600 x 132,31424,b4cedbee8503d6792679dbbaae3c48f25058fae260fe54c1e955cb66a8b1f25e,resvg-js 2.6.2 (resvg 0.40.0) + sharp 0.34.3/libvips 8.17.1,rendered-assets-v1.5.0/dist/partners/marks/*@2x.png | src/oda-logo.png | nameplates typeset in IBM Plex Sans Medium (outlined),2026-09-30T01:19:12Z,PASS,,navy,ivory,1,png,v1.5.1 (carried),,,
dist/partners/athar-partner-strip-en-on-ivory@1x.webp,7 partner-strips,strip-en,1600 x 132,15818,97739905797db57358dca9b6d13a45adf98807ba0f6e8c767930310825f87b39,resvg-js 2.6.2 + sharp 0.34.3 (WebP),rendered-assets-v1.5.0/dist/partners/marks/*@2x.png | src/oda-logo.png | nameplates typeset in IBM Plex Sans Medium (outlined),2026-09-30T01:19:12Z,PASS,,navy,ivory,1,webp,v1.5.1 (carried),,,
dist/partners/athar-partner-strip-en-on-ivory@2x.png,7 partner-strips,strip-en,3200 x 264,88694,a20c2dd46fc94f2f1b831d85bc9d7c5a573eadf0bf87120c160cebc4ec3dd4b3,resvg-js 2.6.2 (resvg 0.40.0) + sharp 0.34.3/libvips 8.17.1,rendered-assets-v1.5.0/dist/partners/marks/*@2x.png | src/oda-logo.png | nameplates typeset in IBM Plex Sans Medium (outlined),2026-09-30T01:19:12Z,PASS,,navy,ivory,2,png,v1.5.1 (carried),,,
dist/partners/athar-partner-strip-en-on-ivory@2x.webp,7 partner-strips,strip-en,3200 x 264,36304,47b1454e31cb640b0e0fd7a8647660fcac0092b88cbced9cd9e64170246ead79,resvg-js 2.6.2 + sharp 0.34.3 (WebP),rendered-assets-v1.5.0/dist/partners/marks/*@2x.png | src/oda-logo.png | nameplates typeset in IBM Plex Sans Medium (outlined),2026-09-30T01:19:12Z,PASS,,navy,ivory,2,webp,v1.5.1 (carried),,,
dist/partners/athar-partner-strip-en-on-ivory.svg,7 partner-strips,strip-en,1600 x 132,122579,4bb149f6b62f184f82b8559566f4540ebe7009e4c7f5d61bdfb4e5658da36ead,svgo 4.1.0 (safe config),rendered-assets-v1.5.0/dist/partners/marks/*@2x.png (embedded),2026-09-30T01:19:13Z,PASS,,navy,ivory,1,svg,v1.5.1 (carried),,,
dist/partners/athar-partner-strip-en-on-deep_ocean@1x.png,7 partner-strips,strip-en,1600 x 132,34058,f4e7f8b54129b9b9bc947eaef2df54fd18a0da3020c8699cbe1c91db411e5b8c,resvg-js 2.6.2 (resvg 0.40.0) + sharp 0.34.3/libvips 8.17.1,rendered-assets-v1.5.0/dist/partners/marks/*@2x.png | src/oda-logo.png | nameplates typeset in IBM Plex Sans Medium (outlined),2026-09-30T01:19:12Z,PASS,,reversed,deep_ocean,1,png,v1.5.1 (carried),,,
dist/partners/athar-partner-strip-en-on-deep_ocean@1x.webp,7 partner-strips,strip-en,1600 x 132,18756,1e35e5c9e18c9b0f024d6b77ec4e76a93c3c7214f55b2e600e9f321603c5f21f,resvg-js 2.6.2 + sharp 0.34.3 (WebP),rendered-assets-v1.5.0/dist/partners/marks/*@2x.png | src/oda-logo.png | nameplates typeset in IBM Plex Sans Medium (outlined),2026-09-30T01:19:12Z,PASS,,reversed,deep_ocean,1,webp,v1.5.1 (carried),,,
dist/partners/athar-partner-strip-en-on-deep_ocean@2x.png,7 partner-strips,strip-en,3200 x 264,93108,cdc6b423ba4c7fa97470f8c5e2b4a6bb528fbf8a819fb93979949e7ad4b539a0,resvg-js 2.6.2 (resvg 0.40.0) + sharp 0.34.3/libvips 8.17.1,rendered-assets-v1.5.0/dist/partners/marks/*@2x.png | src/oda-logo.png | nameplates typeset in IBM Plex Sans Medium (outlined),2026-09-30T01:19:12Z,PASS,,reversed,deep_ocean,2,png,v1.5.1 (carried),,,
dist/partners/athar-partner-strip-en-on-deep_ocean@2x.webp,7 partner-strips,strip-en,3200 x 264,41156,fe0c90500b64a1491802aff5201e6f7a25a708546a28f846f4025c1e009ddc30,resvg-js 2.6.2 + sharp 0.34.3 (WebP),rendered-assets-v1.5.0/dist/partners/marks/*@2x.png | src/oda-logo.png | nameplates typeset in IBM Plex Sans Medium (outlined),2026-09-30T01:19:12Z,PASS,,reversed,deep_ocean,2,webp,v1.5.1 (carried),,,
dist/partners/athar-partner-strip-en-on-deep_ocean.svg,7 partner-strips,strip-en,1600 x 132,123614,889faaecdfa5ef32adc7be0ea9642e2385f3f7da750ef2a589775db89eb7b841,svgo 4.1.0 (safe config),rendered-assets-v1.5.0/dist/partners/marks/*@2x.png (embedded),2026-09-30T01:19:13Z,PASS,,reversed,deep_ocean,1,svg,v1.5.1 (carried),,,
dist/partners/athar-partner-strip-ar-on-ivory@1x.png,7 partner-strips,strip-ar,1600 x 132,31821,cc49dbfe29b869b6864038d06a477d330ca0206ee8848cff56fa82a070163a90,resvg-js 2.6.2 (resvg 0.40.0) + sharp 0.34.3/libvips 8.17.1,rendered-assets-v1.5.0/dist/partners/marks/*@2x.png | src/oda-logo.png | nameplates typeset in IBM Plex Sans Medium (outlined),2026-09-30T01:19:12Z,PASS,,navy,ivory,1,png,v1.5.1 (carried),,,
dist/partners/athar-partner-strip-ar-on-ivory@1x.webp,7 partner-strips,strip-ar,1600 x 132,15952,3c044173aee2cada8fe21f4495c7c417f5fbbe5486d8f0e9a4520cadb52c140f,resvg-js 2.6.2 + sharp 0.34.3 (WebP),rendered-assets-v1.5.0/dist/partners/marks/*@2x.png | src/oda-logo.png | nameplates typeset in IBM Plex Sans Medium (outlined),2026-09-30T01:19:12Z,PASS,,navy,ivory,1,webp,v1.5.1 (carried),,,
dist/partners/athar-partner-strip-ar-on-ivory@2x.png,7 partner-strips,strip-ar,3200 x 264,88521,484972ce21200fbe2ae3cc7531cf674ef3daf1a50be72b7f4c33db75f5b212d9,resvg-js 2.6.2 (resvg 0.40.0) + sharp 0.34.3/libvips 8.17.1,rendered-assets-v1.5.0/dist/partners/marks/*@2x.png | src/oda-logo.png | nameplates typeset in IBM Plex Sans Medium (outlined),2026-09-30T01:19:12Z,PASS,,navy,ivory,2,png,v1.5.1 (carried),,,
dist/partners/athar-partner-strip-ar-on-ivory@2x.webp,7 partner-strips,strip-ar,3200 x 264,35744,750225406e36e231496ab862c5af9c273ee4bf44feb2097e9e85c03bd6bd19e3,resvg-js 2.6.2 + sharp 0.34.3 (WebP),rendered-assets-v1.5.0/dist/partners/marks/*@2x.png | src/oda-logo.png | nameplates typeset in IBM Plex Sans Medium (outlined),2026-09-30T01:19:12Z,PASS,,navy,ivory,2,webp,v1.5.1 (carried),,,
dist/partners/athar-partner-strip-ar-on-ivory.svg,7 partner-strips,strip-ar,1600 x 132,122582,05301184b9ce95968eccfb560624452024ad0d9f7b25e6af0542abde959fc4bd,svgo 4.1.0 (safe config),rendered-assets-v1.5.0/dist/partners/marks/*@2x.png (embedded),2026-09-30T01:19:14Z,PASS,,navy,ivory,1,svg,v1.5.1 (carried),,,
dist/partners/athar-partner-strip-ar-on-deep_ocean@1x.png,7 partner-strips,strip-ar,1600 x 132,34478,2b5960360e25091da5d8f575826d1ce0dc67857a2bd1dc1453bce6bc347177a8,resvg-js 2.6.2 (resvg 0.40.0) + sharp 0.34.3/libvips 8.17.1,rendered-assets-v1.5.0/dist/partners/marks/*@2x.png | src/oda-logo.png | nameplates typeset in IBM Plex Sans Medium (outlined),2026-09-30T01:19:12Z,PASS,,reversed,deep_ocean,1,png,v1.5.1 (carried),,,
dist/partners/athar-partner-strip-ar-on-deep_ocean@1x.webp,7 partner-strips,strip-ar,1600 x 132,18822,a9737a75bc82d34ef2fd2ea5039123bb83945f12d2555e74f7c6aefe9f40c065,resvg-js 2.6.2 + sharp 0.34.3 (WebP),rendered-assets-v1.5.0/dist/partners/marks/*@2x.png | src/oda-logo.png | nameplates typeset in IBM Plex Sans Medium (outlined),2026-09-30T01:19:12Z,PASS,,reversed,deep_ocean,1,webp,v1.5.1 (carried),,,
dist/partners/athar-partner-strip-ar-on-deep_ocean@2x.png,7 partner-strips,strip-ar,3200 x 264,93003,e6bd6f637559bbe04281b83850cf7ca67113912a93f9b48ae5e412a232a2bb2f,resvg-js 2.6.2 (resvg 0.40.0) + sharp 0.34.3/libvips 8.17.1,rendered-assets-v1.5.0/dist/partners/marks/*@2x.png | src/oda-logo.png | nameplates typeset in IBM Plex Sans Medium (outlined),2026-09-30T01:19:13Z,PASS,,reversed,deep_ocean,2,png,v1.5.1 (carried),,,
dist/partners/athar-partner-strip-ar-on-deep_ocean@2x.webp,7 partner-strips,strip-ar,3200 x 264,40654,5641d6bcf22802b6edcd3ed771499ac594469039600a95c4f3781433a58c669e,resvg-js 2.6.2 + sharp 0.34.3 (WebP),rendered-assets-v1.5.0/dist/partners/marks/*@2x.png | src/oda-logo.png | nameplates typeset in IBM Plex Sans Medium (outlined),2026-09-30T01:19:13Z,PASS,,reversed,deep_ocean,2,webp,v1.5.1 (carried),,,
dist/partners/athar-partner-strip-ar-on-deep_ocean.svg,7 partner-strips,strip-ar,1600 x 132,123621,10ace35b1070961725341afe854200109539c8aa35cdf24c7b54ecfcc1160ca9,svgo 4.1.0 (safe config),rendered-assets-v1.5.0/dist/partners/marks/*@2x.png (embedded),2026-09-30T01:19:14Z,PASS,,reversed,deep_ocean,1,svg,v1.5.1 (carried),,,
dist/social/athar-og-card-en-light@1x.png,8 social-cards,og-en,1200 x 630,38934,824463454f649b7a267c5b8ef5e5b342ccd947e68cab42c07c3a51efa4ad03cf,resvg-js 2.6.2 (resvg 0.40.0) + sharp 0.34.3/libvips 8.17.1,rendered-assets-v1.5.0/dist/brand/monogram/athar-monogram-light.svg (<- Athar_Package 02 Logo/SVG/Athar_Logo_Monogram.svg) | rendered-assets-v1.5.0/dist/brand/wordmark/athar-wordmark-light.svg (<- Athar_Package 02 Logo/SVG/Athar_Logo_Horizontal.svg wordmark) | pattern tile v1.5.0,2026-09-30T01:19:15Z,PASS,,navy,ivory,1,png,v1.5.1 (carried),,,
dist/social/athar-og-card-en-light@1x.webp,8 social-cards,og-en,1200 x 630,20922,c0c208476d104b2ec1bdf910dca47e65677753e91eb1e0ad3d9fe1e7f4e00caf,resvg-js 2.6.2 + sharp 0.34.3 (WebP),rendered-assets-v1.5.0/dist/brand/monogram/athar-monogram-light.svg (<- Athar_Package 02 Logo/SVG/Athar_Logo_Monogram.svg) | rendered-assets-v1.5.0/dist/brand/wordmark/athar-wordmark-light.svg (<- Athar_Package 02 Logo/SVG/Athar_Logo_Horizontal.svg wordmark) | pattern tile v1.5.0,2026-09-30T01:19:15Z,PASS,,navy,ivory,1,webp,v1.5.1 (carried),,,
dist/social/athar-og-card-en-light@2x.png,8 social-cards,og-en,2400 x 1260,85843,4b118fd9c149fa38c710a96136ba821e44a9fab1e751e8b3bf2f1c1c6a14196f,resvg-js 2.6.2 (resvg 0.40.0) + sharp 0.34.3/libvips 8.17.1,rendered-assets-v1.5.0/dist/brand/monogram/athar-monogram-light.svg (<- Athar_Package 02 Logo/SVG/Athar_Logo_Monogram.svg) | rendered-assets-v1.5.0/dist/brand/wordmark/athar-wordmark-light.svg (<- Athar_Package 02 Logo/SVG/Athar_Logo_Horizontal.svg wordmark) | pattern tile v1.5.0,2026-09-30T01:19:15Z,PASS,,navy,ivory,2,png,v1.5.1 (carried),,,
dist/social/athar-og-card-en-light@2x.webp,8 social-cards,og-en,2400 x 1260,44056,8ec911e49dac85d12a2ec997765030c5de17306735c60cfe0508a7abceb78ee9,resvg-js 2.6.2 + sharp 0.34.3 (WebP),rendered-assets-v1.5.0/dist/brand/monogram/athar-monogram-light.svg (<- Athar_Package 02 Logo/SVG/Athar_Logo_Monogram.svg) | rendered-assets-v1.5.0/dist/brand/wordmark/athar-wordmark-light.svg (<- Athar_Package 02 Logo/SVG/Athar_Logo_Horizontal.svg wordmark) | pattern tile v1.5.0,2026-09-30T01:19:15Z,PASS,,navy,ivory,2,webp,v1.5.1 (carried),,,
dist/social/athar-og-card-en-light.svg,8 social-cards,og-en,1200 x 630,202143,197b9d6ae95d1e02053137251b7dfc3fec9ada61a2d4d2d83c903c1994f1b4da,svgo 4.1.0 (safe config),rendered-assets-v1.5.0/dist/brand/monogram/athar-monogram-light.svg (<- Athar_Package 02 Logo/SVG/Athar_Logo_Monogram.svg) | rendered-assets-v1.5.0/dist/brand/wordmark/athar-wordmark-light.svg (<- Athar_Package 02 Logo/SVG/Athar_Logo_Horizontal.svg wordmark),2026-09-30T01:19:27Z,PASS,,navy,ivory,1,svg,v1.5.1 (carried),,,
dist/social/athar-og-card-en-dark@1x.png,8 social-cards,og-en,1200 x 630,34401,fd93462dc74eec55f8dad1d83f63aa90ae1655079ea871362bdee48cfde4181f,resvg-js 2.6.2 (resvg 0.40.0) + sharp 0.34.3/libvips 8.17.1,rendered-assets-v1.5.0/dist/brand/monogram/athar-monogram-light.svg (<- Athar_Package 02 Logo/SVG/Athar_Logo_Monogram.svg) | rendered-assets-v1.5.0/dist/brand/wordmark/athar-wordmark-light.svg (<- Athar_Package 02 Logo/SVG/Athar_Logo_Horizontal.svg wordmark) | pattern tile v1.5.0,2026-09-30T01:19:16Z,PASS,,reversed,deep_ocean,1,png,v1.5.1 (carried),,,
dist/social/athar-og-card-en-dark@1x.webp,8 social-cards,og-en,1200 x 630,19510,e0176d43894c18c814845af506dbe5767232f28be3884c4398acfd2b04b79b14,resvg-js 2.6.2 + sharp 0.34.3 (WebP),rendered-assets-v1.5.0/dist/brand/monogram/athar-monogram-light.svg (<- Athar_Package 02 Logo/SVG/Athar_Logo_Monogram.svg) | rendered-assets-v1.5.0/dist/brand/wordmark/athar-wordmark-light.svg (<- Athar_Package 02 Logo/SVG/Athar_Logo_Horizontal.svg wordmark) | pattern tile v1.5.0,2026-09-30T01:19:16Z,PASS,,reversed,deep_ocean,1,webp,v1.5.1 (carried),,,
dist/social/athar-og-card-en-dark@2x.png,8 social-cards,og-en,2400 x 1260,74119,37c62682c207f4ffbfe644fb3b3ab86501158e95e19fcd66346a5e873ebd50d1,resvg-js 2.6.2 (resvg 0.40.0) + sharp 0.34.3/libvips 8.17.1,rendered-assets-v1.5.0/dist/brand/monogram/athar-monogram-light.svg (<- Athar_Package 02 Logo/SVG/Athar_Logo_Monogram.svg) | rendered-assets-v1.5.0/dist/brand/wordmark/athar-wordmark-light.svg (<- Athar_Package 02 Logo/SVG/Athar_Logo_Horizontal.svg wordmark) | pattern tile v1.5.0,2026-09-30T01:19:16Z,PASS,,reversed,deep_ocean,2,png,v1.5.1 (carried),,,
dist/social/athar-og-card-en-dark@2x.webp,8 social-cards,og-en,2400 x 1260,40848,87dbfc93f360e6d8a7fb0226addfc6b59f734a141f0ab37e66fa88e74485d4e6,resvg-js 2.6.2 + sharp 0.34.3 (WebP),rendered-assets-v1.5.0/dist/brand/monogram/athar-monogram-light.svg (<- Athar_Package 02 Logo/SVG/Athar_Logo_Monogram.svg) | rendered-assets-v1.5.0/dist/brand/wordmark/athar-wordmark-light.svg (<- Athar_Package 02 Logo/SVG/Athar_Logo_Horizontal.svg wordmark) | pattern tile v1.5.0,2026-09-30T01:19:16Z,PASS,,reversed,deep_ocean,2,webp,v1.5.1 (carried),,,
dist/social/athar-og-card-en-dark.svg,8 social-cards,og-en,1200 x 630,189710,717c0ac3b0a89a57365ef3b0846807fe59a52ef577812489fb00a0afcd415ea2,svgo 4.1.0 (safe config),rendered-assets-v1.5.0/dist/brand/monogram/athar-monogram-light.svg (<- Athar_Package 02 Logo/SVG/Athar_Logo_Monogram.svg) | rendered-assets-v1.5.0/dist/brand/wordmark/athar-wordmark-light.svg (<- Athar_Package 02 Logo/SVG/Athar_Logo_Horizontal.svg wordmark),2026-09-30T01:19:28Z,PASS,,reversed,deep_ocean,1,svg,v1.5.1 (carried),,,
dist/social/athar-og-card-ar-light@1x.png,8 social-cards,og-ar,1200 x 630,39025,850ab26ebcfb4d1673eff250d69525bfdccc5f98b23b52ee82772dc61ac8aa1c,resvg-js 2.6.2 (resvg 0.40.0) + sharp 0.34.3/libvips 8.17.1,rendered-assets-v1.5.0/dist/brand/monogram/athar-monogram-light.svg (<- Athar_Package 02 Logo/SVG/Athar_Logo_Monogram.svg) | rendered-assets-v1.5.0/dist/brand/wordmark/athar-wordmark-light.svg (<- Athar_Package 02 Logo/SVG/Athar_Logo_Horizontal.svg wordmark) | pattern tile v1.5.0,2026-09-30T01:19:17Z,PASS,,navy,ivory,1,png,v1.5.1 (carried),,,
dist/social/athar-og-card-ar-light@1x.webp,8 social-cards,og-ar,1200 x 630,16426,ed3c02a76eefc8c601eccedb2c26679df65503b348e774e1bf23140103f62898,resvg-js 2.6.2 + sharp 0.34.3 (WebP),rendered-assets-v1.5.0/dist/brand/monogram/athar-monogram-light.svg (<- Athar_Package 02 Logo/SVG/Athar_Logo_Monogram.svg) | rendered-assets-v1.5.0/dist/brand/wordmark/athar-wordmark-light.svg (<- Athar_Package 02 Logo/SVG/Athar_Logo_Horizontal.svg wordmark) | pattern tile v1.5.0,2026-09-30T01:19:17Z,PASS,,navy,ivory,1,webp,v1.5.1 (carried),,,
dist/social/athar-og-card-ar-light@2x.png,8 social-cards,og-ar,2400 x 1260,88761,cbe866b0c6fdf47e27d270d6012c7e952203bc1631a266a848395cd737635a11,resvg-js 2.6.2 (resvg 0.40.0) + sharp 0.34.3/libvips 8.17.1,rendered-assets-v1.5.0/dist/brand/monogram/athar-monogram-light.svg (<- Athar_Package 02 Logo/SVG/Athar_Logo_Monogram.svg) | rendered-assets-v1.5.0/dist/brand/wordmark/athar-wordmark-light.svg (<- Athar_Package 02 Logo/SVG/Athar_Logo_Horizontal.svg wordmark) | pattern tile v1.5.0,2026-09-30T01:19:17Z,PASS,,navy,ivory,2,png,v1.5.1 (carried),,,
dist/social/athar-og-card-ar-light@2x.webp,8 social-cards,og-ar,2400 x 1260,36874,f87945b23d33a2b13a3d72fe59e9b438c79d5fa7940305862386049a2c5e1a94,resvg-js 2.6.2 + sharp 0.34.3 (WebP),rendered-assets-v1.5.0/dist/brand/monogram/athar-monogram-light.svg (<- Athar_Package 02 Logo/SVG/Athar_Logo_Monogram.svg) | rendered-assets-v1.5.0/dist/brand/wordmark/athar-wordmark-light.svg (<- Athar_Package 02 Logo/SVG/Athar_Logo_Horizontal.svg wordmark) | pattern tile v1.5.0,2026-09-30T01:19:18Z,PASS,,navy,ivory,2,webp,v1.5.1 (carried),,,
dist/social/athar-og-card-ar-light.svg,8 social-cards,og-ar,1200 x 630,203016,01309fb123de1ed1959de1758b59bd67caaa6fe3e1f79d3490e4f7ff9a5ec4a1,svgo 4.1.0 (safe config),rendered-assets-v1.5.0/dist/brand/monogram/athar-monogram-light.svg (<- Athar_Package 02 Logo/SVG/Athar_Logo_Monogram.svg) | rendered-assets-v1.5.0/dist/brand/wordmark/athar-wordmark-light.svg (<- Athar_Package 02 Logo/SVG/Athar_Logo_Horizontal.svg wordmark),2026-09-30T01:19:28Z,PASS,,navy,ivory,1,svg,v1.5.1 (carried),,,
dist/social/athar-og-card-ar-dark@1x.png,8 social-cards,og-ar,1200 x 630,34433,3cabf9fdf609457efeed1346f8c5802f920d2479c554ccb0eee0e79763f594a7,resvg-js 2.6.2 (resvg 0.40.0) + sharp 0.34.3/libvips 8.17.1,rendered-assets-v1.5.0/dist/brand/monogram/athar-monogram-light.svg (<- Athar_Package 02 Logo/SVG/Athar_Logo_Monogram.svg) | rendered-assets-v1.5.0/dist/brand/wordmark/athar-wordmark-light.svg (<- Athar_Package 02 Logo/SVG/Athar_Logo_Horizontal.svg wordmark) | pattern tile v1.5.0,2026-09-30T01:19:18Z,PASS,,reversed,deep_ocean,1,png,v1.5.1 (carried),,,
dist/social/athar-og-card-ar-dark@1x.webp,8 social-cards,og-ar,1200 x 630,15102,36bd5e5152b7ff15e431c64e891d6310ccf429ef83ac15bdc6f55055627a7b24,resvg-js 2.6.2 + sharp 0.34.3 (WebP),rendered-assets-v1.5.0/dist/brand/monogram/athar-monogram-light.svg (<- Athar_Package 02 Logo/SVG/Athar_Logo_Monogram.svg) | rendered-assets-v1.5.0/dist/brand/wordmark/athar-wordmark-light.svg (<- Athar_Package 02 Logo/SVG/Athar_Logo_Horizontal.svg wordmark) | pattern tile v1.5.0,2026-09-30T01:19:18Z,PASS,,reversed,deep_ocean,1,webp,v1.5.1 (carried),,,
dist/social/athar-og-card-ar-dark@2x.png,8 social-cards,og-ar,2400 x 1260,76452,42e196d17695a53bc1241c21244e3b5b11c8178d6898f3e8a2f216200960438b,resvg-js 2.6.2 (resvg 0.40.0) + sharp 0.34.3/libvips 8.17.1,rendered-assets-v1.5.0/dist/brand/monogram/athar-monogram-light.svg (<- Athar_Package 02 Logo/SVG/Athar_Logo_Monogram.svg) | rendered-assets-v1.5.0/dist/brand/wordmark/athar-wordmark-light.svg (<- Athar_Package 02 Logo/SVG/Athar_Logo_Horizontal.svg wordmark) | pattern tile v1.5.0,2026-09-30T01:19:18Z,PASS,,reversed,deep_ocean,2,png,v1.5.1 (carried),,,
dist/social/athar-og-card-ar-dark@2x.webp,8 social-cards,og-ar,2400 x 1260,33940,8a52a05b5061cb48d4b455fac59c23ebec89c8aa433136a24e94b19416e4f472,resvg-js 2.6.2 + sharp 0.34.3 (WebP),rendered-assets-v1.5.0/dist/brand/monogram/athar-monogram-light.svg (<- Athar_Package 02 Logo/SVG/Athar_Logo_Monogram.svg) | rendered-assets-v1.5.0/dist/brand/wordmark/athar-wordmark-light.svg (<- Athar_Package 02 Logo/SVG/Athar_Logo_Horizontal.svg wordmark) | pattern tile v1.5.0,2026-09-30T01:19:19Z,PASS,,reversed,deep_ocean,2,webp,v1.5.1 (carried),,,
dist/social/athar-og-card-ar-dark.svg,8 social-cards,og-ar,1200 x 630,190583,d798b718f152db60f6cabdeab58640f4ac3bae98b813914ede99bd1dd10d79a9,svgo 4.1.0 (safe config),rendered-assets-v1.5.0/dist/brand/monogram/athar-monogram-light.svg (<- Athar_Package 02 Logo/SVG/Athar_Logo_Monogram.svg) | rendered-assets-v1.5.0/dist/brand/wordmark/athar-wordmark-light.svg (<- Athar_Package 02 Logo/SVG/Athar_Logo_Horizontal.svg wordmark),2026-09-30T01:19:28Z,PASS,,reversed,deep_ocean,1,svg,v1.5.1 (carried),,,
dist/social/athar-twitter-summary-card-en-light@1x.png,8 social-cards,twitter-summary-en,1200 x 600,37715,c23176e07ae530cf1284cd7f29e8fab231bbd5cc7f55fcea7f065d8bb43917fa,resvg-js 2.6.2 (resvg 0.40.0) + sharp 0.34.3/libvips 8.17.1,rendered-assets-v1.5.0/dist/brand/monogram/athar-monogram-light.svg (<- Athar_Package 02 Logo/SVG/Athar_Logo_Monogram.svg) | rendered-assets-v1.5.0/dist/brand/wordmark/athar-wordmark-light.svg (<- Athar_Package 02 Logo/SVG/Athar_Logo_Horizontal.svg wordmark) | pattern tile v1.5.0,2026-09-30T01:19:19Z,PASS,,navy,ivory,1,png,v1.5.1 (carried),,,
dist/social/athar-twitter-summary-card-en-light@1x.webp,8 social-cards,twitter-summary-en,1200 x 600,19442,08785b44307e9deb011e806ac6f136bf9ff5d7721ab8a7f3023f66f1a40b26e6,resvg-js 2.6.2 + sharp 0.34.3 (WebP),rendered-assets-v1.5.0/dist/brand/monogram/athar-monogram-light.svg (<- Athar_Package 02 Logo/SVG/Athar_Logo_Monogram.svg) | rendered-assets-v1.5.0/dist/brand/wordmark/athar-wordmark-light.svg (<- Athar_Package 02 Logo/SVG/Athar_Logo_Horizontal.svg wordmark) | pattern tile v1.5.0,2026-09-30T01:19:19Z,PASS,,navy,ivory,1,webp,v1.5.1 (carried),,,
dist/social/athar-twitter-summary-card-en-light@2x.png,8 social-cards,twitter-summary-en,2400 x 1200,83806,39ce03e9403f85ae26348dcb7cb1e22f866d6fd2e8ed18947ad29cd45e733e0c,resvg-js 2.6.2 (resvg 0.40.0) + sharp 0.34.3/libvips 8.17.1,rendered-assets-v1.5.0/dist/brand/monogram/athar-monogram-light.svg (<- Athar_Package 02 Logo/SVG/Athar_Logo_Monogram.svg) | rendered-assets-v1.5.0/dist/brand/wordmark/athar-wordmark-light.svg (<- Athar_Package 02 Logo/SVG/Athar_Logo_Horizontal.svg wordmark) | pattern tile v1.5.0,2026-09-30T01:19:19Z,PASS,,navy,ivory,2,png,v1.5.1 (carried),,,
dist/social/athar-twitter-summary-card-en-light@2x.webp,8 social-cards,twitter-summary-en,2400 x 1200,42136,119d0738cb2b3c4b3d263046f99ffaea62315039190089660e2b0a6dd708a414,resvg-js 2.6.2 + sharp 0.34.3 (WebP),rendered-assets-v1.5.0/dist/brand/monogram/athar-monogram-light.svg (<- Athar_Package 02 Logo/SVG/Athar_Logo_Monogram.svg) | rendered-assets-v1.5.0/dist/brand/wordmark/athar-wordmark-light.svg (<- Athar_Package 02 Logo/SVG/Athar_Logo_Horizontal.svg wordmark) | pattern tile v1.5.0,2026-09-30T01:19:20Z,PASS,,navy,ivory,2,webp,v1.5.1 (carried),,,
dist/social/athar-twitter-summary-card-en-light.svg,8 social-cards,twitter-summary-en,1200 x 600,202154,8d0e520e2c7640192c92ed2abc9d85a8a7c2b8388419e2c69f0fd410db0462bd,svgo 4.1.0 (safe config),rendered-assets-v1.5.0/dist/brand/monogram/athar-monogram-light.svg (<- Athar_Package 02 Logo/SVG/Athar_Logo_Monogram.svg) | rendered-assets-v1.5.0/dist/brand/wordmark/athar-wordmark-light.svg (<- Athar_Package 02 Logo/SVG/Athar_Logo_Horizontal.svg wordmark),2026-09-30T01:19:29Z,PASS,,navy,ivory,1,svg,v1.5.1 (carried),,,
dist/social/athar-twitter-summary-card-en-dark@1x.png,8 social-cards,twitter-summary-en,1200 x 600,33581,4c58108b090e4ed2f0c320718580d3156141d5f82bbdff938e356c3b3e8bbc74,resvg-js 2.6.2 (resvg 0.40.0) + sharp 0.34.3/libvips 8.17.1,rendered-assets-v1.5.0/dist/brand/monogram/athar-monogram-light.svg (<- Athar_Package 02 Logo/SVG/Athar_Logo_Monogram.svg) | rendered-assets-v1.5.0/dist/brand/wordmark/athar-wordmark-light.svg (<- Athar_Package 02 Logo/SVG/Athar_Logo_Horizontal.svg wordmark) | pattern tile v1.5.0,2026-09-30T01:19:20Z,PASS,,reversed,deep_ocean,1,png,v1.5.1 (carried),,,
dist/social/athar-twitter-summary-card-en-dark@1x.webp,8 social-cards,twitter-summary-en,1200 x 600,18032,7fc8d14c76f5f3c41deb6776945b90f0a9b80bdc5fd2dace19507abfa53523d2,resvg-js 2.6.2 + sharp 0.34.3 (WebP),rendered-assets-v1.5.0/dist/brand/monogram/athar-monogram-light.svg (<- Athar_Package 02 Logo/SVG/Athar_Logo_Monogram.svg) | rendered-assets-v1.5.0/dist/brand/wordmark/athar-wordmark-light.svg (<- Athar_Package 02 Logo/SVG/Athar_Logo_Horizontal.svg wordmark) | pattern tile v1.5.0,2026-09-30T01:19:20Z,PASS,,reversed,deep_ocean,1,webp,v1.5.1 (carried),,,
dist/social/athar-twitter-summary-card-en-dark@2x.png,8 social-cards,twitter-summary-en,2400 x 1200,72533,a5e8b71b5822ca3ef53aded25b1e632312d3a996453cff177582ae7bb4fd638e,resvg-js 2.6.2 (resvg 0.40.0) + sharp 0.34.3/libvips 8.17.1,rendered-assets-v1.5.0/dist/brand/monogram/athar-monogram-light.svg (<- Athar_Package 02 Logo/SVG/Athar_Logo_Monogram.svg) | rendered-assets-v1.5.0/dist/brand/wordmark/athar-wordmark-light.svg (<- Athar_Package 02 Logo/SVG/Athar_Logo_Horizontal.svg wordmark) | pattern tile v1.5.0,2026-09-30T01:19:20Z,PASS,,reversed,deep_ocean,2,png,v1.5.1 (carried),,,
dist/social/athar-twitter-summary-card-en-dark@2x.webp,8 social-cards,twitter-summary-en,2400 x 1200,38896,53f2355bdffe74e7b90bf0677719bb6ef3d0e3655a8e3f33b38a926166d91125,resvg-js 2.6.2 + sharp 0.34.3 (WebP),rendered-assets-v1.5.0/dist/brand/monogram/athar-monogram-light.svg (<- Athar_Package 02 Logo/SVG/Athar_Logo_Monogram.svg) | rendered-assets-v1.5.0/dist/brand/wordmark/athar-wordmark-light.svg (<- Athar_Package 02 Logo/SVG/Athar_Logo_Horizontal.svg wordmark) | pattern tile v1.5.0,2026-09-30T01:19:20Z,PASS,,reversed,deep_ocean,2,webp,v1.5.1 (carried),,,
dist/social/athar-twitter-summary-card-en-dark.svg,8 social-cards,twitter-summary-en,1200 x 600,189721,7713ba90373b9bc8a60e8340e4ea54c2ae5a16855acc5f18547e445316b59a80,svgo 4.1.0 (safe config),rendered-assets-v1.5.0/dist/brand/monogram/athar-monogram-light.svg (<- Athar_Package 02 Logo/SVG/Athar_Logo_Monogram.svg) | rendered-assets-v1.5.0/dist/brand/wordmark/athar-wordmark-light.svg (<- Athar_Package 02 Logo/SVG/Athar_Logo_Horizontal.svg wordmark),2026-09-30T01:19:29Z,PASS,,reversed,deep_ocean,1,svg,v1.5.1 (carried),,,
dist/social/athar-twitter-summary-card-ar-light@1x.png,8 social-cards,twitter-summary-ar,1200 x 600,38003,0ae10fa60d819b3a8ddab717085bb2df06370ffe5c53766f1b49e9e637aac973,resvg-js 2.6.2 (resvg 0.40.0) + sharp 0.34.3/libvips 8.17.1,rendered-assets-v1.5.0/dist/brand/monogram/athar-monogram-light.svg (<- Athar_Package 02 Logo/SVG/Athar_Logo_Monogram.svg) | rendered-assets-v1.5.0/dist/brand/wordmark/athar-wordmark-light.svg (<- Athar_Package 02 Logo/SVG/Athar_Logo_Horizontal.svg wordmark) | pattern tile v1.5.0,2026-09-30T01:19:21Z,PASS,,navy,ivory,1,png,v1.5.1 (carried),,,
dist/social/athar-twitter-summary-card-ar-light@1x.webp,8 social-cards,twitter-summary-ar,1200 x 600,15930,c0c1fc4916d72e69d8f6fda6bdd77bb1b47de18453c2018aba31c97f6dcd9215,resvg-js 2.6.2 + sharp 0.34.3 (WebP),rendered-assets-v1.5.0/dist/brand/monogram/athar-monogram-light.svg (<- Athar_Package 02 Logo/SVG/Athar_Logo_Monogram.svg) | rendered-assets-v1.5.0/dist/brand/wordmark/athar-wordmark-light.svg (<- Athar_Package 02 Logo/SVG/Athar_Logo_Horizontal.svg wordmark) | pattern tile v1.5.0,2026-09-30T01:19:21Z,PASS,,navy,ivory,1,webp,v1.5.1 (carried),,,
dist/social/athar-twitter-summary-card-ar-light@2x.png,8 social-cards,twitter-summary-ar,2400 x 1200,86762,74d4944a32309fc88c79a0bbb1a288494e883a2013de8d6ed139228ae6f28783,resvg-js 2.6.2 (resvg 0.40.0) + sharp 0.34.3/libvips 8.17.1,rendered-assets-v1.5.0/dist/brand/monogram/athar-monogram-light.svg (<- Athar_Package 02 Logo/SVG/Athar_Logo_Monogram.svg) | rendered-assets-v1.5.0/dist/brand/wordmark/athar-wordmark-light.svg (<- Athar_Package 02 Logo/SVG/Athar_Logo_Horizontal.svg wordmark) | pattern tile v1.5.0,2026-09-30T01:19:21Z,PASS,,navy,ivory,2,png,v1.5.1 (carried),,,
dist/social/athar-twitter-summary-card-ar-light@2x.webp,8 social-cards,twitter-summary-ar,2400 x 1200,36186,42fbef467989db5e498b7a48fb879ee2095a01fc81b8401bd66ae474f226fb1e,resvg-js 2.6.2 + sharp 0.34.3 (WebP),rendered-assets-v1.5.0/dist/brand/monogram/athar-monogram-light.svg (<- Athar_Package 02 Logo/SVG/Athar_Logo_Monogram.svg) | rendered-assets-v1.5.0/dist/brand/wordmark/athar-wordmark-light.svg (<- Athar_Package 02 Logo/SVG/Athar_Logo_Horizontal.svg wordmark) | pattern tile v1.5.0,2026-09-30T01:19:22Z,PASS,,navy,ivory,2,webp,v1.5.1 (carried),,,
dist/social/athar-twitter-summary-card-ar-light.svg,8 social-cards,twitter-summary-ar,1200 x 600,203027,25d26c7d834ca29e41a45d8d5b049ba5cf39529f668135ef6803cedc86af2874,svgo 4.1.0 (safe config),rendered-assets-v1.5.0/dist/brand/monogram/athar-monogram-light.svg (<- Athar_Package 02 Logo/SVG/Athar_Logo_Monogram.svg) | rendered-assets-v1.5.0/dist/brand/wordmark/athar-wordmark-light.svg (<- Athar_Package 02 Logo/SVG/Athar_Logo_Horizontal.svg wordmark),2026-09-30T01:19:30Z,PASS,,navy,ivory,1,svg,v1.5.1 (carried),,,
dist/social/athar-twitter-summary-card-ar-dark@1x.png,8 social-cards,twitter-summary-ar,1200 x 600,33647,6bf9c871b5b11672281e97038c95df86e1e16e81e6572c481268ebc19a9f223e,resvg-js 2.6.2 (resvg 0.40.0) + sharp 0.34.3/libvips 8.17.1,rendered-assets-v1.5.0/dist/brand/monogram/athar-monogram-light.svg (<- Athar_Package 02 Logo/SVG/Athar_Logo_Monogram.svg) | rendered-assets-v1.5.0/dist/brand/wordmark/athar-wordmark-light.svg (<- Athar_Package 02 Logo/SVG/Athar_Logo_Horizontal.svg wordmark) | pattern tile v1.5.0,2026-09-30T01:19:22Z,PASS,,reversed,deep_ocean,1,png,v1.5.1 (carried),,,
dist/social/athar-twitter-summary-card-ar-dark@1x.webp,8 social-cards,twitter-summary-ar,1200 x 600,14712,ad36223ecbd5b30d1515476cca0e11515500abf6da6924ea2957c23931d05555,resvg-js 2.6.2 + sharp 0.34.3 (WebP),rendered-assets-v1.5.0/dist/brand/monogram/athar-monogram-light.svg (<- Athar_Package 02 Logo/SVG/Athar_Logo_Monogram.svg) | rendered-assets-v1.5.0/dist/brand/wordmark/athar-wordmark-light.svg (<- Athar_Package 02 Logo/SVG/Athar_Logo_Horizontal.svg wordmark) | pattern tile v1.5.0,2026-09-30T01:19:22Z,PASS,,reversed,deep_ocean,1,webp,v1.5.1 (carried),,,
dist/social/athar-twitter-summary-card-ar-dark@2x.png,8 social-cards,twitter-summary-ar,2400 x 1200,75264,2e34a67c679390c9931679bdf39706feaefa73f2c0744df03c0a44e4c610feee,resvg-js 2.6.2 (resvg 0.40.0) + sharp 0.34.3/libvips 8.17.1,rendered-assets-v1.5.0/dist/brand/monogram/athar-monogram-light.svg (<- Athar_Package 02 Logo/SVG/Athar_Logo_Monogram.svg) | rendered-assets-v1.5.0/dist/brand/wordmark/athar-wordmark-light.svg (<- Athar_Package 02 Logo/SVG/Athar_Logo_Horizontal.svg wordmark) | pattern tile v1.5.0,2026-09-30T01:19:22Z,PASS,,reversed,deep_ocean,2,png,v1.5.1 (carried),,,
dist/social/athar-twitter-summary-card-ar-dark@2x.webp,8 social-cards,twitter-summary-ar,2400 x 1200,33294,bdf7d2be638dd256273372691fefd20026533b23a6becfb1786a18617067a23f,resvg-js 2.6.2 + sharp 0.34.3 (WebP),rendered-assets-v1.5.0/dist/brand/monogram/athar-monogram-light.svg (<- Athar_Package 02 Logo/SVG/Athar_Logo_Monogram.svg) | rendered-assets-v1.5.0/dist/brand/wordmark/athar-wordmark-light.svg (<- Athar_Package 02 Logo/SVG/Athar_Logo_Horizontal.svg wordmark) | pattern tile v1.5.0,2026-09-30T01:19:23Z,PASS,,reversed,deep_ocean,2,webp,v1.5.1 (carried),,,
dist/social/athar-twitter-summary-card-ar-dark.svg,8 social-cards,twitter-summary-ar,1200 x 600,190594,3205d20298b38ac4ddd43de23fc8c3fa6f7966418746144f8a1f9454c34d1cdb,svgo 4.1.0 (safe config),rendered-assets-v1.5.0/dist/brand/monogram/athar-monogram-light.svg (<- Athar_Package 02 Logo/SVG/Athar_Logo_Monogram.svg) | rendered-assets-v1.5.0/dist/brand/wordmark/athar-wordmark-light.svg (<- Athar_Package 02 Logo/SVG/Athar_Logo_Horizontal.svg wordmark),2026-09-30T01:19:30Z,PASS,,reversed,deep_ocean,1,svg,v1.5.1 (carried),,,
dist/social/athar-twitter-large-card-en-light@1x.png,8 social-cards,twitter-large-en,1200 x 675,40324,e0c33f3ed13b6c9375b56d337367a0aecf9c9abad1b6968fd111ec5a430d877e,resvg-js 2.6.2 (resvg 0.40.0) + sharp 0.34.3/libvips 8.17.1,rendered-assets-v1.5.0/dist/brand/monogram/athar-monogram-light.svg (<- Athar_Package 02 Logo/SVG/Athar_Logo_Monogram.svg) | rendered-assets-v1.5.0/dist/brand/wordmark/athar-wordmark-light.svg (<- Athar_Package 02 Logo/SVG/Athar_Logo_Horizontal.svg wordmark) | pattern tile v1.5.0,2026-09-30T01:19:23Z,PASS,,navy,ivory,1,png,v1.5.1 (carried),,,
dist/social/athar-twitter-large-card-en-light@1x.webp,8 social-cards,twitter-large-en,1200 x 675,21448,32141fffb3ea7e8d54ecb2bc568c9d7bb6302306b93cf8ea872d708758e23999,resvg-js 2.6.2 + sharp 0.34.3 (WebP),rendered-assets-v1.5.0/dist/brand/monogram/athar-monogram-light.svg (<- Athar_Package 02 Logo/SVG/Athar_Logo_Monogram.svg) | rendered-assets-v1.5.0/dist/brand/wordmark/athar-wordmark-light.svg (<- Athar_Package 02 Logo/SVG/Athar_Logo_Horizontal.svg wordmark) | pattern tile v1.5.0,2026-09-30T01:19:23Z,PASS,,navy,ivory,1,webp,v1.5.1 (carried),,,
dist/social/athar-twitter-large-card-en-light@2x.png,8 social-cards,twitter-large-en,2400 x 1350,89495,0d590e18a1d4b91118b772684d40926237256729100242c92ec7f0e4cfb56f99,resvg-js 2.6.2 (resvg 0.40.0) + sharp 0.34.3/libvips 8.17.1,rendered-assets-v1.5.0/dist/brand/monogram/athar-monogram-light.svg (<- Athar_Package 02 Logo/SVG/Athar_Logo_Monogram.svg) | rendered-assets-v1.5.0/dist/brand/wordmark/athar-wordmark-light.svg (<- Athar_Package 02 Logo/SVG/Athar_Logo_Horizontal.svg wordmark) | pattern tile v1.5.0,2026-09-30T01:19:23Z,PASS,,navy,ivory,2,png,v1.5.1 (carried),,,
dist/social/athar-twitter-large-card-en-light@2x.webp,8 social-cards,twitter-large-en,2400 x 1350,44320,e9b51dcf9c6b69c8467e82fa8a79473d074052547982f529dff79d0a675b7bf5,resvg-js 2.6.2 + sharp 0.34.3 (WebP),rendered-assets-v1.5.0/dist/brand/monogram/athar-monogram-light.svg (<- Athar_Package 02 Logo/SVG/Athar_Logo_Monogram.svg) | rendered-assets-v1.5.0/dist/brand/wordmark/athar-wordmark-light.svg (<- Athar_Package 02 Logo/SVG/Athar_Logo_Horizontal.svg wordmark) | pattern tile v1.5.0,2026-09-30T01:19:24Z,PASS,,navy,ivory,2,webp,v1.5.1 (carried),,,
dist/social/athar-twitter-large-card-en-light.svg,8 social-cards,twitter-large-en,1200 x 675,202152,2ee13624d37c274777f60aa7b110526ee9e97cb3b6cc092b7e357a9d4be6d44f,svgo 4.1.0 (safe config),rendered-assets-v1.5.0/dist/brand/monogram/athar-monogram-light.svg (<- Athar_Package 02 Logo/SVG/Athar_Logo_Monogram.svg) | rendered-assets-v1.5.0/dist/brand/wordmark/athar-wordmark-light.svg (<- Athar_Package 02 Logo/SVG/Athar_Logo_Horizontal.svg wordmark),2026-09-30T01:19:30Z,PASS,,navy,ivory,1,svg,v1.5.1 (carried),,,
dist/social/athar-twitter-large-card-en-dark@1x.png,8 social-cards,twitter-large-en,1200 x 675,35311,6fbe0a31bf22cfb031df804c7a03851493d84690397a97b225f4300e974f595d,resvg-js 2.6.2 (resvg 0.40.0) + sharp 0.34.3/libvips 8.17.1,rendered-assets-v1.5.0/dist/brand/monogram/athar-monogram-light.svg (<- Athar_Package 02 Logo/SVG/Athar_Logo_Monogram.svg) | rendered-assets-v1.5.0/dist/brand/wordmark/athar-wordmark-light.svg (<- Athar_Package 02 Logo/SVG/Athar_Logo_Horizontal.svg wordmark) | pattern tile v1.5.0,2026-09-30T01:19:24Z,PASS,,reversed,deep_ocean,1,png,v1.5.1 (carried),,,
dist/social/athar-twitter-large-card-en-dark@1x.webp,8 social-cards,twitter-large-en,1200 x 675,19816,6b6b6f94d466a215d9c4d5f525c0d53d8e2f83da51fbda73d82bd635aeb9b893,resvg-js 2.6.2 + sharp 0.34.3 (WebP),rendered-assets-v1.5.0/dist/brand/monogram/athar-monogram-light.svg (<- Athar_Package 02 Logo/SVG/Athar_Logo_Monogram.svg) | rendered-assets-v1.5.0/dist/brand/wordmark/athar-wordmark-light.svg (<- Athar_Package 02 Logo/SVG/Athar_Logo_Horizontal.svg wordmark) | pattern tile v1.5.0,2026-09-30T01:19:24Z,PASS,,reversed,deep_ocean,1,webp,v1.5.1 (carried),,,
dist/social/athar-twitter-large-card-en-dark@2x.png,8 social-cards,twitter-large-en,2400 x 1350,76508,e77a7e820cebada476f9cff94e45158ddac5360aef1388086b2b67a4249a34a2,resvg-js 2.6.2 (resvg 0.40.0) + sharp 0.34.3/libvips 8.17.1,rendered-assets-v1.5.0/dist/brand/monogram/athar-monogram-light.svg (<- Athar_Package 02 Logo/SVG/Athar_Logo_Monogram.svg) | rendered-assets-v1.5.0/dist/brand/wordmark/athar-wordmark-light.svg (<- Athar_Package 02 Logo/SVG/Athar_Logo_Horizontal.svg wordmark) | pattern tile v1.5.0,2026-09-30T01:19:24Z,PASS,,reversed,deep_ocean,2,png,v1.5.1 (carried),,,
dist/social/athar-twitter-large-card-en-dark@2x.webp,8 social-cards,twitter-large-en,2400 x 1350,40566,bcde77dfcb8e31c4225fac8b2516f97125e43f815be8d4e94d97864ee38e24e7,resvg-js 2.6.2 + sharp 0.34.3 (WebP),rendered-assets-v1.5.0/dist/brand/monogram/athar-monogram-light.svg (<- Athar_Package 02 Logo/SVG/Athar_Logo_Monogram.svg) | rendered-assets-v1.5.0/dist/brand/wordmark/athar-wordmark-light.svg (<- Athar_Package 02 Logo/SVG/Athar_Logo_Horizontal.svg wordmark) | pattern tile v1.5.0,2026-09-30T01:19:25Z,PASS,,reversed,deep_ocean,2,webp,v1.5.1 (carried),,,
dist/social/athar-twitter-large-card-en-dark.svg,8 social-cards,twitter-large-en,1200 x 675,189719,3393444a49414ddf792bd47cb5a65cfd60fbeaede994c0dd00be22cd4d5b33fc,svgo 4.1.0 (safe config),rendered-assets-v1.5.0/dist/brand/monogram/athar-monogram-light.svg (<- Athar_Package 02 Logo/SVG/Athar_Logo_Monogram.svg) | rendered-assets-v1.5.0/dist/brand/wordmark/athar-wordmark-light.svg (<- Athar_Package 02 Logo/SVG/Athar_Logo_Horizontal.svg wordmark),2026-09-30T01:19:31Z,PASS,,reversed,deep_ocean,1,svg,v1.5.1 (carried),,,
dist/social/athar-twitter-large-card-ar-light@1x.png,8 social-cards,twitter-large-ar,1200 x 675,40578,358282a4c8befabd82984537f588886293b8651c72cb101899eda1cacb45d249,resvg-js 2.6.2 (resvg 0.40.0) + sharp 0.34.3/libvips 8.17.1,rendered-assets-v1.5.0/dist/brand/monogram/athar-monogram-light.svg (<- Athar_Package 02 Logo/SVG/Athar_Logo_Monogram.svg) | rendered-assets-v1.5.0/dist/brand/wordmark/athar-wordmark-light.svg (<- Athar_Package 02 Logo/SVG/Athar_Logo_Horizontal.svg wordmark) | pattern tile v1.5.0,2026-09-30T01:19:25Z,PASS,,navy,ivory,1,png,v1.5.1 (carried),,,
dist/social/athar-twitter-large-card-ar-light@1x.webp,8 social-cards,twitter-large-ar,1200 x 675,16904,a17f24fe52f5af816fe30604682121c7c7e7989e610c9d69e1e9aa16a9270b06,resvg-js 2.6.2 + sharp 0.34.3 (WebP),rendered-assets-v1.5.0/dist/brand/monogram/athar-monogram-light.svg (<- Athar_Package 02 Logo/SVG/Athar_Logo_Monogram.svg) | rendered-assets-v1.5.0/dist/brand/wordmark/athar-wordmark-light.svg (<- Athar_Package 02 Logo/SVG/Athar_Logo_Horizontal.svg wordmark) | pattern tile v1.5.0,2026-09-30T01:19:25Z,PASS,,navy,ivory,1,webp,v1.5.1 (carried),,,
dist/social/athar-twitter-large-card-ar-light@2x.png,8 social-cards,twitter-large-ar,2400 x 1350,92551,2d342d818190e6dafd6bbf936c63f3170d98e7cde713ef1efed02cf58df78ac3,resvg-js 2.6.2 (resvg 0.40.0) + sharp 0.34.3/libvips 8.17.1,rendered-assets-v1.5.0/dist/brand/monogram/athar-monogram-light.svg (<- Athar_Package 02 Logo/SVG/Athar_Logo_Monogram.svg) | rendered-assets-v1.5.0/dist/brand/wordmark/athar-wordmark-light.svg (<- Athar_Package 02 Logo/SVG/Athar_Logo_Horizontal.svg wordmark) | pattern tile v1.5.0,2026-09-30T01:19:26Z,PASS,,navy,ivory,2,png,v1.5.1 (carried),,,
dist/social/athar-twitter-large-card-ar-light@2x.webp,8 social-cards,twitter-large-ar,2400 x 1350,37928,2490b07df528f34c0a24cb3d76e3b3f99e5a4d610b9050e84ec9b130e7902c5f,resvg-js 2.6.2 + sharp 0.34.3 (WebP),rendered-assets-v1.5.0/dist/brand/monogram/athar-monogram-light.svg (<- Athar_Package 02 Logo/SVG/Athar_Logo_Monogram.svg) | rendered-assets-v1.5.0/dist/brand/wordmark/athar-wordmark-light.svg (<- Athar_Package 02 Logo/SVG/Athar_Logo_Horizontal.svg wordmark) | pattern tile v1.5.0,2026-09-30T01:19:26Z,PASS,,navy,ivory,2,webp,v1.5.1 (carried),,,
dist/social/athar-twitter-large-card-ar-light.svg,8 social-cards,twitter-large-ar,1200 x 675,203025,fec58574b9396614dfc0013bd3832f7fcd949f354b4847133fcc57c4dd105844,svgo 4.1.0 (safe config),rendered-assets-v1.5.0/dist/brand/monogram/athar-monogram-light.svg (<- Athar_Package 02 Logo/SVG/Athar_Logo_Monogram.svg) | rendered-assets-v1.5.0/dist/brand/wordmark/athar-wordmark-light.svg (<- Athar_Package 02 Logo/SVG/Athar_Logo_Horizontal.svg wordmark),2026-09-30T01:19:31Z,PASS,,navy,ivory,1,svg,v1.5.1 (carried),,,
dist/social/athar-twitter-large-card-ar-dark@1x.png,8 social-cards,twitter-large-ar,1200 x 675,35480,178bef2f85867bb3d4374fc97cdf2b5d8ff17dcc8f94449f4bd27a67a7642837,resvg-js 2.6.2 (resvg 0.40.0) + sharp 0.34.3/libvips 8.17.1,rendered-assets-v1.5.0/dist/brand/monogram/athar-monogram-light.svg (<- Athar_Package 02 Logo/SVG/Athar_Logo_Monogram.svg) | rendered-assets-v1.5.0/dist/brand/wordmark/athar-wordmark-light.svg (<- Athar_Package 02 Logo/SVG/Athar_Logo_Horizontal.svg wordmark) | pattern tile v1.5.0,2026-09-30T01:19:26Z,PASS,,reversed,deep_ocean,1,png,v1.5.1 (carried),,,
dist/social/athar-twitter-large-card-ar-dark@1x.webp,8 social-cards,twitter-large-ar,1200 x 675,15388,f907d6ff8ec64603d36afe9fd43d23321264e57606e51a6bca11c33ec722ee50,resvg-js 2.6.2 + sharp 0.34.3 (WebP),rendered-assets-v1.5.0/dist/brand/monogram/athar-monogram-light.svg (<- Athar_Package 02 Logo/SVG/Athar_Logo_Monogram.svg) | rendered-assets-v1.5.0/dist/brand/wordmark/athar-wordmark-light.svg (<- Athar_Package 02 Logo/SVG/Athar_Logo_Horizontal.svg wordmark) | pattern tile v1.5.0,2026-09-30T01:19:26Z,PASS,,reversed,deep_ocean,1,webp,v1.5.1 (carried),,,
dist/social/athar-twitter-large-card-ar-dark@2x.png,8 social-cards,twitter-large-ar,2400 x 1350,78934,b5eb41b94d1cefa5377b8477ddd5f4533897cac475d3e3a6bfadd637d08adbce,resvg-js 2.6.2 (resvg 0.40.0) + sharp 0.34.3/libvips 8.17.1,rendered-assets-v1.5.0/dist/brand/monogram/athar-monogram-light.svg (<- Athar_Package 02 Logo/SVG/Athar_Logo_Monogram.svg) | rendered-assets-v1.5.0/dist/brand/wordmark/athar-wordmark-light.svg (<- Athar_Package 02 Logo/SVG/Athar_Logo_Horizontal.svg wordmark) | pattern tile v1.5.0,2026-09-30T01:19:27Z,PASS,,reversed,deep_ocean,2,png,v1.5.1 (carried),,,
dist/social/athar-twitter-large-card-ar-dark@2x.webp,8 social-cards,twitter-large-ar,2400 x 1350,34486,bdaa7e1dd207c81d1ee282fdc9b1274fc4e80de15b9e335b8b5dbc8e25e7e13d,resvg-js 2.6.2 + sharp 0.34.3 (WebP),rendered-assets-v1.5.0/dist/brand/monogram/athar-monogram-light.svg (<- Athar_Package 02 Logo/SVG/Athar_Logo_Monogram.svg) | rendered-assets-v1.5.0/dist/brand/wordmark/athar-wordmark-light.svg (<- Athar_Package 02 Logo/SVG/Athar_Logo_Horizontal.svg wordmark) | pattern tile v1.5.0,2026-09-30T01:19:27Z,PASS,,reversed,deep_ocean,2,webp,v1.5.1 (carried),,,
dist/social/athar-twitter-large-card-ar-dark.svg,8 social-cards,twitter-large-ar,1200 x 675,190592,57d5d7e9156ed8ff46d72396fad48ac9f40dd711fda29d29538311d515ba1cba,svgo 4.1.0 (safe config),rendered-assets-v1.5.0/dist/brand/monogram/athar-monogram-light.svg (<- Athar_Package 02 Logo/SVG/Athar_Logo_Monogram.svg) | rendered-assets-v1.5.0/dist/brand/wordmark/athar-wordmark-light.svg (<- Athar_Package 02 Logo/SVG/Athar_Logo_Horizontal.svg wordmark),2026-09-30T01:19:32Z,PASS,,reversed,deep_ocean,1,svg,v1.5.1 (carried),,,
dist/applications/athar-business-card-front.png,9 applications,business-card-front,1004 x 650,14161,6e8377ba7d623f06acce2409027672e142c4817c4acc0c71bc52f7e8b09f2150,resvg-js 2.6.2 (resvg 0.40.0) + sharp 0.34.3/libvips 8.17.1,rendered-assets-v1.5.0/dist/brand/monogram/athar-monogram-light.svg (<- Athar_Package 02 Logo/SVG/Athar_Logo_Monogram.svg) | rendered-assets-v1.5.0/dist/brand/wordmark/athar-wordmark-light.svg (<- Athar_Package 02 Logo/SVG/Athar_Logo_Horizontal.svg wordmark) | IBM Plex Sans / Sans Arabic (outlined),2026-09-30T01:23:59Z,PASS,,reversed,deep_ocean,1,png,v1.5.1 (carried),,,
dist/applications/athar-business-card-front.pdf,9 applications,business-card-front,1004 x 650,7739,8deb6db8ab21089a474d518b0179d96a52f1d8605c0119ade0fbbae860755efe,PyMuPDF 1.28.2 (MuPDF SVG->PDF),rendered-assets-v1.5.0/dist/brand/monogram/athar-monogram-light.svg (<- Athar_Package 02 Logo/SVG/Athar_Logo_Monogram.svg) | rendered-assets-v1.5.0/dist/brand/wordmark/athar-wordmark-light.svg (<- Athar_Package 02 Logo/SVG/Athar_Logo_Horizontal.svg wordmark) | IBM Plex Sans / Sans Arabic (outlined),2026-09-30T01:24:15Z,PASS,,reversed,deep_ocean,1,pdf,v1.5.1 (carried),,,
dist/applications/athar-business-card-back.png,9 applications,business-card-back,1004 x 650,29956,de50690f51c8852716769bc7dc77f2965c89601fc997684fabda060aec31966a,resvg-js 2.6.2 (resvg 0.40.0) + sharp 0.34.3/libvips 8.17.1,rendered-assets-v1.5.0/dist/brand/monogram/athar-monogram-light.svg (<- Athar_Package 02 Logo/SVG/Athar_Logo_Monogram.svg) | rendered-assets-v1.5.0/dist/brand/wordmark/athar-wordmark-light.svg (<- Athar_Package 02 Logo/SVG/Athar_Logo_Horizontal.svg wordmark) | IBM Plex Sans / Sans Arabic (outlined),2026-09-30T01:23:59Z,PASS,,navy,ivory,1,png,v1.5.1 (carried),,,
dist/applications/athar-business-card-back.pdf,9 applications,business-card-back,1004 x 650,39523,6ce15e493a713bf195c295cab8145a1188550851269ab3ed65bf88abef39691b,PyMuPDF 1.28.2 (MuPDF SVG->PDF),rendered-assets-v1.5.0/dist/brand/monogram/athar-monogram-light.svg (<- Athar_Package 02 Logo/SVG/Athar_Logo_Monogram.svg) | rendered-assets-v1.5.0/dist/brand/wordmark/athar-wordmark-light.svg (<- Athar_Package 02 Logo/SVG/Athar_Logo_Horizontal.svg wordmark) | IBM Plex Sans / Sans Arabic (outlined),2026-09-30T01:24:15Z,PASS,,navy,ivory,1,pdf,v1.5.1 (carried),,,
dist/applications/athar-letterhead-a4.png,9 applications,letterhead-a4,2480 x 3508,80373,bf69e16c19790e998e19bc0e7e15fbb80a7cf946b87edfcc9d863dd257d7f5a1,resvg-js 2.6.2 (resvg 0.40.0) + sharp 0.34.3/libvips 8.17.1,rendered-assets-v1.5.0/dist/brand/monogram/athar-monogram-light.svg (<- Athar_Package 02 Logo/SVG/Athar_Logo_Monogram.svg) | rendered-assets-v1.5.0/dist/brand/wordmark/athar-wordmark-light.svg (<- Athar_Package 02 Logo/SVG/Athar_Logo_Horizontal.svg wordmark) | IBM Plex Sans / Sans Arabic (outlined),2026-09-30T01:23:59Z,PASS,,navy,ivory,1,png,v1.5.1 (carried),,,
dist/applications/athar-letterhead-a4.pdf,9 applications,letterhead-a4,2480 x 3508,45173,484a07bab2e5026164ab2a408df84c6185f9b733980ac6e51ccd36f08aabba7f,PyMuPDF 1.28.2 (MuPDF SVG->PDF),rendered-assets-v1.5.0/dist/brand/monogram/athar-monogram-light.svg (<- Athar_Package 02 Logo/SVG/Athar_Logo_Monogram.svg) | rendered-assets-v1.5.0/dist/brand/wordmark/athar-wordmark-light.svg (<- Athar_Package 02 Logo/SVG/Athar_Logo_Horizontal.svg wordmark) | IBM Plex Sans / Sans Arabic (outlined),2026-09-30T01:24:15Z,PASS,,navy,ivory,1,pdf,v1.5.1 (carried),,,
dist/applications/athar-title-slide-light@1x.png,9 applications,title-slide-light,1920 x 1080,72091,72413ee32f0dbfb3e72616a20306b251890b28f4d7f0bbdeb60e0e1d860cdb46,resvg-js 2.6.2 (resvg 0.40.0) + sharp 0.34.3/libvips 8.17.1,rendered-assets-v1.5.0/dist/brand/monogram/athar-monogram-light.svg (<- Athar_Package 02 Logo/SVG/Athar_Logo_Monogram.svg) | rendered-assets-v1.5.0/dist/brand/wordmark/athar-wordmark-light.svg (<- Athar_Package 02 Logo/SVG/Athar_Logo_Horizontal.svg wordmark) | IBM Plex Sans / Sans Arabic (outlined),2026-09-30T01:24:00Z,PASS,,navy,ivory,1,png,v1.5.1 (carried),,,
dist/applications/athar-title-slide-light@1x.webp,9 applications,title-slide-light,1920 x 1080,37168,5d0414f602354a606cc1d880a0adbdf20c5a663001b325a1f3390591885fb2d9,resvg-js 2.6.2 + sharp 0.34.3 (WebP),rendered-assets-v1.5.0/dist/brand/monogram/athar-monogram-light.svg (<- Athar_Package 02 Logo/SVG/Athar_Logo_Monogram.svg) | rendered-assets-v1.5.0/dist/brand/wordmark/athar-wordmark-light.svg (<- Athar_Package 02 Logo/SVG/Athar_Logo_Horizontal.svg wordmark) | IBM Plex Sans / Sans Arabic (outlined),2026-09-30T01:24:00Z,PASS,,navy,ivory,1,webp,v1.5.1 (carried),,,
dist/applications/athar-title-slide-light@2x.png,9 applications,title-slide-light,3840 x 2160,163936,5e4f47b51782f1001e5019ca6cf125ce971efb86e4c7a745e2a0e834597bcc93,resvg-js 2.6.2 (resvg 0.40.0) + sharp 0.34.3/libvips 8.17.1,rendered-assets-v1.5.0/dist/brand/monogram/athar-monogram-light.svg (<- Athar_Package 02 Logo/SVG/Athar_Logo_Monogram.svg) | rendered-assets-v1.5.0/dist/brand/wordmark/athar-wordmark-light.svg (<- Athar_Package 02 Logo/SVG/Athar_Logo_Horizontal.svg wordmark) | IBM Plex Sans / Sans Arabic (outlined),2026-09-30T01:24:01Z,PASS,,navy,ivory,2,png,v1.5.1 (carried),,,
dist/applications/athar-title-slide-light@2x.webp,9 applications,title-slide-light,3840 x 2160,82166,7e6fb1464a7a8b7124076c4fff55ecbffd20c634da97143e41e736051c572b1a,resvg-js 2.6.2 + sharp 0.34.3 (WebP),rendered-assets-v1.5.0/dist/brand/monogram/athar-monogram-light.svg (<- Athar_Package 02 Logo/SVG/Athar_Logo_Monogram.svg) | rendered-assets-v1.5.0/dist/brand/wordmark/athar-wordmark-light.svg (<- Athar_Package 02 Logo/SVG/Athar_Logo_Horizontal.svg wordmark) | IBM Plex Sans / Sans Arabic (outlined),2026-09-30T01:24:02Z,PASS,,navy,ivory,2,webp,v1.5.1 (carried),,,
dist/applications/athar-title-slide-dark@1x.png,9 applications,title-slide-dark,1920 x 1080,64272,be0b2831bbab0d84a43f01f38a12df7221a1999b07acfcf6110c6649d378ca1e,resvg-js 2.6.2 (resvg 0.40.0) + sharp 0.34.3/libvips 8.17.1,rendered-assets-v1.5.0/dist/brand/monogram/athar-monogram-light.svg (<- Athar_Package 02 Logo/SVG/Athar_Logo_Monogram.svg) | rendered-assets-v1.5.0/dist/brand/wordmark/athar-wordmark-light.svg (<- Athar_Package 02 Logo/SVG/Athar_Logo_Horizontal.svg wordmark) | IBM Plex Sans / Sans Arabic (outlined),2026-09-30T01:24:02Z,PASS,,reversed,deep_ocean,1,png,v1.5.1 (carried),,,
dist/applications/athar-title-slide-dark@1x.webp,9 applications,title-slide-dark,1920 x 1080,34148,96456f963a3c40cebd4c9815dd6a390bd17fb745e8b977ddec6e178c8894e3d2,resvg-js 2.6.2 + sharp 0.34.3 (WebP),rendered-assets-v1.5.0/dist/brand/monogram/athar-monogram-light.svg (<- Athar_Package 02 Logo/SVG/Athar_Logo_Monogram.svg) | rendered-assets-v1.5.0/dist/brand/wordmark/athar-wordmark-light.svg (<- Athar_Package 02 Logo/SVG/Athar_Logo_Horizontal.svg wordmark) | IBM Plex Sans / Sans Arabic (outlined),2026-09-30T01:24:02Z,PASS,,reversed,deep_ocean,1,webp,v1.5.1 (carried),,,
dist/applications/athar-title-slide-dark@2x.png,9 applications,title-slide-dark,3840 x 2160,147214,58c1d37d4fe3429fdbf48cac30ca467c2fd30608d41472b23da472510dd2d121,resvg-js 2.6.2 (resvg 0.40.0) + sharp 0.34.3/libvips 8.17.1,rendered-assets-v1.5.0/dist/brand/monogram/athar-monogram-light.svg (<- Athar_Package 02 Logo/SVG/Athar_Logo_Monogram.svg) | rendered-assets-v1.5.0/dist/brand/wordmark/athar-wordmark-light.svg (<- Athar_Package 02 Logo/SVG/Athar_Logo_Horizontal.svg wordmark) | IBM Plex Sans / Sans Arabic (outlined),2026-09-30T01:24:03Z,PASS,,reversed,deep_ocean,2,png,v1.5.1 (carried),,,
dist/applications/athar-title-slide-dark@2x.webp,9 applications,title-slide-dark,3840 x 2160,75796,dbcaac50e9764d6ede23145136f423296612c0d4cfd752dbd766b4a231a158ad,resvg-js 2.6.2 + sharp 0.34.3 (WebP),rendered-assets-v1.5.0/dist/brand/monogram/athar-monogram-light.svg (<- Athar_Package 02 Logo/SVG/Athar_Logo_Monogram.svg) | rendered-assets-v1.5.0/dist/brand/wordmark/athar-wordmark-light.svg (<- Athar_Package 02 Logo/SVG/Athar_Logo_Horizontal.svg wordmark) | IBM Plex Sans / Sans Arabic (outlined),2026-09-30T01:24:04Z,PASS,,reversed,deep_ocean,2,webp,v1.5.1 (carried),,,
dist/applications/athar-report-cover-a4-dark.png,9 applications,report-cover-a4-dark,2480 x 3508,124266,b00ecc52d1c91e92a2fc23b895082e1fd503dc11b688a8dee80760f8a83e82db,resvg-js 2.6.2 (resvg 0.40.0) + sharp 0.34.3/libvips 8.17.1,rendered-assets-v1.5.0/dist/brand/monogram/athar-monogram-light.svg (<- Athar_Package 02 Logo/SVG/Athar_Logo_Monogram.svg) | rendered-assets-v1.5.0/dist/brand/wordmark/athar-wordmark-light.svg (<- Athar_Package 02 Logo/SVG/Athar_Logo_Horizontal.svg wordmark) | IBM Plex Sans / Sans Arabic (outlined),2026-09-30T01:24:05Z,PASS,,reversed,deep_ocean,1,png,v1.5.1 (carried),,,
dist/applications/athar-report-cover-a4-dark.pdf,9 applications,report-cover-a4-dark,2480 x 3508,27458,8aa9879f07b0ba1ebfe3d84dad849b5fdb276991c7de112cb393a919dd25a27a,PyMuPDF 1.28.2 (MuPDF SVG->PDF),rendered-assets-v1.5.0/dist/brand/monogram/athar-monogram-light.svg (<- Athar_Package 02 Logo/SVG/Athar_Logo_Monogram.svg) | rendered-assets-v1.5.0/dist/brand/wordmark/athar-wordmark-light.svg (<- Athar_Package 02 Logo/SVG/Athar_Logo_Horizontal.svg wordmark) | IBM Plex Sans / Sans Arabic (outlined),2026-09-30T01:24:15Z,PASS,,reversed,deep_ocean,1,pdf,v1.5.1 (carried),,,
dist/applications/athar-report-cover-a4-light.png,9 applications,report-cover-a4-light,2480 x 3508,122845,84221cca906981c30b7604e0273838eefaa081f49a5365126b471075eeb70f52,resvg-js 2.6.2 (resvg 0.40.0) + sharp 0.34.3/libvips 8.17.1,rendered-assets-v1.5.0/dist/brand/monogram/athar-monogram-light.svg (<- Athar_Package 02 Logo/SVG/Athar_Logo_Monogram.svg) | rendered-assets-v1.5.0/dist/brand/wordmark/athar-wordmark-light.svg (<- Athar_Package 02 Logo/SVG/Athar_Logo_Horizontal.svg wordmark) | IBM Plex Sans / Sans Arabic (outlined),2026-09-30T01:24:06Z,PASS,,navy,ivory,1,png,v1.5.1 (carried),,,
dist/applications/athar-report-cover-a4-light.pdf,9 applications,report-cover-a4-light,2480 x 3508,27459,cecba030b26a95a873da17930344dc5214ae464e92ebd5d91f0cc9b1978bc6b7,PyMuPDF 1.28.2 (MuPDF SVG->PDF),rendered-assets-v1.5.0/dist/brand/monogram/athar-monogram-light.svg (<- Athar_Package 02 Logo/SVG/Athar_Logo_Monogram.svg) | rendered-assets-v1.5.0/dist/brand/wordmark/athar-wordmark-light.svg (<- Athar_Package 02 Logo/SVG/Athar_Logo_Horizontal.svg wordmark) | IBM Plex Sans / Sans Arabic (outlined),2026-09-30T01:24:15Z,PASS,,navy,ivory,1,pdf,v1.5.1 (carried),,,
dist/applications/athar-email-signature@1x.png,9 applications,email-signature,600 x 180,11217,81126fede49b4483d90fb2140ccb6322ce1843daa8244c9dfeca6423a128d1b0,resvg-js 2.6.2 (resvg 0.40.0) + sharp 0.34.3/libvips 8.17.1,rendered-assets-v1.5.0/dist/brand/monogram/athar-monogram-light.svg (<- Athar_Package 02 Logo/SVG/Athar_Logo_Monogram.svg) | rendered-assets-v1.5.0/dist/brand/wordmark/athar-wordmark-light.svg (<- Athar_Package 02 Logo/SVG/Athar_Logo_Horizontal.svg wordmark) | IBM Plex Sans / Sans Arabic (outlined),2026-09-30T01:24:06Z,PASS,,navy,ivory,1,png,v1.5.1 (carried),,,
dist/applications/athar-email-signature@2x.png,9 applications,email-signature,1200 x 360,22854,4ca95103d167b1d7c3b9f94157054f849b8544647d6fd21c60d689675571a312,resvg-js 2.6.2 (resvg 0.40.0) + sharp 0.34.3/libvips 8.17.1,rendered-assets-v1.5.0/dist/brand/monogram/athar-monogram-light.svg (<- Athar_Package 02 Logo/SVG/Athar_Logo_Monogram.svg) | rendered-assets-v1.5.0/dist/brand/wordmark/athar-wordmark-light.svg (<- Athar_Package 02 Logo/SVG/Athar_Logo_Horizontal.svg wordmark) | IBM Plex Sans / Sans Arabic (outlined),2026-09-30T01:24:06Z,PASS,,navy,ivory,2,png,v1.5.1 (carried),,,
dist/applications/athar-email-signature@3x.png,9 applications,email-signature,1800 x 540,36152,e631cb729dd98adfcb01a5b36c528f0c73f8485225c75d1f17db73660932fe46,resvg-js 2.6.2 (resvg 0.40.0) + sharp 0.34.3/libvips 8.17.1,rendered-assets-v1.5.0/dist/brand/monogram/athar-monogram-light.svg (<- Athar_Package 02 Logo/SVG/Athar_Logo_Monogram.svg) | rendered-assets-v1.5.0/dist/brand/wordmark/athar-wordmark-light.svg (<- Athar_Package 02 Logo/SVG/Athar_Logo_Horizontal.svg wordmark) | IBM Plex Sans / Sans Arabic (outlined),2026-09-30T01:24:06Z,PASS,,navy,ivory,3,png,v1.5.1 (carried),,,
dist/applications/athar-event-rollup-850x2000mm-150dpi.png,9 applications,event-rollup-850x2000mm-150dpi,5020 x 11811,629841,82d6a027ecb18fbcddcb9a7cec3b9676e4c8caad19bc812a6200bf152a6be7ef,resvg-js 2.6.2 (resvg 0.40.0) + sharp 0.34.3/libvips 8.17.1,rendered-assets-v1.5.0/dist/brand/monogram/athar-monogram-light.svg (<- Athar_Package 02 Logo/SVG/Athar_Logo_Monogram.svg) | rendered-assets-v1.5.0/dist/brand/wordmark/athar-wordmark-light.svg (<- Athar_Package 02 Logo/SVG/Athar_Logo_Horizontal.svg wordmark) | IBM Plex Sans / Sans Arabic (outlined),2026-09-30T01:24:12Z,PASS,,reversed,deep_ocean,1,png,v1.5.1 (carried),,,
dist/applications/athar-event-rollup-850x2000mm-150dpi.pdf,9 applications,event-rollup-850x2000mm-150dpi,5020 x 11811,36657,50fd20dbdeb665117b5bfaeca0dde3825ad7011b26dce15633468ee715df0388,PyMuPDF 1.28.2 (MuPDF SVG->PDF),rendered-assets-v1.5.0/dist/brand/monogram/athar-monogram-light.svg (<- Athar_Package 02 Logo/SVG/Athar_Logo_Monogram.svg) | rendered-assets-v1.5.0/dist/brand/wordmark/athar-wordmark-light.svg (<- Athar_Package 02 Logo/SVG/Athar_Logo_Horizontal.svg wordmark) | IBM Plex Sans / Sans Arabic (outlined),2026-09-30T01:24:15Z,PASS,,reversed,deep_ocean,1,pdf,v1.5.1 (carried),,,
dist/applications/athar-film-poster-en.png,9 applications,film-poster-en,1080 x 1620,56902,7e129a6887139c57d4a3a05417030a1c9dcbe6b006b0351f474309c78b24772d,resvg-js 2.6.2 (resvg 0.40.0) + sharp 0.34.3/libvips 8.17.1,rendered-assets-v1.5.0/dist/brand/monogram/athar-monogram-light.svg (<- Athar_Package 02 Logo/SVG/Athar_Logo_Monogram.svg) | rendered-assets-v1.5.0/dist/brand/wordmark/athar-wordmark-light.svg (<- Athar_Package 02 Logo/SVG/Athar_Logo_Horizontal.svg wordmark) | IBM Plex Sans / Sans Arabic (outlined),2026-09-30T01:24:12Z,PASS,,ivory-on-emerald,emerald,1,png,v1.5.1 (carried),,,
dist/applications/athar-film-poster-en.webp,9 applications,film-poster-en,1080 x 1620,32188,832f3472ca24d66a2f486aaadbc5453bf350136276685342c94324e5eff23e6a,resvg-js 2.6.2 + sharp 0.34.3 (WebP),rendered-assets-v1.5.0/dist/brand/monogram/athar-monogram-light.svg (<- Athar_Package 02 Logo/SVG/Athar_Logo_Monogram.svg) | rendered-assets-v1.5.0/dist/brand/wordmark/athar-wordmark-light.svg (<- Athar_Package 02 Logo/SVG/Athar_Logo_Horizontal.svg wordmark) | IBM Plex Sans / Sans Arabic (outlined),2026-09-30T01:24:13Z,PASS,,ivory-on-emerald,emerald,1,webp,v1.5.1 (carried),,,
dist/applications/athar-film-poster-ar.png,9 applications,film-poster-ar,1080 x 1620,57546,936786b3637c693f145bb6832f770914087f5b8f87a9fe3ebfb8d367ffb204c5,resvg-js 2.6.2 (resvg 0.40.0) + sharp 0.34.3/libvips 8.17.1,rendered-assets-v1.5.0/dist/brand/monogram/athar-monogram-light.svg (<- Athar_Package 02 Logo/SVG/Athar_Logo_Monogram.svg) | rendered-assets-v1.5.0/dist/brand/wordmark/athar-wordmark-light.svg (<- Athar_Package 02 Logo/SVG/Athar_Logo_Horizontal.svg wordmark) | IBM Plex Sans / Sans Arabic (outlined),2026-09-30T01:24:13Z,PASS,,ivory-on-emerald,emerald,1,png,v1.5.1 (carried),,,
dist/applications/athar-film-poster-ar.webp,9 applications,film-poster-ar,1080 x 1620,29878,b2dd3d3fccf348f1d01a57d2a873e1b0d06429328a8b4543f798e585a276eaa6,resvg-js 2.6.2 + sharp 0.34.3 (WebP),rendered-assets-v1.5.0/dist/brand/monogram/athar-monogram-light.svg (<- Athar_Package 02 Logo/SVG/Athar_Logo_Monogram.svg) | rendered-assets-v1.5.0/dist/brand/wordmark/athar-wordmark-light.svg (<- Athar_Package 02 Logo/SVG/Athar_Logo_Horizontal.svg wordmark) | IBM Plex Sans / Sans Arabic (outlined),2026-09-30T01:24:13Z,PASS,,ivory-on-emerald,emerald,1,webp,v1.5.1 (carried),,,
dist/applications/athar-film-end-card@1x.png,9 applications,film-end-card,1920 x 1080,68921,4906470400be67cd2aaca1469f515449108123abe38058afcbd7e8383a0d873f,resvg-js 2.6.2 (resvg 0.40.0) + sharp 0.34.3/libvips 8.17.1,rendered-assets-v1.5.0/dist/brand/monogram/athar-monogram-light.svg (<- Athar_Package 02 Logo/SVG/Athar_Logo_Monogram.svg) | rendered-assets-v1.5.0/dist/brand/wordmark/athar-wordmark-light.svg (<- Athar_Package 02 Logo/SVG/Athar_Logo_Horizontal.svg wordmark) | src/oda-logo.png,2026-09-30T01:24:13Z,PASS,,reversed,deep_ocean,1,png,v1.5.1 (carried),,,
dist/applications/athar-film-end-card@1x.webp,9 applications,film-end-card,1920 x 1080,40066,4ac655ea10681f395d41adf4c1430d305e8fd59e5729badcc23e7416af2b6f83,resvg-js 2.6.2 + sharp 0.34.3 (WebP),rendered-assets-v1.5.0/dist/brand/monogram/athar-monogram-light.svg (<- Athar_Package 02 Logo/SVG/Athar_Logo_Monogram.svg) | rendered-assets-v1.5.0/dist/brand/wordmark/athar-wordmark-light.svg (<- Athar_Package 02 Logo/SVG/Athar_Logo_Horizontal.svg wordmark) | src/oda-logo.png,2026-09-30T01:24:13Z,PASS,,reversed,deep_ocean,1,webp,v1.5.1 (carried),,,
dist/applications/athar-film-end-card@2x.png,9 applications,film-end-card,3840 x 2160,161535,5921b74a3591232704519b8c09bc735890ed2cd0d14865f3103d718407575b36,resvg-js 2.6.2 (resvg 0.40.0) + sharp 0.34.3/libvips 8.17.1,rendered-assets-v1.5.0/dist/brand/monogram/athar-monogram-light.svg (<- Athar_Package 02 Logo/SVG/Athar_Logo_Monogram.svg) | rendered-assets-v1.5.0/dist/brand/wordmark/athar-wordmark-light.svg (<- Athar_Package 02 Logo/SVG/Athar_Logo_Horizontal.svg wordmark) | src/oda-logo.png,2026-09-30T01:24:14Z,PASS,,reversed,deep_ocean,2,png,v1.5.1 (carried),,,
dist/applications/athar-film-end-card@2x.webp,9 applications,film-end-card,3840 x 2160,91934,15dade560923a06da59b66de59f654db99ba2d5d58d815245e5932c8e727abe5,resvg-js 2.6.2 + sharp 0.34.3 (WebP),rendered-assets-v1.5.0/dist/brand/monogram/athar-monogram-light.svg (<- Athar_Package 02 Logo/SVG/Athar_Logo_Monogram.svg) | rendered-assets-v1.5.0/dist/brand/wordmark/athar-wordmark-light.svg (<- Athar_Package 02 Logo/SVG/Athar_Logo_Horizontal.svg wordmark) | src/oda-logo.png,2026-09-30T01:24:15Z,PASS,,reversed,deep_ocean,2,webp,v1.5.1 (carried),,,
dist/print/athar-print-sheet-a4-300dpi-rgb.png,10 print,a4,2480 x 3508,240337,ebfa95b60c487d5d7540b13c73a3582c85c77607e79bfffcded2222e8a9f7314,resvg-js 2.6.2 (resvg 0.40.0) + sharp 0.34.3/libvips 8.17.1,rendered-assets-v1.5.0/dist/brand/monogram/athar-monogram-light.svg (<- Athar_Package 02 Logo/SVG/Athar_Logo_Monogram.svg) | rendered-assets-v1.5.0/dist/brand/wordmark/athar-wordmark-light.svg (<- Athar_Package 02 Logo/SVG/Athar_Logo_Horizontal.svg wordmark),2026-09-30T01:24:16Z,PASS,,navy,ivory,1,png,v1.5.1 (carried),,,
dist/print/athar-print-sheet-a4-cmyk-pdfx1a.pdf,10 print,a4,2480 x 3508,371140,c8702e98879b064bc1d788ee3ff4e38cd709a8f69c85698bce1f38219af7a15b,PyMuPDF 1.28.2 + Ghostscript 10.05.1 (-dPDFX CMYK),rendered-assets-v1.5.0/dist/brand/monogram/athar-monogram-light.svg (<- Athar_Package 02 Logo/SVG/Athar_Logo_Monogram.svg) | rendered-assets-v1.5.0/dist/brand/wordmark/athar-wordmark-light.svg (<- Athar_Package 02 Logo/SVG/Athar_Logo_Horizontal.svg wordmark),2026-09-30T01:24:19Z,PASS,,navy,ivory,1,pdf,v1.5.1 (carried),,,
dist/print/athar-print-sheet-a3-300dpi-rgb.png,10 print,a3,3508 x 4961,364726,75b3c0580ab38a491aa153615a94e8d4ad200d19a568b74cdb8939996a4f8a30,resvg-js 2.6.2 (resvg 0.40.0) + sharp 0.34.3/libvips 8.17.1,rendered-assets-v1.5.0/dist/brand/monogram/athar-monogram-light.svg (<- Athar_Package 02 Logo/SVG/Athar_Logo_Monogram.svg) | rendered-assets-v1.5.0/dist/brand/wordmark/athar-wordmark-light.svg (<- Athar_Package 02 Logo/SVG/Athar_Logo_Horizontal.svg wordmark),2026-09-30T01:24:18Z,PASS,,navy,ivory,1,png,v1.5.1 (carried),,,
dist/print/athar-print-sheet-a3-cmyk-pdfx1a.pdf,10 print,a3,3508 x 4961,376146,72f160a181bbb2b5fff670bd031c0deea664f90d82770cfec3233f10e4b97cbf,PyMuPDF 1.28.2 + Ghostscript 10.05.1 (-dPDFX CMYK),rendered-assets-v1.5.0/dist/brand/monogram/athar-monogram-light.svg (<- Athar_Package 02 Logo/SVG/Athar_Logo_Monogram.svg) | rendered-assets-v1.5.0/dist/brand/wordmark/athar-wordmark-light.svg (<- Athar_Package 02 Logo/SVG/Athar_Logo_Horizontal.svg wordmark),2026-09-30T01:24:19Z,PASS,,navy,ivory,1,pdf,v1.5.1 (carried),,,
dist/print/athar-print-colour-table.csv,10 print,tokens,0 x 0,1320,f9a4ad96adee266d77a9a5176762332b9f9fc4c9064aa29db7e02691f61a32ea,python csv,Brand Guidelines FINAL v3 Table 3.1,2026-09-30T01:24:19Z,PASS,,n/a,n/a,1,csv,v1.5.1 (carried),,,
dist/assets/impact/v154/t1-lebanon-licences.png,7 v1.5.4 concept renders,t1-lebanon-licences,1200 x 800,1643479,96ea3c886005445fff79c3aa435b19f9c17cc5e275c3cfd744d37e1a7d285b5c,GPT Image 2.5 + OpenCV 5.0 composite + Pillow 12.3 (AVIF/WebP),Athar_Logo_Horizontal_transparent master sha256 862dc135e31fdd62…,2026-10-01T05:50:51Z,PASS,slight DOF softness on keyboards; composited certificate/sign/UI read as authentic,warm cream/navy/gold grade,photo,1,png,v1.5.4,6,T1b6a,9/10/10/9/10/10
dist/assets/impact/v154/t1-lebanon-licences.webp,7 v1.5.4 concept renders,t1-lebanon-licences,1200 x 800,156406,069a7b75d6abbbacb2a44f3dec3a53c90823b17002b4c02fe1e337741c278f76,GPT Image 2.5 + OpenCV 5.0 composite + Pillow 12.3 (AVIF/WebP),Athar_Logo_Horizontal_transparent master sha256 862dc135e31fdd62…,2026-10-01T05:50:51Z,PASS,slight DOF softness on keyboards; composited certificate/sign/UI read as authentic,warm cream/navy/gold grade,photo,1,webp,v1.5.4,6,T1b6a,9/10/10/9/10/10
dist/assets/impact/v154/t1-lebanon-licences.avif,7 v1.5.4 concept renders,t1-lebanon-licences,1200 x 800,92509,ec9b838a535c6c534a4b13e2a48725ea12795243e17b3c63df148a667ad18748,GPT Image 2.5 + OpenCV 5.0 composite + Pillow 12.3 (AVIF/WebP),Athar_Logo_Horizontal_transparent master sha256 862dc135e31fdd62…,2026-10-01T05:50:51Z,PASS,slight DOF softness on keyboards; composited certificate/sign/UI read as authentic,warm cream/navy/gold grade,photo,1,avif,v1.5.4,6,T1b6a,9/10/10/9/10/10
dist/assets/impact/v154/t2-india-ai-pc.png,7 v1.5.4 concept renders,t2-india-ai-pc,1200 x 800,1697209,d72edd98cfb2f5c90600aed5677a32c7ef84866a5edc540346d10a9d3868c891,GPT Image 2.5 + OpenCV 5.0 composite + Pillow 12.3 (AVIF/WebP),Athar_Logo_Horizontal_transparent master sha256 862dc135e31fdd62…,2026-10-01T05:50:51Z,"FAIL — below bar, shipped as best available",AI keyboard/mouse fused; logo crisp; Hindi screen legible,warm cream/navy/gold grade,photo,1,png,v1.5.4,6,T2b6a,7/10/10/9/10/10
dist/assets/impact/v154/t2-india-ai-pc.webp,7 v1.5.4 concept renders,t2-india-ai-pc,1200 x 800,184778,4e7bca70ec287f86789f26db542d07e671fb5548718457e054702d48ffe59ccd,GPT Image 2.5 + OpenCV 5.0 composite + Pillow 12.3 (AVIF/WebP),Athar_Logo_Horizontal_transparent master sha256 862dc135e31fdd62…,2026-10-01T05:50:51Z,"FAIL — below bar, shipped as best available",AI keyboard/mouse fused; logo crisp; Hindi screen legible,warm cream/navy/gold grade,photo,1,webp,v1.5.4,6,T2b6a,7/10/10/9/10/10
dist/assets/impact/v154/t2-india-ai-pc.avif,7 v1.5.4 concept renders,t2-india-ai-pc,1200 x 800,109873,f7c2e2f76c233736a475e6922cf9336cb1e48a993ff4cd6e9ceeb4c9809404d1,GPT Image 2.5 + OpenCV 5.0 composite + Pillow 12.3 (AVIF/WebP),Athar_Logo_Horizontal_transparent master sha256 862dc135e31fdd62…,2026-10-01T05:50:51Z,"FAIL — below bar, shipped as best available",AI keyboard/mouse fused; logo crisp; Hindi screen legible,warm cream/navy/gold grade,photo,1,avif,v1.5.4,6,T2b6a,7/10/10/9/10/10
dist/assets/impact/v154/t3-kenya-node.png,7 v1.5.4 concept renders,t3-kenya-node,1200 x 800,2077139,330cef6bcb8db61ca49b21f5a59120a8e7cc03e143751983f3e835abc152290a,GPT Image 2.5 + OpenCV 5.0 composite + Pillow 12.3 (AVIF/WebP),Athar_Logo_Horizontal_transparent master sha256 862dc135e31fdd62…,2026-10-01T05:50:51Z,"FAIL — below bar, shipped as best available",edit pass (lighting) + exact logo re-stamped; residual hand fusion at lap,warm cream/navy/gold grade,photo,1,png,v1.5.4,5,T3b5aE,8/10/10/9/10/10
dist/assets/impact/v154/t3-kenya-node.webp,7 v1.5.4 concept renders,t3-kenya-node,1200 x 800,348412,a6f874edd5a7a62a928486c28416b5cd392f88ecb871fc6ba3570de56f907b17,GPT Image 2.5 + OpenCV 5.0 composite + Pillow 12.3 (AVIF/WebP),Athar_Logo_Horizontal_transparent master sha256 862dc135e31fdd62…,2026-10-01T05:50:51Z,"FAIL — below bar, shipped as best available",edit pass (lighting) + exact logo re-stamped; residual hand fusion at lap,warm cream/navy/gold grade,photo,1,webp,v1.5.4,5,T3b5aE,8/10/10/9/10/10
dist/assets/impact/v154/t3-kenya-node.avif,7 v1.5.4 concept renders,t3-kenya-node,1200 x 800,187370,6a58938b53ebf75786c9e7a8ebe8a48da742c93a9a43a017947a2f0437ae6902,GPT Image 2.5 + OpenCV 5.0 composite + Pillow 12.3 (AVIF/WebP),Athar_Logo_Horizontal_transparent master sha256 862dc135e31fdd62…,2026-10-01T05:50:51Z,"FAIL — below bar, shipped as best available",edit pass (lighting) + exact logo re-stamped; residual hand fusion at lap,warm cream/navy/gold grade,photo,1,avif,v1.5.4,5,T3b5aE,8/10/10/9/10/10
dist/assets/plates/v154/ownership-p1-training.png,7 v1.5.4 concept renders,ownership-p1-training,900 x 600,964224,204516dcc8443ef136622c5115a10499fe6933df5e64b80b672203b5419f3dd7,GPT Image 2.5 + OpenCV 5.0 composite + Pillow 12.3 (AVIF/WebP),Athar_Logo_Horizontal_transparent master sha256 862dc135e31fdd62…,2026-10-01T05:50:51Z,"FAIL — below bar, shipped as best available",instructor hand merges with rack; certificates exact,warm cream/navy/gold grade,photo,1,png,v1.5.4,5,P1b5E,7/9/10/9/10/10
dist/assets/plates/v154/ownership-p1-training.webp,7 v1.5.4 concept renders,ownership-p1-training,900 x 600,109836,e3719fb923829a7bd32737f9455e4151fef553e9f8cd45882794c776a018d379,GPT Image 2.5 + OpenCV 5.0 composite + Pillow 12.3 (AVIF/WebP),Athar_Logo_Horizontal_transparent master sha256 862dc135e31fdd62…,2026-10-01T05:50:51Z,"FAIL — below bar, shipped as best available",instructor hand merges with rack; certificates exact,warm cream/navy/gold grade,photo,1,webp,v1.5.4,5,P1b5E,7/9/10/9/10/10
dist/assets/plates/v154/ownership-p1-training.avif,7 v1.5.4 concept renders,ownership-p1-training,900 x 600,61032,dab10e4b99926b746eae70d9185a47a000a38626f35df3c1711982a90d521efa,GPT Image 2.5 + OpenCV 5.0 composite + Pillow 12.3 (AVIF/WebP),Athar_Logo_Horizontal_transparent master sha256 862dc135e31fdd62…,2026-10-01T05:50:51Z,"FAIL — below bar, shipped as best available",instructor hand merges with rack; certificates exact,warm cream/navy/gold grade,photo,1,avif,v1.5.4,5,P1b5E,7/9/10/9/10/10
dist/assets/plates/v154/ownership-p2-handover.png,7 v1.5.4 concept renders,ownership-p2-handover,900 x 600,970061,41bc47df4b074c7cebda0297d2f4f7af5c6ad416dfc53f12bf05f8878c767a10,GPT Image 2.5 + OpenCV 5.0 composite + Pillow 12.3 (AVIF/WebP),Athar_Logo_Horizontal_transparent master sha256 862dc135e31fdd62…,2026-10-01T05:50:51Z,"FAIL — below bar, shipped as best available",judge reads hidden hands as an AI evasion; plaque logo exact,warm cream/navy/gold grade,photo,1,png,v1.5.4,5,P2b5aE,7/10/10/9/10/10
dist/assets/plates/v154/ownership-p2-handover.webp,7 v1.5.4 concept renders,ownership-p2-handover,900 x 600,107600,a788024681813839b6e3b6fd51e31d2d3163da67d348549e663ca4b318650c88,GPT Image 2.5 + OpenCV 5.0 composite + Pillow 12.3 (AVIF/WebP),Athar_Logo_Horizontal_transparent master sha256 862dc135e31fdd62…,2026-10-01T05:50:51Z,"FAIL — below bar, shipped as best available",judge reads hidden hands as an AI evasion; plaque logo exact,warm cream/navy/gold grade,photo,1,webp,v1.5.4,5,P2b5aE,7/10/10/9/10/10
dist/assets/plates/v154/ownership-p2-handover.avif,7 v1.5.4 concept renders,ownership-p2-handover,900 x 600,59742,6cf6c318ce50c3667e888aca87b6201acc90914951031b220e77ea338e7457d4,GPT Image 2.5 + OpenCV 5.0 composite + Pillow 12.3 (AVIF/WebP),Athar_Logo_Horizontal_transparent master sha256 862dc135e31fdd62…,2026-10-01T05:50:51Z,"FAIL — below bar, shipped as best available",judge reads hidden hands as an AI evasion; plaque logo exact,warm cream/navy/gold grade,photo,1,avif,v1.5.4,5,P2b5aE,7/10/10/9/10/10
dist/assets/plates/v154/ownership-p3-operations.png,7 v1.5.4 concept renders,ownership-p3-operations,900 x 600,977620,96420c13e411277539ec70a66c43cca4269bb244bf54f5c739cc2a3c08ea5e70,GPT Image 2.5 + OpenCV 5.0 composite + Pillow 12.3 (AVIF/WebP),Athar_Logo_Horizontal_transparent master sha256 862dc135e31fdd62…,2026-10-01T05:50:51Z,"FAIL — below bar, shipped as best available",hands hidden read as evasion; laptop keyboard soft,warm cream/navy/gold grade,photo,1,png,v1.5.4,6,P3b6,8/9/10/9/10/10
dist/assets/plates/v154/ownership-p3-operations.webp,7 v1.5.4 concept renders,ownership-p3-operations,900 x 600,103218,e26eed323759649fcef34523302b9eaa6bd29067d6e0acffe3a417112c1175d4,GPT Image 2.5 + OpenCV 5.0 composite + Pillow 12.3 (AVIF/WebP),Athar_Logo_Horizontal_transparent master sha256 862dc135e31fdd62…,2026-10-01T05:50:51Z,"FAIL — below bar, shipped as best available",hands hidden read as evasion; laptop keyboard soft,warm cream/navy/gold grade,photo,1,webp,v1.5.4,6,P3b6,8/9/10/9/10/10
dist/assets/plates/v154/ownership-p3-operations.avif,7 v1.5.4 concept renders,ownership-p3-operations,900 x 600,55921,0a5df46d657b015a981dd37352702358927336ab65080c645425e7f97da64248,GPT Image 2.5 + OpenCV 5.0 composite + Pillow 12.3 (AVIF/WebP),Athar_Logo_Horizontal_transparent master sha256 862dc135e31fdd62…,2026-10-01T05:50:51Z,"FAIL — below bar, shipped as best available",hands hidden read as evasion; laptop keyboard soft,warm cream/navy/gold grade,photo,1,avif,v1.5.4,6,P3b6,8/9/10/9/10/10
dist/assets/plates/v154/ownership-montage.png,7 v1.5.4 concept renders,"ownership-montage (3 panels, 8 px Manuscript gutters)",1816 x 400,1293783,82ace899ad8249144502cd0416fd2b6f8e5f9ef5eb4fa800d6bade3e81138c86,Pillow 12.3 composition,ownership-p1/p2/p3 (v1.5.4),2026-10-01T05:50:51Z,see panels,,warm cream/navy/gold grade,photo,1,png,v1.5.4,,montage,
dist/assets/plates/v154/ownership-montage.webp,7 v1.5.4 concept renders,"ownership-montage (3 panels, 8 px Manuscript gutters)",1816 x 400,138774,01c8f81e6536b033f48ce66d50a2da21e8fa4d435336ac70d39116147f4dfbd4,Pillow 12.3 composition,ownership-p1/p2/p3 (v1.5.4),2026-10-01T05:50:51Z,see panels,,warm cream/navy/gold grade,photo,1,webp,v1.5.4,,montage,
dist/assets/plates/v154/ownership-montage.avif,7 v1.5.4 concept renders,"ownership-montage (3 panels, 8 px Manuscript gutters)",1816 x 400,79024,f896c7a9ecd17cde27b9f1f9418108466a2913fb5e896b809ba09ef67d1d5375,Pillow 12.3 composition,ownership-p1/p2/p3 (v1.5.4),2026-10-01T05:50:51Z,see panels,,warm cream/navy/gold grade,photo,1,avif,v1.5.4,,montage,
(not shipped) GPT Image 2.5 raw T1,7 v1.5.4 generation candidates,T1,1536 x 1024,1998932,74841c6f7a0cc2108ac9ebd93983570fa9018beadec41852c0ac713e05850e80,GPT Image 2.5 (OnDemand plugin agent-1789134730),https://airevdev.blob.core.windows.net/on-demand-dev/6692b763e851d28a036ab30e/agents/x1WRToXtRm.png,2026-10-01T05:50:51Z,REJECTED / superseded,,,,1,png,v1.5.4,1,T1,
(not shipped) GPT Image 2.5 raw T2,7 v1.5.4 generation candidates,T2,1536 x 1024,2327028,a74c77395a4cd6dec62bfead95b4ffdd8c9121d23eb7d41ec87bebe5b04553bb,GPT Image 2.5 (OnDemand plugin agent-1789134730),https://airevdev.blob.core.windows.net/on-demand-dev/6692b763e851d28a036ab30e/agents/o4hNWU1zzj.png,2026-10-01T05:50:51Z,REJECTED / superseded,,,,1,png,v1.5.4,1,T2,
(not shipped) GPT Image 2.5 raw T3,7 v1.5.4 generation candidates,T3,1536 x 1024,2961012,098331afc3f5ab98527beac4943e383801b049b0f61372a6e1b9ac19cee918b2,GPT Image 2.5 (OnDemand plugin agent-1789134730),https://airevdev.blob.core.windows.net/on-demand-dev/6692b763e851d28a036ab30e/agents/prTQTjnZUg.png,2026-10-01T05:50:51Z,REJECTED / superseded,,,,1,png,v1.5.4,1,T3,
(not shipped) GPT Image 2.5 raw P1,7 v1.5.4 generation candidates,P1,1536 x 1024,2583778,da3205f6ceb60d59ed282f9b4c5ba06624633f196443b308e454a95be0dc1686,GPT Image 2.5 (OnDemand plugin agent-1789134730),https://airevdev.blob.core.windows.net/on-demand-dev/6692b763e851d28a036ab30e/agents/v5KqR0ZkHy.png,2026-10-01T05:50:51Z,REJECTED / superseded,,,,1,png,v1.5.4,1,P1,
(not shipped) GPT Image 2.5 raw P2,7 v1.5.4 generation candidates,P2,1536 x 1024,2417675,fe721dbc248cfe9e58f4b2954abcaf2dd2fc9a2eb5aaa098bcf580d23cf433a0,GPT Image 2.5 (OnDemand plugin agent-1789134730),https://airevdev.blob.core.windows.net/on-demand-dev/6692b763e851d28a036ab30e/agents/xRTYylKF4A.png,2026-10-01T05:50:51Z,REJECTED / superseded,,,,1,png,v1.5.4,1,P2,
(not shipped) GPT Image 2.5 raw P3,7 v1.5.4 generation candidates,P3,1536 x 1024,2179588,cb548a7b7e60789cd7eb7375bcdfe4536b6cca2cdc62ace5705e2e33b301d701,GPT Image 2.5 (OnDemand plugin agent-1789134730),https://airevdev.blob.core.windows.net/on-demand-dev/6692b763e851d28a036ab30e/agents/Kohsjw3Q6R.png,2026-10-01T05:50:51Z,REJECTED / superseded,,,,1,png,v1.5.4,2,P3,
(not shipped) GPT Image 2.5 raw T2r,7 v1.5.4 generation candidates,T2r,1536 x 1024,2393792,282bf8fee5c0bc6c4a11dbcd7bb07ffd75ec59dfada3ab54b497f1427add8915,GPT Image 2.5 (OnDemand plugin agent-1789134730),https://airevdev.blob.core.windows.net/on-demand-dev/6692b763e851d28a036ab30e/agents/fa4AsbtXMJ.png,2026-10-01T05:50:51Z,REJECTED / superseded,,,,1,png,v1.5.4,2,T2r,
(not shipped) GPT Image 2.5 raw T3r,7 v1.5.4 generation candidates,T3r,1536 x 1024,3281893,aa41478294c1b6fc2fddc84f6a0db783393ad64487b46edd8b215db0552fa733,GPT Image 2.5 (OnDemand plugin agent-1789134730),https://airevdev.blob.core.windows.net/on-demand-dev/6692b763e851d28a036ab30e/agents/NimiQRHeiO.png,2026-10-01T05:50:51Z,REJECTED / superseded,,,,1,png,v1.5.4,2,T3r,
(not shipped) GPT Image 2.5 raw P1r,7 v1.5.4 generation candidates,P1r,1536 x 1024,2095765,a0b08415ddc4ba614f65c9c80e623300308dc93ffa5bbbbac379a109bb364223,GPT Image 2.5 (OnDemand plugin agent-1789134730),https://airevdev.blob.core.windows.net/on-demand-dev/6692b763e851d28a036ab30e/agents/vFH83ljZ85.png,2026-10-01T05:50:51Z,REJECTED / superseded,,,,1,png,v1.5.4,2,P1r,
(not shipped) GPT Image 2.5 raw P2r,7 v1.5.4 generation candidates,P2r,1536 x 1024,2338840,a5e39b42527447908e702aee2c0a5019bd2648f3b8297364f74a55470f5381f0,GPT Image 2.5 (OnDemand plugin agent-1789134730),https://airevdev.blob.core.windows.net/on-demand-dev/6692b763e851d28a036ab30e/agents/uH3bqSiQqb.png,2026-10-01T05:50:51Z,REJECTED / superseded,,,,1,png,v1.5.4,2,P2r,
(not shipped) GPT Image 2.5 raw T2b3,7 v1.5.4 generation candidates,T2b3,1536 x 1024,2280966,34a1d541e00443f6dbed3f67958136e6b7b8a4ee93e99d03bbc6ac3b15989069,GPT Image 2.5 (OnDemand plugin agent-1789134730),https://airevdev.blob.core.windows.net/on-demand-dev/6692b763e851d28a036ab30e/agents/3K2xEswJzE.png,2026-10-01T05:50:51Z,REJECTED / superseded,bezel badge too small to read; teacher's finger merges with screen,,,1,png,v1.5.4,3,T2b3,
(not shipped) GPT Image 2.5 raw T3b3,7 v1.5.4 generation candidates,T3b3,1536 x 1024,2705791,6a76c9b711f85a322f19f2ca5fe05f690d2fd7d365510cd31485b4a0f3754073,GPT Image 2.5 (OnDemand plugin agent-1789134730),https://airevdev.blob.core.windows.net/on-demand-dev/6692b763e851d28a036ab30e/agents/ucznqjQ1T2.png,2026-10-01T05:50:51Z,REJECTED / superseded,,,,1,png,v1.5.4,3,T3b3,
(not shipped) GPT Image 2.5 raw P1b3,7 v1.5.4 generation candidates,P1b3,1536 x 1024,2786544,429de92c88f982a3a6574b573bf91c537d92e2746ad55923b6c59ee5cb2ad0af,GPT Image 2.5 (OnDemand plugin agent-1789134730),https://airevdev.blob.core.windows.net/on-demand-dev/6692b763e851d28a036ab30e/agents/xuaueOhFSF.png,2026-10-01T05:50:51Z,REJECTED / superseded,,,,1,png,v1.5.4,3,P1b3,
(not shipped) GPT Image 2.5 raw P2b3,7 v1.5.4 generation candidates,P2b3,1536 x 1024,2453930,2ea9cb828d22446af04e475effb2ca358cc0391a1d966f316f8cffef01ae1f64,GPT Image 2.5 (OnDemand plugin agent-1789134730),https://airevdev.blob.core.windows.net/on-demand-dev/6692b763e851d28a036ab30e/agents/UAyNbyFoF3.png,2026-10-01T05:50:51Z,REJECTED / superseded,,,,1,png,v1.5.4,3,P2b3,
(not shipped) GPT Image 2.5 raw P3b3,7 v1.5.4 generation candidates,P3b3,1536 x 1024,2501179,acfbc3b2d9cfc657a2e5d6a282deca6d71ef7beba193129ee999e2171b7604e4,GPT Image 2.5 (OnDemand plugin agent-1789134730),https://airevdev.blob.core.windows.net/on-demand-dev/6692b763e851d28a036ab30e/agents/4jYo4uZsAt.png,2026-10-01T05:50:51Z,REJECTED / superseded,,,,1,png,v1.5.4,3,P3b3,
(not shipped) GPT Image 2.5 raw T3b4a,7 v1.5.4 generation candidates,T3b4a,1536 x 1024,3249903,d067734564741ef2fa71679216a01c3c74772d294c2dd89943ee52b89555a4e9,GPT Image 2.5 (OnDemand plugin agent-1789134730),https://airevdev.blob.core.windows.net/on-demand-dev/6692b763e851d28a036ab30e/agents/M5FeW2CTyk.png,2026-10-01T05:50:51Z,REJECTED / superseded,,,,1,png,v1.5.4,4,T3b4a,
(not shipped) GPT Image 2.5 raw T3b4b,7 v1.5.4 generation candidates,T3b4b,1536 x 1024,2536553,2e9f630b148d75ae4809264d9a30b7799a9e9db3b57ec7e478f493a9a9486add,GPT Image 2.5 (OnDemand plugin agent-1789134730),https://airevdev.blob.core.windows.net/on-demand-dev/6692b763e851d28a036ab30e/agents/1yKIu52LqH.png,2026-10-01T05:50:51Z,REJECTED / superseded,,,,1,png,v1.5.4,4,T3b4b,
(not shipped) GPT Image 2.5 raw P1b4,7 v1.5.4 generation candidates,P1b4,1536 x 1024,2697692,10ca31ff5908abc93797f4dff90e68f07bb67352cbc70d3af1059d99bd2372ad,GPT Image 2.5 (OnDemand plugin agent-1789134730),https://airevdev.blob.core.windows.net/on-demand-dev/6692b763e851d28a036ab30e/agents/4HcunEcH7w.png,2026-10-01T05:50:51Z,REJECTED / superseded,,,,1,png,v1.5.4,4,P1b4,
(not shipped) GPT Image 2.5 raw P2b4a,7 v1.5.4 generation candidates,P2b4a,1536 x 1024,2589918,e110f185f4e2aa028a05ca4b28f01823f3a161b15581bbeffa73470ee4c677b6,GPT Image 2.5 (OnDemand plugin agent-1789134730),https://airevdev.blob.core.windows.net/on-demand-dev/6692b763e851d28a036ab30e/agents/1Q6BeKKsRS.png,2026-10-01T05:50:51Z,REJECTED / superseded,,,,1,png,v1.5.4,4,P2b4a,
(not shipped) GPT Image 2.5 raw P2b4b,7 v1.5.4 generation candidates,P2b4b,1536 x 1024,2990550,783f0e4d908a7a0f4f8ad6aa66235e376091126c8b7fef6462b2be6fe2cd9f8c,GPT Image 2.5 (OnDemand plugin agent-1789134730),https://airevdev.blob.core.windows.net/on-demand-dev/6692b763e851d28a036ab30e/agents/tnTDk2ujRs.png,2026-10-01T05:50:51Z,REJECTED / superseded,,,,1,png,v1.5.4,4,P2b4b,
(not shipped) GPT Image 2.5 raw T3b5a,7 v1.5.4 generation candidates,T3b5a,1536 x 1024,3274322,2033255cb8b7b3ef1354ed7d4354135117bfcf6a5c052503920bd646607793d4,GPT Image 2.5 (OnDemand plugin agent-1789134730),https://airevdev.blob.core.windows.net/on-demand-dev/6692b763e851d28a036ab30e/agents/XceEQ8rUFa.png,2026-10-01T05:50:51Z,SELECTED (see composite),hand/crate contact shadow,,,1,png,v1.5.4,5,T3b5a,
(not shipped) GPT Image 2.5 raw T3b5b,7 v1.5.4 generation candidates,T3b5b,1536 x 1024,2939758,fa0020e427b79ed0a93004ec46210d8e8e48aa2ac4de4a97f045d7db096c3b88,GPT Image 2.5 (OnDemand plugin agent-1789134730),https://airevdev.blob.core.windows.net/on-demand-dev/6692b763e851d28a036ab30e/agents/GcVzYjEgAK.png,2026-10-01T05:50:51Z,REJECTED / superseded,hand at ear ambiguous,,,1,png,v1.5.4,5,T3b5b,
(not shipped) GPT Image 2.5 raw P1b5,7 v1.5.4 generation candidates,P1b5,1536 x 1024,2338814,454f50696dab520031decdc8324688931475df4328014d38e22edd4098c105d5,GPT Image 2.5 (OnDemand plugin agent-1789134730),https://airevdev.blob.core.windows.net/on-demand-dev/6692b763e851d28a036ab30e/agents/wFmbiTdT3O.png,2026-10-01T05:50:51Z,SELECTED (see composite),,,,1,png,v1.5.4,5,P1b5,
(not shipped) GPT Image 2.5 raw P2b5a,7 v1.5.4 generation candidates,P2b5a,1536 x 1024,2285690,f8196909bb66c67e9dc8bf0575b4506bfb3b10625712dec67370d1e4a36fc27f,GPT Image 2.5 (OnDemand plugin agent-1789134730),https://airevdev.blob.core.windows.net/on-demand-dev/6692b763e851d28a036ab30e/agents/Rz0AMYNw6s.png,2026-10-01T05:50:51Z,SELECTED (see composite),,,,1,png,v1.5.4,5,P2b5a,
(not shipped) GPT Image 2.5 raw P2b5b,7 v1.5.4 generation candidates,P2b5b,1536 x 1024,2283450,b0d7966dfbc8713ffb696484aae4ee96b6c4b3685767bdc7f6d7de38f01ab5a2,GPT Image 2.5 (OnDemand plugin agent-1789134730),https://airevdev.blob.core.windows.net/on-demand-dev/6692b763e851d28a036ab30e/agents/7d83AnNPDm.png,2026-10-01T05:50:51Z,REJECTED / superseded,,,,1,png,v1.5.4,5,P2b5b,
(not shipped) GPT Image 2.5 raw T1b6a,7 v1.5.4 generation candidates,T1b6a,1536 x 1024,2139140,70a592cc281533e04ef7b61b8c58c47b1893b4ac688325dc5a397b67c3620211,GPT Image 2.5 (OnDemand plugin agent-1789134730),https://airevdev.blob.core.windows.net/on-demand-dev/6692b763e851d28a036ab30e/agents/L8HeSZ1b3K.png,2026-10-01T05:50:51Z,SELECTED (see composite),slight DOF softness on keyboards; composited certificate/sign/UI read as authentic,,,1,png,v1.5.4,6,T1b6a,
(not shipped) GPT Image 2.5 raw T2b6a,7 v1.5.4 generation candidates,T2b6a,1536 x 1024,2222803,289994d586bbe576ec88baa037691ba70dd7985d62cf11bf36379566a999f21f,GPT Image 2.5 (OnDemand plugin agent-1789134730),https://airevdev.blob.core.windows.net/on-demand-dev/6692b763e851d28a036ab30e/agents/xA9IxYEWOx.png,2026-10-01T05:50:51Z,SELECTED (see composite),AI keyboard/mouse fused; logo crisp; Hindi screen legible,,,1,png,v1.5.4,6,T2b6a,
(not shipped) GPT Image 2.5 raw T1b6b,7 v1.5.4 generation candidates,T1b6b,1536 x 1024,2037828,aabad17861f82eb0e4d250c96629096e2d1e85c2071e5e496c33a10a723a7d0f,GPT Image 2.5 (OnDemand plugin agent-1789134730),https://airevdev.blob.core.windows.net/on-demand-dev/6692b763e851d28a036ab30e/agents/oh4GI0OGJb.png,2026-10-01T05:50:51Z,REJECTED / superseded,,,,1,png,v1.5.4,6,T1b6b,
(not shipped) GPT Image 2.5 raw T2b6b,7 v1.5.4 generation candidates,T2b6b,1536 x 1024,2262555,3338f0ed71a3ee4ccc3dd60070ece0d01034fefaf30e76b6f0179cc6a746ef1d,GPT Image 2.5 (OnDemand plugin agent-1789134730),https://airevdev.blob.core.windows.net/on-demand-dev/6692b763e851d28a036ab30e/agents/J3jcPeksDT.png,2026-10-01T05:50:51Z,REJECTED / superseded,hands + garbled blackboard text,,,1,png,v1.5.4,6,T2b6b,
(not shipped) GPT Image 2.5 raw P3b6,7 v1.5.4 generation candidates,P3b6,1536 x 1024,2324001,93980b91b715109fe1e355b570b0eb5a73a8f53bb456266b7d053ffac569ff4f,GPT Image 2.5 (OnDemand plugin agent-1789134730),https://airevdev.blob.core.windows.net/on-demand-dev/6692b763e851d28a036ab30e/agents/5xszzm9ZCT.png,2026-10-01T05:50:51Z,SELECTED (see composite),hands hidden read as evasion; laptop keyboard soft,,,1,png,v1.5.4,6,P3b6,
(not shipped) GPT Image 2.5 raw T2b7a,7 v1.5.4 generation candidates,T2b7a,1536 x 1024,2462223,5867a7b997f4ec1e84cace5dee12826cf1c61aba85dbdf1bb67c71130c46b9ad,GPT Image 2.5 (OnDemand plugin agent-1789134730),https://airevdev.blob.core.windows.net/on-demand-dev/6692b763e851d28a036ab30e/agents/TNlQmkYJHr.png,2026-10-01T05:50:51Z,REJECTED / superseded,,,,1,png,v1.5.4,7,T2b7a,
(not shipped) GPT Image 2.5 raw T2b7b,7 v1.5.4 generation candidates,T2b7b,1536 x 1024,1875282,0499f71172a1b4b40c399d4c03bfa80bcecc6bb2daf9d134d9404fe334851262,GPT Image 2.5 (OnDemand plugin agent-1789134730),https://airevdev.blob.core.windows.net/on-demand-dev/6692b763e851d28a036ab30e/agents/s2YSnavc7L.png,2026-10-01T05:50:51Z,REJECTED / superseded,,,,1,png,v1.5.4,7,T2b7b,
(not shipped) GPT Image 2.5 raw T3b7,7 v1.5.4 generation candidates,T3b7,1536 x 1024,3368035,b163beb3c88a666e34a96d8dd91274ace3cc5ae6fb18932c2aefceb5250e5c59,GPT Image 2.5 (OnDemand plugin agent-1789134730),https://airevdev.blob.core.windows.net/on-demand-dev/6692b763e851d28a036ab30e/agents/VSCTIq6Lmq.png,2026-10-01T05:50:51Z,REJECTED / superseded,,,,1,png,v1.5.4,7,T3b7,
(not shipped) GPT Image 2.5 raw P1b7,7 v1.5.4 generation candidates,P1b7,1536 x 1024,2495747,8b89b2543786170e1d5ab09eec968da7f1114c0bd167725c846596ff8cf1fc33,GPT Image 2.5 (OnDemand plugin agent-1789134730),https://airevdev.blob.core.windows.net/on-demand-dev/6692b763e851d28a036ab30e/agents/TJg0ukeDfP.png,2026-10-01T05:50:51Z,REJECTED / superseded,,,,1,png,v1.5.4,7,P1b7,
(not shipped) GPT Image 2.5 raw P3b7,7 v1.5.4 generation candidates,P3b7,1536 x 1024,2256159,c176c0748c8680edc7a29219fcf63a722168a64129a9dd04e1b871572ee3c5fc,GPT Image 2.5 (OnDemand plugin agent-1789134730),https://airevdev.blob.core.windows.net/on-demand-dev/6692b763e851d28a036ab30e/agents/7yFhpJ9R4N.png,2026-10-01T05:50:51Z,REJECTED / superseded,,,,1,png,v1.5.4,7,P3b7,
dist/assets/news/marks/publisher-pib-official.png,8 source marks,PIB official logo,400 x 400,221527,8715cdb1ee64ec4420275aae019aee94e8a8206271c7970a3f97fd6d18f82660,Pillow 12.3 lossless JPEG→PNG,"commons.wikimedia.org File:Press_Information_Bureau,_Government_of_India.jpg (credit pib.gov.in, GODL-India)",2026-10-01T05:50:51Z,PASS,,official colours,white,1,png,v1.5.4,,pib,
